DTXSID,PREFERRED NAME,CASRN,MOLECULAR FORMULA,MONOISOTOPIC MASS,TOXCAST ACTIVE,TOXCAST TOTAL,% TOXCAST ACTIVE,HIT CALL,CONTINUOUS HIT CALL,TOP,SCALED TOP,AC50,LOGAC50
https://comptox.epa.gov/dashboard/chemical/details/DTXSID8027086,Methyl 12-hydroxyoctadecanoate,141-23-1,C19H38O3,314.282095,17,435,4,Inactive,-1.9920716504856832e-7,-0.02523589978010403,0.029437216214882364,100,2
https://comptox.epa.gov/dashboard/chemical/details/DTXSID8044595,"1-(4-Chlorophenyl)-4,4-dimethylpent-1-en-3-one",1577-03-3,C13H15ClO,222.081143,51,326,16,Inactive,7.017963845822814e-10,0.0813674300088834,0.09491362110691243,100,2
https://comptox.epa.gov/dashboard/chemical/details/DTXSID5044526,N-(4-Ethoxyphenyl)-3-oxobutanamide,122-82-7,C12H15NO3,221.105193,11,332,3,Inactive,0,0.08507049973809516,0.09923318431755469,0.08230000433697357,-1.084600141901659
https://comptox.epa.gov/dashboard/chemical/details/DTXSID8023214,Levothyroxine,51-48-9,C15H11I4NO4,776.686690,35,349,10,Inactive,-0.00028529713558748726,-0.37591283283056764,0.43849545426974007,69,1.8388490907372552
https://comptox.epa.gov/dashboard/chemical/details/DTXSID5044318,Chloramine T hydrate (1:x),149358-73-6,, ,3,326,1,Inactive,0,0.15400809934081136,0.17964763525938593,1.0220039176828526,0.009452560597895152
https://comptox.epa.gov/dashboard/chemical/details/DTXSID10872735,EPAMED_Water_Set3-30,NOCAS_872735,, ,0,82,0,Inactive,-5.3221638823843444e-8,-0.2596264897435736,0.3028495587749164,1.0002614697515229,0.00011354002727640771
https://comptox.epa.gov/dashboard/chemical/details/DTXSID00872749,EPAMED_Water_Set3-44,NOCAS_872749,, ,3,82,4,Inactive,4.072678949090253e-11,0.028092585547836918,0.03276948799181457,5,0.6989700043360189
https://comptox.epa.gov/dashboard/chemical/details/DTXSID50903890,EPAMED_Water_Set5-31,NOCAS_903890,, ,0,82,0,Inactive,0
https://comptox.epa.gov/dashboard/chemical/details/DTXSID30903893,EPAMED_Water_Set5-34,NOCAS_903893,, ,0,82,0,Inactive,0
https://comptox.epa.gov/dashboard/chemical/details/DTXSID50903895,EPAMED_Water_Set5-36,NOCAS_903895,, ,0,82,0,Inactive,0
https://comptox.epa.gov/dashboard/chemical/details/DTXSID8022082,2-Hydroxyacetanilide,614-80-2,C8H9NO2,151.063329,6,435,1,Inactive,3.630907370304834e-8,0.20637243230772614,0.24072967334508358,100,2
https://comptox.epa.gov/dashboard/chemical/details/DTXSID2027884,(2Z)-2-Pentenenitrile,25899-50-7,C5H7N,81.057849,2,334,1,Inactive,-2.6054873709762943e-9,-0.062315324623623075,0.07268968812011242,99.5,1.9978230807457253
https://comptox.epa.gov/dashboard/chemical/details/DTXSID8022246,"1,4-Piperazinedipropanamine",7209-38-3,C10H24N4,200.200097,5,326,2,Inactive,0,0.07226933690825256,0.0843008616618321,0.23760075090503752,-0.6241521911597039
https://comptox.epa.gov/dashboard/chemical/details/DTXSID6029331,2-Pentyl-2-cyclopenten-1-one,25564-22-1,C10H16O,152.120115,17,440,4,Inactive,-1.5820734254080643e-18,-0.12028650176139417,0.14031200753434725,0.08230000180243668,-1.0846001552763291
https://comptox.epa.gov/dashboard/chemical/details/DTXSID8029369,Vinyl neodecanoate,51000-52-3,, ,92,437,21,Inactive,0,0.10514209820860942,0.12264633736948818,0.08230000072038357,-1.084600160986289
https://comptox.epa.gov/dashboard/chemical/details/DTXSID2024662,Brucine,357-57-3,C23H26N2O4,394.189257,19,340,6,Inactive,0,0.1188067967826095,0.13858595870017557,0.08230000839245272,-1.0846001205010265
https://comptox.epa.gov/dashboard/chemical/details/DTXSID3047508,Salicylic acid p-tolyl ester,607-88-5,C14H12O3,228.078644,11,328,3,Inactive,0,-0.24531064477718065,0.2861503870692699,3.6572398934681054,0.5631534484409773
https://comptox.epa.gov/dashboard/chemical/details/DTXSID5022857,Cortisone,53-06-5,C21H28O5,360.193674,30,341,9,Inactive,7.732596124683325e-7,0.030062541830228832,0.035067406018274475,100,2
https://comptox.epa.gov/dashboard/chemical/details/DTXSID0040701,Triethyl citrate,77-93-0,C12H20O7,276.120903,7,585,1,Inactive,0,-0.1446569421089421,0.1687396811268798,26.259081831389246,1.4192795365846707
https://comptox.epa.gov/dashboard/chemical/details/DTXSID40872708,EPAMED_Water_Set3-3,NOCAS_872708,, ,3,82,4,Inactive,-4.693061483935439e-10,-0.2963848672630088,0.34572753483983104,0.004120000003411764,-2.385102783607227
https://comptox.epa.gov/dashboard/chemical/details/DTXSID40872748,EPAMED_Water_Set3-43,NOCAS_872748,, ,3,82,4,Inactive,-0.000023677149926305776,-0.11330051531884996,0.13216298193290849,5,0.6989700043360189
https://comptox.epa.gov/dashboard/chemical/details/DTXSID10872750,EPAMED_Water_Set3-45,NOCAS_872750,, ,4,82,5,Inactive,0,0.07542950983552847,0.08798714566784091,0.004120000242948729,-2.385102758357329
https://comptox.epa.gov/dashboard/chemical/details/DTXSID70903852,EPAMED_Water_Set4-28,NOCAS_903852,, ,0,81,0,Inactive,3.5980176523598865e-7,0.19124710374998305,0.22308625381357747,5,0.6989700043360189
https://comptox.epa.gov/dashboard/chemical/details/DTXSID40903889,EPAMED_Water_Set5-30,NOCAS_903889,, ,0,82,0,Inactive,0
https://comptox.epa.gov/dashboard/chemical/details/DTXSID70903892,EPAMED_Water_Set5-33,NOCAS_903892,, ,0,82,0,Inactive,0
https://comptox.epa.gov/dashboard/chemical/details/DTXSID6022341,Prometon,1610-18-0,C10H19N5O,225.158960,39,674,6,Inactive,0.00005754732255061024,0.030262984358957412,0.03530121856739123,50,1.6989700043360187
https://comptox.epa.gov/dashboard/chemical/details/DTXSID4022602,Ampicillin,69-53-4,C16H19N3O4S,349.109627,10,387,3,Inactive,-0.0000032733956658882315,-0.0808523405736184,0.09431277868765968,100,2
https://comptox.epa.gov/dashboard/chemical/details/DTXSID2041672,Diethyl dithiobis(thionoformate),502-55-6,C6H10O2S4,241.956364,6,326,2,Inactive,0,-0.49313070343627435,0.5752279596028259,25.32952866120197,1.403627108395221
https://comptox.epa.gov/dashboard/chemical/details/DTXSID2021995,DEET,134-62-3,C12H17NO,191.131014,27,709,4,Inactive,4.107980919906402e-19,0.15256763404496992,0.1779673587987404,0.08230000037373227,-1.0846001628155568
https://comptox.epa.gov/dashboard/chemical/details/DTXSID60872720,EPAMED_Water_Set3-15,NOCAS_872720,, ,1,82,1,Inactive,1.955638168857009e-8,0.08821019404698074,0.10289558038920843,5,0.6989700043360189
https://comptox.epa.gov/dashboard/chemical/details/DTXSID80872747,EPAMED_Water_Set3-42,NOCAS_872747,, ,2,82,2,Inactive,-0.000008712182523716643,-0.11820666599460315,0.13788591709604467,5,0.6989700043360189
https://comptox.epa.gov/dashboard/chemical/details/DTXSID90903839,EPAMED_Water_Set4-15,NOCAS_903839,, ,2,81,2,Inactive,4.152479281386798e-7,0.11753312890484598,0.13710024838152723,5,0.6989700043360189
https://comptox.epa.gov/dashboard/chemical/details/DTXSID30903853,EPAMED_Water_Set4-29,NOCAS_903853,, ,0,81,0,Inactive,3.468879982108032e-9,0.11126195602655667,0.12978503974828282,5,0.6989700043360189
https://comptox.epa.gov/dashboard/chemical/details/DTXSID10903891,EPAMED_Water_Set5-32,NOCAS_903891,, ,0,82,0,Inactive,0
https://comptox.epa.gov/dashboard/chemical/details/DTXSID90903894,EPAMED_Water_Set5-35,NOCAS_903894,, ,0,82,0,Inactive,0
https://comptox.epa.gov/dashboard/chemical/details/DTXSID10903896,EPAMED_Water_Set5-37,NOCAS_903896,, ,0,82,0,Inactive,0
https://comptox.epa.gov/dashboard/chemical/details/DTXSID40903864,EPAMED_Water_Set5-5,NOCAS_903864,, ,0,82,0,Inactive,0
https://comptox.epa.gov/dashboard/chemical/details/DTXSID60903866,EPAMED_Water_Set5-7,NOCAS_903866,, ,0,82,0,Inactive,0
https://comptox.epa.gov/dashboard/chemical/details/DTXSID9026712,"1,4-Cyclohexanedimethanol",105-08-8,C8H16O2,144.115030,1,326,0,Inactive,4.2053822000052144e-7,0.1697031945811267,0.19795567722056817,100.5,2.002166061756508
https://comptox.epa.gov/dashboard/chemical/details/DTXSID5047297,CP-085958,134002-60-1,C25H20FNO5S,465.104622,81,600,14,Inactive,0.011873675746274962,0.7520102667109472,0.8772062422927506,100,2
https://comptox.epa.gov/dashboard/chemical/details/DTXSID8032673,Pyrithiobac sodium,123343-16-8,C13H10ClN2NaO4S,347.994750,7,657,1,Inactive,1.154989642124264e-10,0.21660142687218392,0.252661608694272,0.35035058468784297,-0.45549715339092245
https://comptox.epa.gov/dashboard/chemical/details/DTXSID6021248,Rotenone,83-79-4,C23H22O6,394.141638,336,788,43,Inactive,-0.000004819687885143622,-0.06659182702648507,0.07767815007207195,1.21,0.08278537031645007
https://comptox.epa.gov/dashboard/chemical/details/DTXSID5032577,Tefluthrin,79538-32-2,C17H14ClF7O2,418.057054,91,702,13,Inactive,3.9942506930517015e-11,0.1953235968880896,0.22784140861093227,0.012900000002568492,-1.8894102896142795
https://comptox.epa.gov/dashboard/chemical/details/DTXSID80903863,EPAMED_Water_Set5-4,NOCAS_903863,, ,0,82,0,Inactive,0
https://comptox.epa.gov/dashboard/chemical/details/DTXSID00903865,EPAMED_Water_Set5-6,NOCAS_903865,, ,0,82,0,Inactive,0
https://comptox.epa.gov/dashboard/chemical/details/DTXSID20903867,EPAMED_Water_Set5-8,NOCAS_903867,, ,0,82,0,Inactive,0
https://comptox.epa.gov/dashboard/chemical/details/DTXSID80903868,EPAMED_Water_Set5-9,NOCAS_903868,, ,0,82,0,Inactive,0
https://comptox.epa.gov/dashboard/chemical/details/DTXSID4072990,4-Methoxymethylcyclohexanemethanol,98955-27-2,C9H18O2,158.130680,1,82,1,Inactive,0,0.07618703194806639,0.088870781377629,0.08440000124485753,-1.07365754696872
https://comptox.epa.gov/dashboard/chemical/details/DTXSID1047283,CP-728663,368832-42-2,C26H33N3O2,419.257277,148,647,23,Inactive,-3.400075992105414e-13,-0.19372469896941497,0.22597632338917772,0.009000000085881822,-2.045757486416453
https://comptox.epa.gov/dashboard/chemical/details/DTXSID2047355,Trelanserin,189003-92-7,C24H24FN5O2S,465.163474,127,637,20,Inactive,0,0.19013674716338316,0.2217910431335474,0.004923621118119465,-2.3077153742299417
https://comptox.epa.gov/dashboard/chemical/details/DTXSID6034392,Boscalid,188425-85-6,C18H12Cl2N2O,342.032668,63,739,9,Inactive,3.7578247502129014e-16,0.14105887605307788,0.1645426027835346,0.7166077510711344,-0.14471849866890737
https://comptox.epa.gov/dashboard/chemical/details/DTXSID8023892,Abamectin,71751-41-2,, ,435,803,54,Inactive,0.00025581236029615463,0.034495865269790205,0.04023879684554999,1.75,0.24303804868629442
https://comptox.epa.gov/dashboard/chemical/details/DTXSID6032352,Chlorpyrifos-methyl,5598-13-0,C7H7Cl3NO3PS,320.894984,119,822,14,Inactive,-0.000268376963653323,-0.164943028957825,0.1924030309550184,50,1.6989700043360187
https://comptox.epa.gov/dashboard/chemical/details/DTXSID5024211,Napropamide,15299-99-7,C17H21NO2,271.157229,161,768,21,Inactive,-7.77137317356861e-15,-0.2012557319701231,0.2347611358466294,1.298753780801524,0.11352682484153723
https://comptox.epa.gov/dashboard/chemical/details/DTXSID3024239,Oxadiazon,19666-30-9,C15H18Cl2N2O3,344.069448,225,745,30,Inactive,4.6109220019806215e-8,0.11619591461333087,0.13554041233177422,50,1.6989700043360187
https://comptox.epa.gov/dashboard/chemical/details/DTXSID7021940,1-Octanol,111-87-5,C8H18O,130.135765,5,595,1,Inactive,1.9193753826967913e-17,0.16181732581875852,0.18875695532744047,0.009470000020622501,-2.023650020050978
https://comptox.epa.gov/dashboard/chemical/details/DTXSID9020582,Ethoxyquin,91-53-2,C14H19NO,217.146664,136,652,21,Inactive,0,-0.16347526156476347,0.19069090709657882,0.7440004017153937,-0.12842682996120236
https://comptox.epa.gov/dashboard/chemical/details/DTXSID3026564,Triethylene glycol bis(2-ethylhexanoate),94-28-0,C22H42O6,402.298139,35,631,6,Inactive,0,0.09709067755168195,0.11325450221480098,0.009140020344718322,-2.039052837571522
https://comptox.epa.gov/dashboard/chemical/details/DTXSID9020740,Indomethacin,53-86-1,C19H16ClNO4,357.076786,45,644,7,Inactive,0,0.09380391811550304,0.109420557357983,0.00914000039565541,-2.0390537854662827
https://comptox.epa.gov/dashboard/chemical/details/DTXSID9020293,2-Chloroacetophenone,532-27-4,C8H7ClO,154.018542,172,576,30,Inactive,0,-0.08916586287861553,0.10401035062810582,0.2846626062227011,-0.5456695787882162
https://comptox.epa.gov/dashboard/chemical/details/DTXSID0020498,Dimethyl terephthalate,120-61-6,C10H10O4,194.057909,24,580,4,Inactive,0.0019471281096439786,0.24330571933595563,0.2838116781576665,100,2
https://comptox.epa.gov/dashboard/chemical/details/DTXSID5023796,Pentamidine isethionate,140-64-7,C23H36N4O10S2,592.187286,251,662,38,Inactive,0.6926206539168748,1.0416659647139435,1.215084324084361,87.5,1.9420080530223132
https://comptox.epa.gov/dashboard/chemical/details/DTXSID2022179,Pentachloropyridine,2176-62-7,C5Cl5N,248.847338,76,630,12,Inactive,-2.8309729798662816e-15,-0.1397786935229828,0.16304929324191747,0.009140000001756096,-2.039053804182726
https://comptox.epa.gov/dashboard/chemical/details/DTXSID2021028,N-Nitrosodiethylamine,55-18-5,C4H10N2O,102.079313,6,647,1,Inactive,-9.016512668776092e-12,-0.3206349332131875,0.3740147938962079,7.005393505823216,0.8454325354258931
https://comptox.epa.gov/dashboard/chemical/details/DTXSID9022522,Diisobutyl phthalate,84-69-5,C16H22O4,278.151809,120,693,17,Inactive,3.8572490050436383e-13,0.25040499097184554,0.29209284886823633,0.009140000026184831,-2.039053803021975
https://comptox.epa.gov/dashboard/chemical/details/DTXSID6022927,Didanosine,69655-05-6,C10H12N4O3,236.090940,10,657,2,Inactive,-8.102263045342857e-7,-0.023194106992558815,0.027055502217098053,100,2
https://comptox.epa.gov/dashboard/chemical/details/DTXSID0025101,3-Dimethylaminophenol,99-07-0,C8H11NO,137.084064,40,361,11,Inactive,0,-0.20836630376772242,0.24305548798946047,0.10633869723074091,-0.9733086645876307
https://comptox.epa.gov/dashboard/chemical/details/DTXSID4027997,Dichlormid,37764-25-3,C8H11Cl2NO,207.021769,5,470,1,Inactive,0,0.15504797687515323,0.18086063341210304,1.8287344558736196,0.26215064767362517
https://comptox.epa.gov/dashboard/chemical/details/DTXSID9020409,"Dibenz[a,h]anthracene",53-70-3,C22H14,278.109550,49,510,10,Inactive,3.113939684484486e-11,0.22723106292426626,0.2650608850219325,4.916343739025178,0.6916422401100509
https://comptox.epa.gov/dashboard/chemical/details/DTXSID1033371,Cyclopentanol,96-41-3,C5H10O,86.073165,4,362,1,Inactive,0,0.0707512047641884,0.08252998824115015,0.009140000927493107,-2.039053760195587
https://comptox.epa.gov/dashboard/chemical/details/DTXSID6048204,4-Butylcyclohexanol,70568-60-4,C10H20O,156.151415,3,355,1,Inactive,0,-0.16072443055448685,0.18748211296101333,0.4423875813452799,-0.3541970729983801
https://comptox.epa.gov/dashboard/chemical/details/DTXSID1032484,Temephos,3383-96-8,C16H20O6P2S3,465.989726,136,504,27,Inactive,0,0.08273157237279274,0.0965048682613309,0.00914000055650882,-2.039053777823203
https://comptox.epa.gov/dashboard/chemical/details/DTXSID6042369,Rhodamine B,81-88-9,C28H31ClN2O3,478.202321,129,367,35,Inactive,0,-0.13900571400658485,0.16214762675282238,24.807122252219397,1.3945763869054415
https://comptox.epa.gov/dashboard/chemical/details/DTXSID1026879,Hexamethyleneimine,111-49-9,C6H13N,99.104799,3,361,1,Inactive,0,-0.3127519724161353,0.36481946409151367,25.37029284930291,1.4043254803120833
https://comptox.epa.gov/dashboard/chemical/details/DTXSID4025292,"2-Ethyl-1,3-hexanediol",94-96-2,C8H18O2,146.130680,1,354,0,Inactive,0,-0.08779046210674069,0.10240597074640584,0.3585383421232948,-0.4454643940208154
https://comptox.epa.gov/dashboard/chemical/details/DTXSID3041877,Dimethylbenzylcarbinyl acetate,151-05-3,C12H16O2,192.115030,3,359,1,Inactive,0,-0.12061761643053638,0.14069824674881518,3.5770578335959193,0.553525961845512
https://comptox.epa.gov/dashboard/chemical/details/DTXSID6024123,Haloxyfop-methyl,69806-40-2,C16H13ClF3NO4,375.048520,48,376,13,Inactive,0,-0.2111026956516298,0.24624743914781538,26.140781895135976,1.4173185735912914
https://comptox.epa.gov/dashboard/chemical/details/DTXSID5044570,"1,2-Ethanediamine dihydroiodide",5700-49-2,C2H10I2N2,315.893340,6,357,2,Inactive,0,0.546833101068811,0.6378708256841419,25.63352530475154,1.408808337558313
https://comptox.epa.gov/dashboard/chemical/details/DTXSID4020791,Malathion,121-75-5,C10H19O6PS2,330.036068,134,775,17,Inactive,0,0.14719279642150063,0.17169770887063712,0.012900000201628093,-1.8894102829126915
https://comptox.epa.gov/dashboard/chemical/details/DTXSID8032386,Ethalfluralin,55283-68-6,C13H14F3N3O4,333.093640,116,760,15,Inactive,-9.686899299679799e-18,-0.13333795748428268,0.15553629227875468,0.012900000062871834,-1.8894102875840928
https://comptox.epa.gov/dashboard/chemical/details/DTXSID1022001,Ethyl acetate,141-78-6,C4H8O2,88.052429,4,330,1,Inactive,-0.00007796238008443968,-0.11851156282328251,0.13824157367842427,100,2
https://comptox.epa.gov/dashboard/chemical/details/DTXSID6020856,N-Methyl-2-pyrrolidone,872-50-4,C5H9NO,99.068414,8,608,1,Inactive,0,-0.20947014581220413,0.2443430995750836,25.325377179904553,1.4035559221836076
https://comptox.epa.gov/dashboard/chemical/details/DTXSID5021209,6-Propyl-2-thiouracil,51-52-5,C7H10N2OS,170.051384,26,720,4,Inactive,0,0.2462307073218072,0.28722362322464323,26.255508823391175,1.4192204391932446
https://comptox.epa.gov/dashboard/chemical/details/DTXSID6047525,Pravastatin sodium,81131-70-6,C23H35NaO7,446.228048,38,667,6,Inactive,1.1527670964809813e-14,0.1560456683972083,0.182024422351923,0.009140001061986501,-2.039053753805025
https://comptox.epa.gov/dashboard/chemical/details/DTXSID4020458,Chlorpyrifos,2921-88-2,C9H11Cl3NO3PS,348.926285,164,661,25,Inactive,0.0006003525013789965,0.1336254420920602,0.1558716378234485,100,2
https://comptox.epa.gov/dashboard/chemical/details/DTXSID3021358,Tolazamide,1156-19-0,C14H21N3O3S,311.130363,15,588,3,Inactive,0,-0.22319944632184338,0.26035807788388077,24.048952199571275,1.3810961591357374
https://comptox.epa.gov/dashboard/chemical/details/DTXSID2027593,4-Chlorobenzotrichloride,5216-25-1,C7H4Cl4,227.906711,11,614,2,Inactive,0,-0.06173207234725992,0.07200933499156414,0.00914000041343529,-2.039053784621457
https://comptox.epa.gov/dashboard/chemical/details/DTXSID5047538,"Pentane-1,5-diyl dibenzoate",6624-73-3,C19H20O4,312.136159,83,633,13,Inactive,0,0.3122325711947487,0.3642135920524954,25.076598790381944,1.399268631571047
https://comptox.epa.gov/dashboard/chemical/details/DTXSID7034383,Bispyribac-sodium,125401-92-5,C19H17N4NaO8,452.094408,3,363,1,Inactive,1.5638103064411666e-11,0.24486182985402377,0.285626852658032,0.009100000054046136,-2.0409586050995725
https://comptox.epa.gov/dashboard/chemical/details/DTXSID0022014,Hydroquinone dimethyl ether,150-78-7,C8H10O2,138.068080,1,355,0,Inactive,0,-0.0661511157509905,0.07716406841783671,0.009140000234052988,-2.039053793144952
https://comptox.epa.gov/dashboard/chemical/details/DTXSID4021921,"2-Butyne-1,4-diol",110-65-6,C4H6O2,86.036779,11,360,3,Inactive,0,-0.21016563390333476,0.24515437373181603,0.1171181952824782,-0.9313756284381752
https://comptox.epa.gov/dashboard/chemical/details/DTXSID8037754,"2,4,6-Tris(allyloxy)-1,3,5-triazine",101-37-1,C12H15N3O3,249.111341,25,375,7,Inactive,0,0.24375750400661667,0.284338676725132,3.694152364252302,0.5675148038246867
https://comptox.epa.gov/dashboard/chemical/details/DTXSID2023430,Pentaerythritol tetranitrate,78-11-5,C5H8N4O12,316.013872,7,367,2,Inactive,1.2135817970886394e-17,0.12697918026427224,0.14811889478079457,11.268136195135746,1.0518520875539255
https://comptox.epa.gov/dashboard/chemical/details/DTXSID3024994,Sodium dichloroisocyanurate,2893-78-9,C3Cl2N3NaO3,218.921441,3,362,1,Inactive,0,0.2193767099445805,0.2558989257137369,0.19275471816310083,-0.7149949826823435
https://comptox.epa.gov/dashboard/chemical/details/DTXSID6041210,gamma-Terpinene,99-85-4,C10H16,136.125201,1,354,0,Inactive,0,0.15499821133676103,0.18080258282042744,0.9022824794951724,-0.044657475672839536
https://comptox.epa.gov/dashboard/chemical/details/DTXSID6022474,Corticosterone,50-22-6,C21H30O4,346.214409,91,663,14,Inactive,1.325581242565134e-13,0.19099424291650052,0.2227912962692711,16.54509442123423,1.2186692499790384
https://comptox.epa.gov/dashboard/chemical/details/DTXSID3034531,Thiophanate,23564-06-9,C14H18N4O4S2,370.076947,39,364,11,Inactive,0,-0.26615765911405986,0.31046804856804033,24.234694376673808,1.3844375472128514
https://comptox.epa.gov/dashboard/chemical/details/DTXSID3026065,"C.I. Acid Blue 1, sodium salt",129-17-9,C27H31N2NaO6S2,566.152123,72,360,20,Inactive,0.00003752989231763106,0.024898993920843934,0.029044221682905377,100,2
https://comptox.epa.gov/dashboard/chemical/details/DTXSID2025688,Morpholine,110-91-8,C4H9NO,87.068414,1,357,0,Inactive,0,-0.20473377599455644,0.23881821068225081,25.0969973171979,1.3996217642468167
https://comptox.epa.gov/dashboard/chemical/details/DTXSID6026080,Terephthalic acid,100-21-0,C8H6O4,166.026609,8,362,2,Inactive,0,0.06351003587957699,0.07408329698139013,1.5945354631633304,0.20263418258485846
https://comptox.epa.gov/dashboard/chemical/details/DTXSID1020144,Benzoin,119-53-9,C14H12O2,212.083730,7,360,2,Inactive,3.0487239592176254e-16,0.1415944179342331,0.16516730260739904,5.428460009676549,0.7346766428195357
https://comptox.epa.gov/dashboard/chemical/details/DTXSID2024585,Benzo(f)quinoline,85-02-9,C13H9N,179.073499,70,444,16,Inactive,-3.650284517441179e-16,-0.2812440107612655,0.32806600224523264,9.508015483335658,0.9780898802839258
https://comptox.epa.gov/dashboard/chemical/details/DTXSID4021892,4-Methylpyridine,108-89-4,C6H7N,93.057849,0,338,0,Inactive,-5.777698648998038e-14,-0.13279961847331667,0.15490832965404946,0.7068199370462129,-0.1506912089855337
https://comptox.epa.gov/dashboard/chemical/details/DTXSID20872726,EPAMED_Water_Set3-21,NOCAS_872726,, ,3,82,4,Inactive,0,-0.19494143074791523,0.227395618787849,1.3149794008597584,0.11891894965999056
https://comptox.epa.gov/dashboard/chemical/details/DTXSID50872734,EPAMED_Water_Set3-29,NOCAS_872734,, ,7,82,9,Inactive,0,-0.2487041850443704,0.2901088898153432,1.2859277388366757,0.10921656461757685
https://comptox.epa.gov/dashboard/chemical/details/DTXSID0027773,Trimethylolpropane triacrylate,15625-89-5,C15H20O6,296.125988,259,443,58,Inactive,0,-0.13153515270915722,0.1534333534328638,0.0823000002222182,-1.0846001636150917
https://comptox.epa.gov/dashboard/chemical/details/DTXSID50903830,EPAMED_Water_Set4-6,NOCAS_903830,, ,10,81,12,Inactive,0
https://comptox.epa.gov/dashboard/chemical/details/DTXSID40903869,EPAMED_Water_Set5-10,NOCAS_903869,, ,0,82,0,Inactive,0
https://comptox.epa.gov/dashboard/chemical/details/DTXSID2031089,D and C Red No. 27,13473-26-2,C20H4Br4Cl4O5,779.554636,225,455,49,Inactive,0,0.1352851382968114,0.15780764313556342,0.05430000056960535,-1.265200165855417
https://comptox.epa.gov/dashboard/chemical/details/DTXSID3027530,"1,1,1-Trimethylolpropane trimethacrylate",3290-92-4,C18H26O6,338.172939,71,440,16,Inactive,0,0.10772806309665589,0.12566281818439196,1.0934538259969977,0.03880044851850868
https://comptox.epa.gov/dashboard/chemical/details/DTXSID10903871,EPAMED_Water_Set5-12,NOCAS_903871,, ,0,82,0,Inactive,0
https://comptox.epa.gov/dashboard/chemical/details/DTXSID70903872,EPAMED_Water_Set5-13,NOCAS_903872,, ,0,82,0,Inactive,0
https://comptox.epa.gov/dashboard/chemical/details/DTXSID90903874,EPAMED_Water_Set5-15,NOCAS_903874,, ,0,82,0,Inactive,0
https://comptox.epa.gov/dashboard/chemical/details/DTXSID50903875,EPAMED_Water_Set5-16,NOCAS_903875,, ,0,82,0,Inactive,0
https://comptox.epa.gov/dashboard/chemical/details/DTXSID10903876,EPAMED_Water_Set5-17,NOCAS_903876,, ,0,82,0,Inactive,0
https://comptox.epa.gov/dashboard/chemical/details/DTXSID70903877,EPAMED_Water_Set5-18,NOCAS_903877,, ,0,82,0,Inactive,0
https://comptox.epa.gov/dashboard/chemical/details/DTXSID2020474,"3,4-Dihydrocoumarin",119-84-6,C9H8O2,148.052429,1,329,0,Inactive,0,0.23921733447963872,0.27904265188819555,25.647756429349993,1.4090493806381288
https://comptox.epa.gov/dashboard/chemical/details/DTXSID3025461,Isobutyl methacrylate,97-86-9,C8H14O2,142.099380,32,331,10,Inactive,0,-0.18088370520936375,0.21099753868079177,25.989380528681206,1.4147959279742062
https://comptox.epa.gov/dashboard/chemical/details/DTXSID3040271,2-Methylquinoline,91-63-4,C10H9N,143.073499,4,334,1,Inactive,0,0.3153363309609293,0.3678340711363498,25.82707029582462,1.4120751445968842
https://comptox.epa.gov/dashboard/chemical/details/DTXSID60663110,Perfluoro-4-isopropoxybutanoic acid,801212-59-9,C7HF13O3,379.971810,16,267,6,Inactive,1.959813393625526e-10,0.05805449375890148,0.06771950673118726,150,2.1760912590556813
https://comptox.epa.gov/dashboard/chemical/details/DTXSID00190950,6:1 Fluorotelomer alcohol,375-82-6,C7H3F13O,349.997631,46,259,18,Inactive,2.189255652083468e-8,0.2650561090547132,0.30918311054121916,50,1.6989700043360187
https://comptox.epa.gov/dashboard/chemical/details/DTXSID9022312,4-Octylphenol,1806-26-4,C14H22O,206.167065,200,621,32,Inactive,0,-0.18475263878371462,0.2155105790376478,1.3299426326654464,0.12383290799402387
https://comptox.epa.gov/dashboard/chemical/details/DTXSID10461880,"1H,2H-Hexafluorocyclopentene",1005-73-8,C5H2F6,176.006069,0,93,0,Inactive,8.698325749027465e-13,0.21894472148659827,0.2553950190668266,269.4780740105423,2.4305234347412656
https://comptox.epa.gov/dashboard/chemical/details/DTXSID8047553,Perfluoroundecanoic acid,2058-94-8,C11HF21O2,563.964121,206,765,27,Inactive,-2.887247306140765e-11,-0.07035323814478231,0.08206576744760433,50,1.6989700043360187
https://comptox.epa.gov/dashboard/chemical/details/DTXSID0036926,"Perfluoro-1,3-dimethylcyclohexane",335-27-3,C8F16,399.974451,0,93,0,Inactive,7.228618893956708e-9,0.05190082339666188,0.0605413626369879,150,2.1760912590556813
https://comptox.epa.gov/dashboard/chemical/details/DTXSID80881157,"1-(Perfluorofluorooctyl)propane-2,3-diol",94159-84-9,C11H7F17O2,494.017458,14,258,5,Inactive,0,0.13515047595246804,0.15765056197020058,0.03188290987907754,-1.4964420484191148
https://comptox.epa.gov/dashboard/chemical/details/DTXSID90903879,EPAMED_Water_Set5-20,NOCAS_903879,, ,0,82,0,Inactive,0
https://comptox.epa.gov/dashboard/chemical/details/DTXSID30880413,"3-(Perfluorohexyl)-1,2-epoxypropane",38565-52-5,C9H5F13O,376.013281,0,283,0,Inactive,2.3205320736703544e-12,0.05535463971127374,0.06457017629156876,50,1.6989700043360187
https://comptox.epa.gov/dashboard/chemical/details/DTXSID90371872,"1,8-Divinylperfluorooctane",35192-44-0,C12H6F16,454.021401,4,245,2,Inactive,1.2442159548205614e-10,0.11199087153799941,0.13063530638033047,50,1.6989700043360187
https://comptox.epa.gov/dashboard/chemical/details/DTXSID8052017,Perfluoro-3-(1H-perfluoroethoxy)propane,3330-15-2,C5HF11O,285.985174,0,93,0,Inactive,1.5590031463462116e-9,0.16266617815139167,0.1897471260710226,100,2
https://comptox.epa.gov/dashboard/chemical/details/DTXSID5059828,1-Iodopentadecafluoroheptane,335-58-0,C7F15I,495.880520,16,257,6,Inactive,2.148653877865154e-9,0.12164321879098729,0.14189459317189335,50,1.6989700043360187
https://comptox.epa.gov/dashboard/chemical/details/DTXSID60379901,(Perfluoro-5-methylhexyl)ethyl 2-methylprop-2-enoate,50836-66-3,C13H9F15O2,482.036302,2,257,1,Inactive,8.795363043085295e-12,0.037136120931974395,0.04331860685698296,50,1.6989700043360187
https://comptox.epa.gov/dashboard/chemical/details/DTXSID00903880,EPAMED_Water_Set5-21,NOCAS_903880,, ,0,82,0,Inactive,0
https://comptox.epa.gov/dashboard/chemical/details/DTXSID70381151,Perfluorooctanamidine,307-31-3,C8H3F15N2,412.005671,81,286,28,Inactive,0.00038710761874835017,0.4956648598002936,0.5781840067206214,252.3626931561013,2.4020251534486103
https://comptox.epa.gov/dashboard/chemical/details/DTXSID6062599,Perfluoropentanoic acid,2706-90-3,C5HF9O2,263.983283,3,258,1,Inactive,0,0.04427936240316814,0.05165106757742167,0.0091000119760796,-2.0409580361248554
https://comptox.epa.gov/dashboard/chemical/details/DTXSID00379268,3:3 Fluorotelomer carboxylic acid,356-02-5,C6H5F7O2,242.017777,3,273,1,Inactive,-4.350246323628338e-8,-0.08515603491077275,0.09933295953436994,150,2.1760912590556813
https://comptox.epa.gov/dashboard/chemical/details/DTXSID9061881,"1-Iodo-1H,1H,2H,2H-perfluoroheptane",1682-31-1,C7H4F11I,423.918200,37,279,13,Inactive,5.8574462181866306e-8,0.2681516057116909,0.31279395085909595,150,2.1760912590556813
https://comptox.epa.gov/dashboard/chemical/details/DTXSID6067331,6:2 Fluorotelomer sulfonic acid,27619-97-2,C8H5F13O3S,427.975181,9,259,3,Inactive,6.291610007247175e-11,0.11092663870998258,0.1293938982223378,150,2.1760912590556813
https://comptox.epa.gov/dashboard/chemical/details/DTXSID30627108,((Perfluorooctyl)ethyl)phosphonic acid,80220-63-9,C10H6F17O3P,527.978310,52,290,18,Inactive,0,-0.08842839676052812,0.10315010986956531,2.6075234831585092,0.4162282283393103
https://comptox.epa.gov/dashboard/chemical/details/DTXSID90315130,Perfluoro-1-octanesulfonyl chloride,423-60-9,C8ClF17O2S,517.903607,69,263,26,Inactive,-6.495609153358089e-11,-0.22141702021276985,0.2582789103797676,50,1.6989700043360187
https://comptox.epa.gov/dashboard/chemical/details/DTXSID7047566,Perfluoro-1-iodohexane,355-43-1,C6F13I,445.883710,21,285,7,Inactive,-4.2854461696405444e-12,-0.025670051059700418,0.029943645753706366,150,2.1760912590556813
https://comptox.epa.gov/dashboard/chemical/details/DTXSID60195123,Perfluorooctanamide,423-54-1,C8H2F15NO,412.989686,9,267,3,Inactive,1.2441789706659345e-9,0.013607278521988802,0.0158726418886681,150,2.1760912590556813
https://comptox.epa.gov/dashboard/chemical/details/DTXSID00192353,8:2 Fluorotelomer sulfonic acid,39108-34-4,C10H5F17O3S,527.968794,32,284,11,Inactive,1.8824813855015387e-16,0.011251256168767012,0.013124384841238984,150,2.1760912590556813
https://comptox.epa.gov/dashboard/chemical/details/DTXSID20337446,2-(Perfluorooctyl)ethanthiol,34143-74-3,C10H5F17S,479.984050,7,265,3,Inactive,0,-0.09281692189072124,0.10826924428710606,0.03250294401941583,-1.4880773001448002
https://comptox.epa.gov/dashboard/chemical/details/DTXSID8031863,Perfluorononanoic acid,375-95-1,C9HF17O2,463.970508,239,764,31,Inactive,-2.9749106118237446e-12,-0.17537719607077867,0.20457429633499868,50,1.6989700043360187
https://comptox.epa.gov/dashboard/chemical/details/DTXSID9059834,Perfluamine,338-83-0,C9F21N,520.969540,1,258,0,Inactive,1.5076331350685832e-15,0.28624551220149996,0.33390016233376274,11.703764183968913,1.0683255627214248
https://comptox.epa.gov/dashboard/chemical/details/DTXSID50229163,Trichloro((perfluorohexyl)ethyl)silane,78560-45-9,C8H4Cl3F13Si,479.894026,5,245,2,Inactive,2.1108437009915066e-10,0.1553176609225619,0.18117521492821498,50,1.6989700043360187
https://comptox.epa.gov/dashboard/chemical/details/DTXSID80379721,"1H,1H,6H,6H-Perfluorohexane-1,6-diol diacrylate",2264-01-9,C12H10F8O4,370.045134,194,290,67,Inactive,0,0.16378898608932585,0.1910568610249874,35.39042413576445,1.5488857674614285
https://comptox.epa.gov/dashboard/chemical/details/DTXSID0047583,Nonafluoro-1-iodobutane,423-39-2,C4F9I,345.890100,0,81,0,Inactive,-1.4098445560508209e-16,-0.013151484292947659,0.015340966244578012,150,2.1760912590556813
https://comptox.epa.gov/dashboard/chemical/details/DTXSID50375114,"Perfluoro-3,6,9-trioxatridecanoic acid",330562-41-9,C10HF19O5,561.952058,180,287,63,Inactive,0,-0.09927905463881187,0.11580720412100867,0.013700001337779422,-1.86327939043555
https://comptox.epa.gov/dashboard/chemical/details/DTXSID60892443,Sodium perfluorodecanesulfonate,2806-15-7,C10F21NaO3S,621.913051,54,231,23,Inactive,0,-0.3570421728105191,0.4164831739877562,6.562919581776169,0.8170970826959252
https://comptox.epa.gov/dashboard/chemical/details/DTXSID30382104,9-Chloro-perfluorononanoic acid,865-79-2,C9HClF16O2,479.940958,158,300,53,Inactive,0,-0.39610925734711355,0.4620542146246943,12.339377841292016,1.0912932628653385
https://comptox.epa.gov/dashboard/chemical/details/DTXSID8059926,Perfluoropentanedioic acid,376-73-8,C5H2F6O4,239.985728,3,257,1,Inactive,-4.814716819593916e-18,-0.16584737508386493,0.19345793419513657,34.97719661628794,1.5437849983140155
https://comptox.epa.gov/dashboard/chemical/details/DTXSID20874028,"2H,2H,3H,3H-Perfluorooctanoic acid",914637-49-3,C8H5F11O2,342.011389,18,279,6,Inactive,0,-0.10334762614013243,0.12055311847372402,3.772055142654157,0.5765780329452938
https://comptox.epa.gov/dashboard/chemical/details/DTXSID20903882,EPAMED_Water_Set5-23,NOCAS_903882,, ,0,82,0,Inactive,0
https://comptox.epa.gov/dashboard/chemical/details/DTXSID8044969,Methyl perfluoro(3-(1-ethenyloxypropan-2-yloxy)propanoate),63863-43-4,C9H3F13O4,421.982375,29,265,11,Inactive,0,-0.2987597463926024,0.34849778797252,2.1746466960641118,0.3373887093765123
https://comptox.epa.gov/dashboard/chemical/details/DTXSID2041464,"3,3'-Iminobispropanenitrile",111-94-4,C6H9N3,123.079647,3,372,1,Inactive,0,-0.15790055840561207,0.18418811767121002,0.0823000007157338,-1.0846001610108256
https://comptox.epa.gov/dashboard/chemical/details/DTXSID50382621,7:3 Fluorotelomer alcohol,25600-66-2,C10H7F15O,428.025737,189,268,71,Inactive,-0.0019002369040366327,-0.5611440200921641,0.654564251367194,50,1.6989700043360187
https://comptox.epa.gov/dashboard/chemical/details/DTXSID8059970,Perfluoropropanoic acid,422-64-0,C3HF5O2,163.989670,3,257,1,Inactive,-1.785786228614859e-13,-0.02578320619919432,0.030075639157394442,150,2.1760912590556813
https://comptox.epa.gov/dashboard/chemical/details/DTXSID00442840,2-(Trifluoromethoxy)ethyl trifluoromethanesulfonate,329710-76-1,C4H4F6O4S,261.973449,1,277,0,Inactive,-9.380806260231185e-12,-0.05969988559804078,0.06963882626205388,150,2.1760912590556813
https://comptox.epa.gov/dashboard/chemical/details/DTXSID70880134,1-Pentafluoroethylethanol,374-40-3,C4H5F5O,164.026056,3,276,1,Inactive,4.554836112722448e-11,0.1357841153246852,0.15838969072585227,150,2.1760912590556813
https://comptox.epa.gov/dashboard/chemical/details/DTXSID0060985,Hexafluoroglutaryl chloride,678-77-3,C5Cl2F6O2,275.917954,6,284,2,Inactive,0,-0.1457984604020649,0.17007124136846835,35.86390828841929,1.55465761527653
https://comptox.epa.gov/dashboard/chemical/details/DTXSID1032646,N-Ethylperfluorooctane sulfonamide,4151-50-2,C10H6F17NO2S,526.984778,211,774,27,Inactive,-0.9739086993393034,-1.238467876177445,1.4446501596493233,247.89858796998425,2.3942740530340956
https://comptox.epa.gov/dashboard/chemical/details/DTXSID80903883,EPAMED_Water_Set5-24,NOCAS_903883,, ,0,82,0,Inactive,0
https://comptox.epa.gov/dashboard/chemical/details/DTXSID00892442,"Perfluoro-2,5-dimethyl-3,6-dioxanonanoic acid",13252-14-7,C9HF17O4,495.960337,6,260,2,Inactive,0,-0.08902626700847688,0.10384751459500285,0.004570000059499267,-2.3400837942758383
https://comptox.epa.gov/dashboard/chemical/details/DTXSID9059919,1-Bromopentadecafluoroheptane,375-88-2,C7BrF15,447.894385,1,257,0,Inactive,1.1775590648795857e-11,0.13022528521148433,0.15190541691869822,49.99999999999999,1.6989700043360187
https://comptox.epa.gov/dashboard/chemical/details/DTXSID1074915,Triethoxy((perfluorohexyl)ethyl)silane,51851-37-7,C14H19F13O3Si,510.089587,4,258,2,Inactive,3.338893448153903e-11,0.2651258352585047,0.3092644448845451,24.999999999999996,1.3979400086720375
https://comptox.epa.gov/dashboard/chemical/details/DTXSID40108559,Ammonium perfluoro-2-methyl-3-oxahexanoate,62037-80-3,C6H4F11NO3,347.001553,22,231,10,Inactive,0,0.09068553620191915,0.10578302180622431,0.0022800002561041747,-2.6420651042168166
https://comptox.epa.gov/dashboard/chemical/details/DTXSID90174941,"3H,3H-Perfluoro-2,4-hexanedione",20825-07-4,C6H2F8O2,257.992705,14,266,5,Inactive,0,0.054878701483959624,0.0640150030413794,0.12125661735688945,-0.9162945512563211
https://comptox.epa.gov/dashboard/chemical/details/DTXSID9038840,(Perfluorohexyl)ethyl acrylate,17527-29-6,C11H7F13O2,418.023846,3,81,4,Inactive,-4.1222212942721685e-15,-0.07973691774595289,0.09301165832995037,25,1.3979400086720377
https://comptox.epa.gov/dashboard/chemical/details/DTXSID8059920,Perfluoroheptanesulfonic acid,375-92-8,C7HF15O3S,449.940688,44,262,17,Inactive,0,-0.3826264200010979,0.44632673109515253,8.452580116473214,0.9269892958503864
https://comptox.epa.gov/dashboard/chemical/details/DTXSID20881338,3-Methoxyperfluoro(2-methylpentane),132182-92-4,C7H3F13O,349.997631,0,93,0,Inactive,1.801371422304861e-9,0.14274616497086937,0.16651079449149037,150,2.1760912590556813
https://comptox.epa.gov/dashboard/chemical/details/DTXSID2021600,Heptanoic acid,111-14-8,C7H14O2,130.099380,5,588,1,Inactive,-2.0464422199461814e-7,-0.06143074188400827,0.07165783850932408,100,2
https://comptox.epa.gov/dashboard/chemical/details/DTXSID1047578,"1H,1H,2H,2H-Perfluorohexyl iodide",2043-55-2,C6H4F9I,373.921400,18,513,4,Inactive,0,0.062385436118807897,0.07277147189881214,0.013700000964616496,-1.8632794022649357
https://comptox.epa.gov/dashboard/chemical/details/DTXSID3021645,Octanoic acid,124-07-2,C8H16O2,144.115030,18,643,3,Inactive,5.228150643448315e-10,0.05877738074290184,0.06856274119607128,100,2
https://comptox.epa.gov/dashboard/chemical/details/DTXSID9021554,Decanoic acid,334-48-5,C10H20O2,172.146330,22,613,4,Inactive,8.92119036423328e-9,0.010798426349047678,0.012596167126484321,104.5,2.019116290447073
https://comptox.epa.gov/dashboard/chemical/details/DTXSID5061954,11-H-Perfluoroundecanoic acid,1765-48-6,C11H2F20O2,545.973543,122,285,43,Inactive,-0.000006144608506896581,-0.35388204667059925,0.41279694455834376,50,1.6989700043360187
https://comptox.epa.gov/dashboard/chemical/details/DTXSID00380798,"1H,1H,11H,11H-Perfluorotetraethylene glycol",330562-44-2,C8H6F12O5,410.002361,66,281,23,Inactive,1.534782960620282e-8,0.05606245976080131,0.06539583545255494,50,1.6989700043360187
https://comptox.epa.gov/dashboard/chemical/details/DTXSID20880144,Ethyl pentafluoropropionyl acetate,663-35-4,C7H7F5O3,234.031535,4,258,2,Inactive,9.113606186914933e-8,0.1997368263512605,0.2329893601817209,150,2.1760912590556813
https://comptox.epa.gov/dashboard/chemical/details/DTXSID40903884,EPAMED_Water_Set5-25,NOCAS_903884,, ,0,82,0,Inactive,0
https://comptox.epa.gov/dashboard/chemical/details/DTXSID00223797,Dichloromethyl((perfluorohexyl)ethyl)silane,73609-36-6,C9H7Cl2F13Si,459.948648,14,257,5,Inactive,9.715057532268944e-8,0.06931742111015722,0.08085750579365067,49.99999999999999,1.6989700043360187
https://comptox.epa.gov/dashboard/chemical/details/DTXSID5060986,"1H,1H,5H,5H-Perfluoro-1,5-pentanediol diacrylate",678-95-5,C11H10F6O4,320.048328,182,289,63,Inactive,-2.374186161046962e-9,-0.04150331848298556,0.04841286304290963,50,1.6989700043360187
https://comptox.epa.gov/dashboard/chemical/details/DTXSID40235137,Dimethoxymethyl((perfluorohexyl)ethyl)silane,85857-17-6,C11H13F13O2Si,452.047722,0,276,0,Inactive,0,-0.07998634935750343,0.09330261574950031,0.004570000919678648,-2.340083712531611
https://comptox.epa.gov/dashboard/chemical/details/DTXSID00379884,"3-(Perfluoro-3-methylbutyl)-1,2-epoxypropane",54009-81-3,C8H5F11O,326.016475,2,264,1,Inactive,0,0.051442723961125966,0.060006998011621224,0.004570000928048517,-2.340083711736209
https://comptox.epa.gov/dashboard/chemical/details/DTXSID10224331,"2,2,3,3-Tetrafluoropropyl acrylate",7383-71-3,C6H6F4O2,186.030392,115,288,40,Inactive,0,-0.22332168380597117,0.2605006656767151,38.02029439192085,1.580015475293542
https://comptox.epa.gov/dashboard/chemical/details/DTXSID10379254,"1H,1H-Heptafluorobutyl epoxide",1765-92-0,C6H5F7O,226.022862,5,257,2,Inactive,0,0.07523247857538795,0.08775731230123276,0.013700132281346951,-1.8632752395018641
https://comptox.epa.gov/dashboard/chemical/details/DTXSID8059928,Perfluorobutanedioic acid,377-38-8,C4H2F4O4,189.988921,5,276,2,Inactive,-2.9422079559637375e-20,-0.20247812046265312,0.23618702969890884,0.013595971976936412,-1.8665897392253727
https://comptox.epa.gov/dashboard/chemical/details/DTXSID90880156,"1-Iodo-1H,1H,2H,2H-perfluorononane",2043-52-9,C9H4F15I,523.911820,12,278,4,Inactive,-4.2789138783516643e-10,-0.1643079139878423,0.1916621809415218,50,1.6989700043360187
https://comptox.epa.gov/dashboard/chemical/details/DTXSID20440585,1-(Perfluorohexyl)octane,133331-77-8,C14H17F13,432.112267,3,257,1,Inactive,0,-0.22092521811605983,0.25770523221564684,12.136192937310387,1.0840824721082065
https://comptox.epa.gov/dashboard/chemical/details/DTXSID1068772,2-(Perfluorobutyl)ethyl acrylate,52591-27-2,C9H7F9O2,318.030233,61,281,22,Inactive,2.288897992627935e-7,0.2298749384062993,0.26814491748711106,150,2.1760912590556813
https://comptox.epa.gov/dashboard/chemical/details/DTXSID30340244,"1H,1H,7H-Perfluoroheptyl 4-methylbenzenesulfonate",424-16-8,C14H10F12O3S,486.015903,20,277,7,Inactive,0,0.24820648572526122,0.28952833264899375,40.03102625339797,1.6023967240165389
https://comptox.epa.gov/dashboard/chemical/details/DTXSID4059916,Perfluorobutanoic acid,375-22-4,C4HF7O2,213.986476,4,285,1,Inactive,0,-0.06995572841338518,0.08160207960557689,5.257854491106335,0.720808563021008
https://comptox.epa.gov/dashboard/chemical/details/DTXSID40379666,N-Methyl-N-trimethylsilylheptafluorobutyramide,53296-64-3,C8H12F7NOSi,299.057638,1,258,0,Inactive,-9.502361208262433e-13,-0.00845602372821543,0.009863797248152933,150,2.1760912590556813
https://comptox.epa.gov/dashboard/chemical/details/DTXSID30396867,"1H,1H,8H,8H-Perfluorooctane-1,8-diol",90177-96-1,C8H6F12O2,362.017617,16,280,6,Inactive,-1.7209068083989256e-11,-0.06310515676749344,0.07361101289137763,150,2.1760912590556813
https://comptox.epa.gov/dashboard/chemical/details/DTXSID5063235,(Perfluoroheptyl)methyl methacrylate,3934-23-4,C12H7F15O2,468.020652,8,258,3,Inactive,-1.5374422289819198e-9,-0.0863932945253153,0.10077620027888841,49.99999999999999,1.6989700043360187
https://comptox.epa.gov/dashboard/chemical/details/DTXSID50369896,"1H,1H,10H,10H-Perfluorodecane-1,10-diol",754-96-1,C10H6F16O2,462.011230,114,280,41,Inactive,-1.3664952402713639e-8,-0.05799344330589948,0.06764829249271365,150,2.1760912590556813
https://comptox.epa.gov/dashboard/chemical/details/DTXSID70537191,Methyl 3H-perfluoroisopropyl ether,568550-25-4,C4H4F6O,182.016634,1,257,0,Inactive,6.47069336489903e-15,0.08871111524198716,0.10347989581495151,150,2.1760912590556813
https://comptox.epa.gov/dashboard/chemical/details/DTXSID30395037,tris(Trifluoroethoxy)methane,58244-27-2,C7H7F9O3,310.025148,0,276,0,Inactive,0,0.2510979484666778,0.29290117113060254,38.447047677911804,1.5848629962461835
https://comptox.epa.gov/dashboard/chemical/details/DTXSID00903885,EPAMED_Water_Set5-26,NOCAS_903885,, ,0,82,0,Inactive,0
https://comptox.epa.gov/dashboard/chemical/details/DTXSID0059794,Perfluorooctane,307-34-6,C8F18,437.971257,0,264,0,Inactive,0,0.07336605972671398,0.08558016880031967,0.01370000714416202,-1.863279206371379
https://comptox.epa.gov/dashboard/chemical/details/DTXSID50381992,"Bis(1H,1H-perfluoropropyl)amine",883498-76-8,C6H5F10N,281.026231,6,276,2,Inactive,1.3118774188894727e-10,0.1179341230668956,0.1375680007482753,150,2.1760912590556813
https://comptox.epa.gov/dashboard/chemical/details/DTXSID1049225,Oxazolone,15646-46-5,C12H11NO3,217.073893,10,326,3,Inactive,-6.284978943494301e-10,-0.019592096058792047,0.02285382224572413,100,2
https://comptox.epa.gov/dashboard/chemical/details/DTXSID90558000,6:2 Fluorotelomer phosphate monoester,57678-01-0,C8H6F13O4P,443.979612,20,285,7,Inactive,0,-0.05352333408509183,0.06243399172342633,0.013700000431104677,-1.8632794191774342
https://comptox.epa.gov/dashboard/chemical/details/DTXSID70880230,"((2,2,3,3-Tetrafluoropropoxy)methyl)oxirane",19932-26-4,C6H8F4O2,188.046042,9,258,3,Inactive,0,-0.10820400415711307,0.12621799473939097,4.696676510862337,0.6717906486683408
https://comptox.epa.gov/dashboard/chemical/details/DTXSID70400078,(Heptafluoropropyl)trimethylsilane,3834-42-2,C6H9F7Si,242.036174,1,257,0,Inactive,0,-0.18033302767458484,0.21035518339339498,0.013700000028229083,-1.863279431948722
https://comptox.epa.gov/dashboard/chemical/details/DTXSID4059914,3:1 Fluorotelomer alcohol,375-01-9,C4H3F7O,200.007212,0,283,0,Inactive,0,0.045076155121428846,0.05258051173159351,2.1424607739168,0.33091287921720464
https://comptox.epa.gov/dashboard/chemical/details/DTXSID10379991,3-(Perfluorooctyl)propanol,1651-41-8,C11H7F17O,478.022544,156,265,59,Inactive,4.2284433584558356e-11,0.009437312931992323,0.011008453183253934,50,1.6989700043360187
https://comptox.epa.gov/dashboard/chemical/details/DTXSID40204489,Perfluorooct-1-ene,559-14-8,C8F16,399.974451,6,266,2,Inactive,0,-0.10869588107796652,0.12679176018450852,4.755118552388904,0.6771613490350503
https://comptox.epa.gov/dashboard/chemical/details/DTXSID9059969,"1H-Perfluoro-1,1-propanediol",422-63-9,C3H3F5O2,166.005320,7,277,3,Inactive,5.635162658239862e-18,0.10153678645027808,0.11844080704654204,150,2.1760912590556813
https://comptox.epa.gov/dashboard/chemical/details/DTXSID3037707,Potassium perfluorobutanesulfonate,29420-49-3,C4F9KO3S,337.906150,5,630,1,Inactive,0,-0.1531040163112849,0.17859303891654585,0.142364551744256,-0.8465981349853345
https://comptox.epa.gov/dashboard/chemical/details/DTXSID0059871,Perfluoropropanamide,354-76-7,C3H2F5NO,163.005655,1,258,0,Inactive,0,0.05030747086622569,0.05868274600933909,0.10759181810331611,-0.9682207536481288
https://comptox.epa.gov/dashboard/chemical/details/DTXSID0059829,Perfluorooctanoyl fluoride,335-66-0,C8F16O,415.969365,17,245,7,Inactive,0,-0.09061662364326316,0.10570263656508953,0.38471234309422164,-0.4148638795842281
https://comptox.epa.gov/dashboard/chemical/details/DTXSID40187142,Pentadecafluorooctanoyl chloride,335-64-8,C8ClF15O,431.939815,17,244,7,Inactive,0,-0.1812830633091917,0.21146338261083733,6.728785592833226,0.8279366900899798
https://comptox.epa.gov/dashboard/chemical/details/DTXSID90190949,"1,6-Diiodoperfluorohexane",375-80-4,C6F12I2,553.789780,173,247,70,Inactive,-0.9723221881649083,-1.1566613225446472,1.3492243088547489,48.500489302630406,1.6857461200529944
https://comptox.epa.gov/dashboard/chemical/details/DTXSID70870515,Pentafluoropropanoic anhydride,356-42-3,C6F10O3,309.968775,0,112,0,Inactive,8.440949233640541e-10,0.06174040616906816,0.0720190562425044,150,2.1760912590556813
https://comptox.epa.gov/dashboard/chemical/details/DTXSID20379947,2-(Perfluorohexyl)ethanethiol,34451-26-8,C8H5F13S,379.990437,1,244,0,Inactive,-4.4516978001734366e-13,-0.04971288282245187,0.05798916991512932,33.35,1.523095838252568
https://comptox.epa.gov/dashboard/chemical/details/DTXSID90880131,"1H,1H,5H-Perfluoropentyl methacrylate",355-93-1,C9H8F8O2,300.039655,6,248,2,Inactive,1.3330245716218327e-14,0.026530932625977076,0.03094784837864594,100,2
https://comptox.epa.gov/dashboard/chemical/details/DTXSID80382154,Perfluoroheptanoyl chloride,52447-22-0,C7ClF13O,381.943008,14,248,6,Inactive,0,-0.2111150382236853,0.24626183653270797,24.166035768393627,1.3832054139527725
https://comptox.epa.gov/dashboard/chemical/details/DTXSID00379925,Perfluorononanoyl chloride,52447-23-1,C9ClF17O,481.936621,98,251,39,Inactive,-0.02144775606215593,-0.998191180491894,1.1643717822613506,148.60365285529332,2.172029485032894
https://comptox.epa.gov/dashboard/chemical/details/DTXSID20335129,"1,6-Dibromododecafluorohexane",918-22-9,C6Br2F12,457.817514,3,243,1,Inactive,-4.956952990115213e-13,-0.12871645495438566,0.15014539397928287,99.99999999999999,2
https://comptox.epa.gov/dashboard/chemical/details/DTXSID50184723,"1H,1H-Perfluorooctylamine",307-29-9,C8H4F15N,399.010422,0,243,0,Inactive,1.9883742826211015e-13,0.03886203444585575,0.04533185345088362,100,2
https://comptox.epa.gov/dashboard/chemical/details/DTXSID50379930,"1H,1H-Perfluorononylamine",355-47-5,C9H4F17N,449.007228,2,243,1,Inactive,8.370488707630323e-20,0.033874443729277795,0.03951391996744988,33.35,1.523095838252568
https://comptox.epa.gov/dashboard/chemical/details/DTXSID10379835,"1H,1H-Perfluoroheptylamine",423-49-4,C7H4F13N,349.013615,3,243,1,Inactive,2.0471855064247291e-13,0.04401610381880706,0.0513439812466077,100,2
https://comptox.epa.gov/dashboard/chemical/details/DTXSID70565479,8H-Perfluorooctanoic acid,13973-14-3,C8H2F14O2,395.983124,13,248,5,Inactive,-9.736780572309934e-14,-0.12136747485765281,0.14157294290951958,100,2
https://comptox.epa.gov/dashboard/chemical/details/DTXSID70379917,3-(Perfluorohexyl)propanoic acid,27854-30-4,C9H5F13O2,392.008196,17,244,7,Inactive,-4.265400187212279e-14,-0.038366845804734775,0.044754224944555325,100,2
https://comptox.epa.gov/dashboard/chemical/details/DTXSID30190948,"Perfluoro-1,4-diiodobutane",375-50-8,C4F8I2,453.796170,120,246,49,Inactive,-4.3259067463201605e-10,-0.2735760519360161,0.3191214683141048,33.35,1.523095838252568
https://comptox.epa.gov/dashboard/chemical/details/DTXSID80380837,"Perfluoro-3,6,9-trioxadecanoic acid",151772-59-7,C7HF13O5,411.961639,15,245,6,Inactive,-3.177993824457319e-10,-0.13934698764702924,0.16254571622178285,66.5,1.8228216453031045
https://comptox.epa.gov/dashboard/chemical/details/DTXSID70381090,"1H,1H,8H,8H-Perfluoro-3,6-dioxaoctane-1,8-diol",129301-42-4,C6H6F8O4,294.013834,6,278,2,Inactive,0,-0.15595747435768625,0.18192154561549212,23.90615864964252,1.3785097973081912
https://comptox.epa.gov/dashboard/chemical/details/DTXSID20335700,Methyl perfluorohexanoate,424-18-0,C7H3F11O2,327.995739,0,112,0,Inactive,3.4297233688980556e-19,0.221584458221554,0.25847422375912465,0.26425751157699423,-0.5779726589303804
https://comptox.epa.gov/dashboard/chemical/details/DTXSID60377821,4:4 Fluorotelomer alcohol,3792-02-7,C8H9F9O,292.050968,8,284,3,Inactive,0,0.0948789941570865,0.11067461392657356,0.3392178622644554,-0.4695212870797105
https://comptox.epa.gov/dashboard/chemical/details/DTXSID60377826,"1H,1H-Perfluoropentylamine",355-27-1,C5H4F9N,249.020003,2,276,1,Inactive,0,-0.22589251233319452,0.2634994902031513,38.888722702211645,1.5898236790052367
https://comptox.epa.gov/dashboard/chemical/details/DTXSID5042326,Perfluoroisobutyl methyl ether,163702-08-7,C5H3F9O,250.004018,0,100,0,Inactive,2.0925869107260084e-9,0.137615891278231,0.1605264239222752,150,2.1760912590556813
https://comptox.epa.gov/dashboard/chemical/details/DTXSID70481246,2-Amino-2H-perfluoropropane,1619-92-7,C3H3F6N,167.016968,0,112,0,Inactive,1.6136654085392445e-8,0.05584753064985033,0.06514512456984156,150,2.1760912590556813
https://comptox.epa.gov/dashboard/chemical/details/DTXSID20375106,"Perfluoro-3,6-dioxaoctane-1,8-dioic acid",55621-21-1,C6H2F8O6,321.972363,1,284,0,Inactive,7.618731044527062e-12,0.07608465583200934,0.08875136150792468,150,2.1760912590556813
https://comptox.epa.gov/dashboard/chemical/details/DTXSID50218052,Perfluoroglutaryl difluoride,678-78-4,C5F8O2,243.977055,0,112,0,Inactive,-2.6301819979536155e-9,-0.060483422465124996,0.07055280770791753,150,2.1760912590556813
https://comptox.epa.gov/dashboard/chemical/details/DTXSID80310730,Octafluoroadipamide,355-66-8,C6H4F8N2O2,288.014503,6,284,2,Inactive,0,-0.23398989289564107,0.27294493674826914,36.70401746250287,1.5647136028435262
https://comptox.epa.gov/dashboard/chemical/details/DTXSID70379295,"3H-Perfluoro-2,2,4,4-tetrahydroxypentane",77953-71-0,C5H5F7O4,262.007606,67,284,24,Inactive,1.5405580748746176e-8,0.4781595671010307,0.5577644024828811,26.68724977730475,1.4263038203936333
https://comptox.epa.gov/dashboard/chemical/details/DTXSID70366226,Perfluoropentanamide,355-81-7,C5H3F8NO,245.008689,2,277,1,Inactive,4.442355083952847e-9,0.07002077152003415,0.08167795120161259,150,2.1760912590556813
https://comptox.epa.gov/dashboard/chemical/details/DTXSID2060965,Heptafluorobutyramide,662-50-0,C4H2F7NO,213.002461,1,276,0,Inactive,9.25592726348076e-19,0.17115644078766518,0.19965086238012636,0.10360954239530848,-0.9846002444095042
https://comptox.epa.gov/dashboard/chemical/details/DTXSID80382093,2-Aminohexafluoropropan-2-ol,31253-34-6,C3H3F6NO,183.011883,6,283,2,Inactive,0,0.11912571038936114,0.13895796559819062,0.018501137996451228,-1.732801557522441
https://comptox.epa.gov/dashboard/chemical/details/DTXSID30170109,"3,3-Bis(trifluoromethyl)-2-propenoic acid",1763-28-6,C5H2F6O2,207.995898,46,277,17,Inactive,3.0953942804766355e-10,0.014592299678869018,0.017021651078908153,150,2.1760912590556813
https://comptox.epa.gov/dashboard/chemical/details/DTXSID8037708,Ammonium perfluorooctanoate,3825-26-1,C8H4F15NO2,431.000251,55,706,8,Inactive,-5.8887974464440344e-8,-0.09649628814125065,0.11256115782275765,150,2.1760912590556813
https://comptox.epa.gov/dashboard/chemical/details/DTXSID1067629,N-Methylperfluorooctanesulfonamide,31506-32-8,C9H4F17NO2S,512.969128,45,277,16,Inactive,5.638554099971929e-11,0.035343041516008096,0.04122701246493876,150,2.1760912590556813
https://comptox.epa.gov/dashboard/chemical/details/DTXSID30891564,4:2 Fluorotelomer sulfonic acid,757124-72-4,C6H5F9O3S,327.981569,4,277,1,Inactive,4.113418056701097e-18,0.17482765665598565,0.20393326864378017,266.97720250924937,2.42647417804194
https://comptox.epa.gov/dashboard/chemical/details/DTXSID10382147,"3-(Perfluoro-2-butyl)propane-1,2-diol",125070-38-4,C7H7F9O2,294.030233,5,276,2,Inactive,0,-0.2574903498201909,0.30035779056622214,38.07764080111052,1.5806700327061545
https://comptox.epa.gov/dashboard/chemical/details/DTXSID6047575,(Perfluorobutyl)ethene,19430-93-4,C6H3F9,246.009104,0,112,0,Inactive,9.320761452736582e-8,0.1937847981594861,0.22604642799681524,150,2.1760912590556813
https://comptox.epa.gov/dashboard/chemical/details/DTXSID5073901,"1,1,1,3,3-Pentafluorobutane",406-58-6,C4H5F5,148.031141,0,112,0,Inactive,1.0933616902786832e-13,0.11628777018804486,0.13564756018213656,150,2.1760912590556813
https://comptox.epa.gov/dashboard/chemical/details/DTXSID50441560,"Methyl 2H,2H,3H,3H-perfluoroheptanoate",132424-36-3,C8H7F9O2,306.030233,5,265,2,Inactive,-2.437506375118734e-14,-0.041287467641091535,0.04816107697788458,150,2.1760912590556813
https://comptox.epa.gov/dashboard/chemical/details/DTXSID1062122,Fluorotelomer alcohol 4:2,2043-47-2,C6H5F9O,264.019668,3,276,1,Inactive,0,0.07711215195278445,0.08994991696783565,0.4056973710225197,-0.3917978065774389
https://comptox.epa.gov/dashboard/chemical/details/DTXSID1057907,MED_ChemMix_7EQC,NOCAS_57907,, ,3,82,4,Inactive,-2.584757307669973e-9,-0.0273872403809868,0.03194671573627332,100,2
https://comptox.epa.gov/dashboard/chemical/details/DTXSID0059879,"1H,1H,5H-Perfluoropentanol",355-80-6,C5H4F8O,232.013440,5,283,2,Inactive,0,-0.18653886632593264,0.21759418084409915,38.05296552074255,1.5803885076009114
https://comptox.epa.gov/dashboard/chemical/details/DTXSID8046614,Sevoflurane,28523-86-6,C4H3F7O,200.007212,0,190,0,Inactive,3.6857934538677565e-18,0.005647883504261147,0.006588152961460109,150,2.1760912590556813
https://comptox.epa.gov/dashboard/chemical/details/DTXSID50379359,2-Vinylperfluorobutane,239795-57-4,C6H3F9,246.009104,0,100,0,Inactive,-7.112820664672296e-11,-0.11191362873862634,0.13054520406553285,150,2.1760912590556813
https://comptox.epa.gov/dashboard/chemical/details/DTXSID8031865,Perfluorooctanoic acid,335-67-1,C8HF15O2,413.973702,97,959,10,Inactive,5.982896643355863e-11,0.09507832745700276,0.11090713258053837,150,2.1760912590556813
https://comptox.epa.gov/dashboard/chemical/details/DTXSID5057915,MED_ERAntagonMix_4EQC,NOCAS_57915,, ,5,82,6,Inactive,-5.965060318835676e-7,-0.09163552354153008,0.10689116468843594,100,2
https://comptox.epa.gov/dashboard/chemical/details/DTXSID6027426,N-Ethyl-N-(2-hydroxyethyl)perfluorooctane sulfonamide,1691-99-2,C12H10F17NO3S,571.010993,106,284,37,Inactive,3.009277816350837e-12,0.05780343946153103,0.06742665647826321,150,2.1760912590556813
https://comptox.epa.gov/dashboard/chemical/details/DTXSID3047558,2-(Perfluorohexyl)ethyl methacrylate,2144-53-8,C12H9F13O2,432.039496,10,708,1,Inactive,9.408344610923121e-14,0.06715885222927737,0.07833957461565187,150,2.1760912590556813
https://comptox.epa.gov/dashboard/chemical/details/DTXSID3038939,Perfluorooctanesulfonamide,754-91-6,C8H2F17NO2S,498.953478,343,732,47,Inactive,-4.188906812031971e-8,-0.2151605454240967,0.2509808467996319,150,2.1760912590556813
https://comptox.epa.gov/dashboard/chemical/details/DTXSID70880215,Perfluoro-2-methyl-3-oxahexanoic acid,13252-13-6,C6HF11O3,329.975004,8,314,3,Inactive,2.4525717600896498e-14,0.1408082748728295,0.16425028108345827,150,2.1760912590556813
https://comptox.epa.gov/dashboard/chemical/details/DTXSID10379850,6H-Perfluorohex-1-ene,1767-94-8,C6HF11,281.990260,0,112,0,Inactive,3.679856714514108e-13,0.037386155521821424,0.04361026763970366,150,2.1760912590556813
https://comptox.epa.gov/dashboard/chemical/details/DTXSID90275806,3H-Perfluoro-4-hydroxy-3-penten-2-one,1694-30-0,C5H2F6O2,207.995898,1,100,1,Inactive,2.3150258436254895e-17,0.18193380963249173,0.21222246631250608,273.0370875703063,2.4362216427665873
https://comptox.epa.gov/dashboard/chemical/details/DTXSID9059832,"1H,1H,7H-Dodecafluoro-1-heptanol",335-99-9,C7H4F12O,332.007053,6,278,2,Inactive,8.497443291693121e-11,0.01688086729387127,0.01969122340611769,150,2.1760912590556813
https://comptox.epa.gov/dashboard/chemical/details/DTXSID40380257,3-(Perfluoroisopropyl)-2-propenoic acid,243139-64-2,C6H3F7O2,240.002126,2,284,1,Inactive,0,-0.047434542608909266,0.05533152766494131,0.4169940579261097,-0.37987013358328825
https://comptox.epa.gov/dashboard/chemical/details/DTXSID60400587,Nonafluoropentanamide,13485-61-5,C5H2F9NO,262.999267,4,276,1,Inactive,4.0154230049827235e-10,0.22460349763205883,0.26199587809531555,150,2.1760912590556813
https://comptox.epa.gov/dashboard/chemical/details/DTXSID5046516,Flurothyl,333-36-8,C4H4F6O,182.016634,0,190,0,Inactive,1.0900766256104401e-10,0.13347455491901217,0.15569563069171274,150,2.1760912590556813
https://comptox.epa.gov/dashboard/chemical/details/DTXSID60903886,EPAMED_Water_Set5-27,NOCAS_903886,, ,0,82,0,Inactive,0
https://comptox.epa.gov/dashboard/chemical/details/DTXSID5044572,Fluorotelomer alcohol 6:2,647-42-7,C8H5F13O,364.013281,62,711,9,Inactive,0,-0.10507551615397379,0.12256867061873157,35.58743964774094,1.55129674364148
https://comptox.epa.gov/dashboard/chemical/details/DTXSID80375107,11:1 Fluorotelomer alcohol,423-65-4,C12H3F23O,599.981662,44,284,15,Inactive,5.454082671017916e-10,0.05063098005409007,0.05906011356879394,150,2.1760912590556813
https://comptox.epa.gov/dashboard/chemical/details/DTXSID3037709,Potassium perfluorohexanesulfonate,3871-99-6,C6F13KO3S,437.899763,56,747,7,Inactive,0,-0.07935464494912398,0.09256574409382742,0.0246375708144376,-1.6084021144415601
https://comptox.epa.gov/dashboard/chemical/details/DTXSID3059927,Hexafluoroamylene glycol,376-90-9,C5H6F6O2,212.027198,2,276,1,Inactive,0,0.16649616931102706,0.19421474081231122,38.14751729821775,1.58146627862721
https://comptox.epa.gov/dashboard/chemical/details/DTXSID3031862,Perfluorohexanoic acid,307-24-4,C6HF11O2,313.980089,21,738,3,Inactive,-2.2667086154363718e-11,-0.04271327897066087,0.04982425985449642,150,2.1760912590556813
https://comptox.epa.gov/dashboard/chemical/details/DTXSID8051419,"N-[(Perfluorooctylsulfonamido)propyl]-N,N,N-trimethylammonium iodide",1652-63-7,C14H16F17IN2O2S,725.970570,108,278,39,Inactive,0,0.11460880552469066,0.1336890785649576,8.104424590541282,0.9087221856220633
https://comptox.epa.gov/dashboard/chemical/details/DTXSID20337466,5H-Perfluoropentanal,2648-47-7,C5H2F8O,229.997790,0,112,0,Inactive,0,0.07444135301029792,0.08683447877773633,0.38713362656844563,-0.4121391040650393
https://comptox.epa.gov/dashboard/chemical/details/DTXSID90285748,Methyl perfluoroethyl ketone,374-41-4,C4H3F5O,162.010406,0,100,0,Inactive,0,-0.09254985289123563,0.10795771317663826,35.94096245619293,1.5555897028179462
https://comptox.epa.gov/dashboard/chemical/details/DTXSID60379269,3-(Perfluoropropyl)propanol,679-02-7,C6H7F7O,228.038512,0,276,0,Inactive,1.5485636378507699e-13,0.0038755993429637745,0.004520815854207294,150,2.1760912590556813
https://comptox.epa.gov/dashboard/chemical/details/DTXSID0073118,Ethyl perfluorobutyl ether,163702-05-4,C6H5F9O,264.019668,0,112,0,Inactive,-4.224697192850726e-18,-0.0567778715555168,0.06623035024565617,150,2.1760912590556813
https://comptox.epa.gov/dashboard/chemical/details/DTXSID20861913,Perfluorobutanesulfonyl fluoride,375-72-4,C4F10O2S,301.945932,0,112,0,Inactive,5.195149483836972e-12,0.04208522619151738,0.049091647757638246,150,2.1760912590556813
https://comptox.epa.gov/dashboard/chemical/details/DTXSID4059881,Methyl perfluorobutanoate,356-24-1,C5H3F7O2,228.002126,0,100,0,Inactive,-5.1624655902623965e-12,-0.018363582555975363,0.021420783680805237,150,2.1760912590556813
https://comptox.epa.gov/dashboard/chemical/details/DTXSID70379730,5H-Octafluoropentanoyl fluoride,813-03-6,C5HF9O,247.988368,0,100,0,Inactive,4.01089081018273e-16,0.054691810318797225,0.06379699791037653,150,2.1760912590556813
https://comptox.epa.gov/dashboard/chemical/details/DTXSID8037706,Potassium perfluorooctanesulfonate,2795-39-3,C8F17KO3S,537.893375,198,779,25,Inactive,1.20431965364415e-10,0.27572277307805054,0.3216255793211136,272.9798168434356,2.4361305380387126
https://comptox.epa.gov/dashboard/chemical/details/DTXSID50892417,4H-Perfluorobutanoic acid,679-12-9,C4H2F6O2,195.995898,3,277,1,Inactive,2.0139290105366262e-13,0.14708416424934545,0.17157099142574755,150,2.1760912590556813
https://comptox.epa.gov/dashboard/chemical/details/DTXSID60500450,Perfluoro(4-methoxybutanoic acid),863090-89-5,C5HF9O3,279.978197,5,284,2,Inactive,0,-0.030055683701517448,0.035059406136381394,0.3126452836960283,-0.5049481183354285
https://comptox.epa.gov/dashboard/chemical/details/DTXSID70379270,1-Propenylperfluoropropane,355-95-3,C6H5F7,210.027947,2,112,2,Inactive,3.176070735130064e-9,0.14548501606102116,0.1697056142690173,150,2.1760912590556813
https://comptox.epa.gov/dashboard/chemical/details/DTXSID5030030,Perfluorobutanesulfonic acid,375-73-5,C4HF9O3S,299.950269,9,322,3,Inactive,0,0.037131903796831636,0.04331368764585569,0.01370000084110652,-1.8632794061802422
https://comptox.epa.gov/dashboard/chemical/details/DTXSID0061826,Perfluoropropyl trifluorovinyl ether,1623-05-8,C5F10O,265.978946,0,112,0,Inactive,-3.752004203080673e-13,-0.00009711344870395708,0.00011328106434806453,150,2.1760912590556813
https://comptox.epa.gov/dashboard/chemical/details/DTXSID0074059,"Difluoromethyl 1H,1H-perfluoropropyl ether",56860-81-2,C4H3F7O,200.007212,0,100,0,Inactive,-4.745782754223179e-12,-0.05013414574452626,0.05848056542028161,150,2.1760912590556813
https://comptox.epa.gov/dashboard/chemical/details/DTXSID30378880,"2,2-Difluoroethyl triflate",74427-22-8,C3H3F5O3S,213.972306,5,276,2,Inactive,6.329863666105933e-13,0.1661273944502133,0.1937845716720396,150,2.1760912590556813
https://comptox.epa.gov/dashboard/chemical/details/DTXSID10190946,Perfluorobutyraldehyde,375-02-0,C4HF7O,197.991562,1,112,1,Inactive,0,-0.23402390092720585,0.27298460649600703,38.519715685702224,1.5856830729336409
https://comptox.epa.gov/dashboard/chemical/details/DTXSID10370988,Allyl perfluoroisopropyl ether,15242-17-8,C6H5F7O,226.022862,1,112,1,Inactive,4.251337525510264e-15,0.03600732455511451,0.04200188649837709,150,2.1760912590556813
https://comptox.epa.gov/dashboard/chemical/details/DTXSID2032390,Fenarimol,60168-88-9,C17H12Cl2N2O,330.032668,291,791,37,Inactive,4.7310039549075265e-17,0.34601133624738634,0.4036159045910067,23.72033245398927,1.3751207716197635
https://comptox.epa.gov/dashboard/chemical/details/DTXSID6057908,MED_ChemMix_7EnvC,NOCAS_57908,, ,1,82,1,Inactive,-8.433089210278768e-14,-0.26237534404713325,0.3060560471181968,179.48152045289677,2.2540197399423056
https://comptox.epa.gov/dashboard/chemical/details/DTXSID0057916,MED_ERAgonMix_4EQC,NOCAS_57916,, ,3,82,4,Inactive,-1.514695929976616e-10,-0.2569430942447634,0.2997194269319141,47.71179789469835,1.6786257821224315
https://comptox.epa.gov/dashboard/chemical/details/DTXSID1057909,MED_IVEDCMix_4EQC,NOCAS_57909,, ,3,82,4,Inactive,0.000006316103004272659,0.05640425176894353,0.06579452958796808,100,2
https://comptox.epa.gov/dashboard/chemical/details/DTXSID5057917,MED_ERBothMix_8EQC,NOCAS_57917,, ,7,82,9,Inactive,6.136394601623693e-7,0.18193743198054468,0.21222669171535558,100,2
https://comptox.epa.gov/dashboard/chemical/details/DTXSID0057910,MED_IVEDCMix_4EnvC,NOCAS_57910,, ,4,82,5,Inactive,-5.48548749790145e-16,-0.2971944086207787,0.34667185004916434,4.139498586424063,0.6169477386239786
https://comptox.epa.gov/dashboard/chemical/details/DTXSID5057911,MED_EnvEDCMix_9EQC,NOCAS_57911,, ,4,82,5,Active,0.9999999964178109,3.6075341550358546,4.208122708114735,0.5102628590578523,-0.2922060418838202
https://comptox.epa.gov/dashboard/chemical/details/DTXSID0057912,MED_EnvEDCMix_9EnvC,NOCAS_57912,, ,2,82,2,Inactive,0.0000022468842816930475,0.479376904008026,0.5591844037528905,170.31628791982126,2.231256182991643
https://comptox.epa.gov/dashboard/chemical/details/DTXSID9020877,1-Methylnaphthalene,90-12-0,C11H10,142.078250,3,580,1,Inactive,0,-0.11927446883028808,0.1391314896027838,0.3077371364776562,-0.511820091681878
https://comptox.epa.gov/dashboard/chemical/details/DTXSID5021758,Tris(2-butoxyethyl) phosphate,78-51-3,C18H39O7P,398.243341,48,505,10,Inactive,0.0000017889310564726522,0.2794798605831534,0.326008153280816,100.00000000000001,2
https://comptox.epa.gov/dashboard/chemical/details/DTXSID5057913,MED_ChemSTMix_5EQC,NOCAS_57913,, ,2,82,2,Inactive,8.430176265947487e-18,0.22625537672886065,0.26392276489376987,175.7600527568224,2.2449201742719977
https://comptox.epa.gov/dashboard/chemical/details/DTXSID0057914,MED_ChemSTMix_5EnvC,NOCAS_57914,, ,2,82,2,Inactive,0,0.06948601220908779,0.08105416423160487,0.08230000065803525,-1.0846001613152991
https://comptox.epa.gov/dashboard/chemical/details/DTXSID0023907,Benzo(b)fluoranthene,205-99-2,C20H12,252.093900,162,634,26,Inactive,-1.2457292558653523e-12,-0.19810478555801353,0.23108561440205996,16.187796513604702,1.2091877365167827
https://comptox.epa.gov/dashboard/chemical/details/DTXSID1034181,Raloxifene hydrochloride,82640-04-8,C28H28ClNO4S,509.142757,416,734,57,Inactive,2.990234863340614e-20,0.12216670428345393,0.14250522943853616,5.597194352080638,0.7479703872302478
https://comptox.epa.gov/dashboard/chemical/details/DTXSID4052710,"2,4,4'-Tribromodiphenyl ether",41318-75-6,C12H7Br3O,403.804704,0,84,0,Inactive,-1.0712697557231277e-16,-0.35042287283047624,0.40876188144809766,24.61470574621702,1.3911946484143578
https://comptox.epa.gov/dashboard/chemical/details/DTXSID8027373,"1,3,4,6,7,8-Hexahydro-4,6,6,7,8,8-hexamethylcyclopenta[g]-2-benzopyran",1222-05-5,C18H26O,258.198365,33,88,38,Inactive,4.801541481693019e-7,0.2766042049308765,0.3226537534800068,100,2
https://comptox.epa.gov/dashboard/chemical/details/DTXSID9052682,"3,6-Dimethylphenanthrene",1576-67-6,C16H14,206.109550,6,81,7,Inactive,0,-0.22692823088053163,0.26470763697348215,0.5539623414776552,-0.256519757734284
https://comptox.epa.gov/dashboard/chemical/details/DTXSID4052689,"2,2',4,4',6-Pentabromodiphenyl ether",189084-64-8,C12H5Br5O,559.625730,0,81,0,Inactive,1.170388682610798e-15,0.10017727506975099,0.11685496184966418,182.85776547462615,2.26211340837747
https://comptox.epa.gov/dashboard/chemical/details/DTXSID8052693,"2,2',3,4,4',5',6-Heptabromodiphenyl ether",207122-16-5,C12H3Br7O,715.446756,0,81,0,Inactive,0,-0.04650905747832163,0.05425196616207602,0.08230000114707534,-1.08460015873465
https://comptox.epa.gov/dashboard/chemical/details/DTXSID4026684,2-(Phenylmethylene)octanal,101-86-0,C15H20O,216.151415,85,602,14,Inactive,7.834484480393761e-7,0.09081569749187278,0.10593485257384347,60,1.7781512503836436
https://comptox.epa.gov/dashboard/chemical/details/DTXSID5021590,Dodecanoic acid,143-07-7,C12H24O2,200.177630,33,363,9,Inactive,0,0.29818443552140805,0.34782669834806873,0.12780368251984903,-0.8934566322886615
https://comptox.epa.gov/dashboard/chemical/details/DTXSID3020332,Citric acid,77-92-9,C6H8O7,192.027003,2,609,0,Inactive,8.336038690972899e-12,0.02472803278364162,0.028844798638590772,60,1.7781512503836436
https://comptox.epa.gov/dashboard/chemical/details/DTXSID9021130,1-Phenyl-3-methyl-5-pyrazolone,89-25-8,C10H10N2O,174.079313,17,446,4,Inactive,0,0.3244783271048982,0.3784980426796908,14.443170382819664,1.1596625345518607
https://comptox.epa.gov/dashboard/chemical/details/DTXSID2020216,Dibutyl paracresol,128-37-0,C15H24O,220.182715,54,359,15,Inactive,0.012511904541496536,0.6260990330968979,0.7303330877757273,60,1.7781512503836436
https://comptox.epa.gov/dashboard/chemical/details/DTXSID7021239,Retinoic acid,302-79-4,C20H28O2,300.208930,268,717,37,Inactive,0.00004246559127474725,0.3691323251203679,0.43058611585696077,60,1.7781512503836436
https://comptox.epa.gov/dashboard/chemical/details/DTXSID401339551,AFFF Solberg Unfractionated (1X),NOCAS_1339551,, ,27,81,33,Inactive,3.721310913768299e-8,0.33236421121143844,0.3876967824715149,0.031096240698769203,-1.5072921107308326
https://comptox.epa.gov/dashboard/chemical/details/DTXSID801339553,AFFF Solberg F1 (1X),NOCAS_1339553,, ,15,81,19,Inactive,0,0.06139910972295365,0.07162094017114622,0.00010042761565820769,-3.9981468481585734
https://comptox.epa.gov/dashboard/chemical/details/DTXSID501339554,AFFF Solberg F2 (1X),NOCAS_1339554,, ,6,81,7,Inactive,0,0.2829504514062591,0.3300565340932052,0.012959574197022192,-1.887409267518015
https://comptox.epa.gov/dashboard/chemical/details/DTXSID201339555,AFFF Solberg F3 (1X),NOCAS_1339555,, ,5,81,6,Inactive,2.1070111980173607e-7,0.3082191371234269,0.3595319945049089,0.09516311099859216,-1.0215313687844438
https://comptox.epa.gov/dashboard/chemical/details/DTXSID901339556,AFFF Solberg F1 (0.33X) + F2 (0.33X) + F3 (0.33X),NOCAS_1339556,, ,9,81,11,Inactive,1.3081455049722047e-7,0.22863427690049473,0.26669770849856356,0.05,-1.3010299956639813
https://comptox.epa.gov/dashboard/chemical/details/DTXSID601339557,AFFF Solberg F1 (0.5X) +  F2 (0.5X),NOCAS_1339557,, ,14,81,17,Inactive,1.473709462696872e-9,0.2366661947838846,0.27606679402409473,0.05,-1.3010299956639813
https://comptox.epa.gov/dashboard/chemical/details/DTXSID301339558,AFFF Solberg F1 (0.5X) + F3 (0.5X),NOCAS_1339558,, ,13,81,16,Inactive,1.0612784038596873e-12,0.16560465312951372,0.1931748034681724,0.05,-1.3010299956639813
https://comptox.epa.gov/dashboard/chemical/details/DTXSID001339559,AFFF Solberg F2(0.5X) + F3(0.5X),NOCAS_1339559,, ,7,81,9,Inactive,9.966221856608341e-8,0.23410727612429325,0.27308186214074354,0.05,-1.3010299956639813
https://comptox.epa.gov/dashboard/chemical/details/DTXSID301339560,AFFF Solberg H20 blank,NOCAS_1339560,, ,0,81,0,Inactive,5.281906676466954e-9,0.17536947331544556,0.20456528788194187,0.05,-1.3010299956639813
https://comptox.epa.gov/dashboard/chemical/details/DTXSID201339593,AFFF Solberg F1 blank,NOCAS_1339593,, ,3,81,4,Inactive,0,-0.12184753356105152,0.14213292261981011,0.012169232731990663,-1.9147368030983751
https://comptox.epa.gov/dashboard/chemical/details/DTXSID601339595,AFFF Solberg F2 blank,NOCAS_1339595,, ,0,81,0,Inactive,1.1403872935638628e-8,0.07192603993471113,0.08390041201176568,0.05,-1.3010299956639813
https://comptox.epa.gov/dashboard/chemical/details/DTXSID701339598,AFFF Solberg F3 blank,NOCAS_1339598,, ,1,81,1,Inactive,0,-0.35471156701246076,0.4137645648877474,0.01226540784445719,-1.911318006230334
https://comptox.epa.gov/dashboard/chemical/details/DTXSID4041284,6:2 Fluorotelomer sulfonamide betaine,34455-29-3,C15H19F13N2O4S,570.085794,9,81,11,Inactive,5.421379444747831e-13,0.18020736744413912,0.2102086030294898,0.08997488883372037,-1.0458786812566754
https://comptox.epa.gov/dashboard/chemical/details/DTXSID201351484,Propylparaben; 2-(Phenylmethylene)octanal (33:67),NOCAS_1351484,, ,14,81,17,Inactive,5.082689716514117e-7,0.1806305680291739,0.2107022587830982,60,1.7781512503836436
https://comptox.epa.gov/dashboard/chemical/details/DTXSID901351485,Propylparaben; 2-(Phenylmethylene)octanal (67:33),NOCAS_1351485,, ,10,81,12,Inactive,1.326363100065178e-9,0.06422230797509634,0.07491414937271881,59.99999999999999,1.7781512503836436
https://comptox.epa.gov/dashboard/chemical/details/DTXSID101351786,Propylparaben; Butylated hydroxytoluene (33:67),NOCAS_1351786,, ,23,81,28,Inactive,1.8076319090117368e-11,0.2727435789654068,0.3181504037971903,60,1.7781512503836436
https://comptox.epa.gov/dashboard/chemical/details/DTXSID801351787,Propylparaben; Butylated hydroxytoluene (67:33),NOCAS_1351787,, ,6,81,7,Inactive,-4.262517945575006e-18,-0.11523199251990224,0.13441601481372212,0.39154520232726653,-0.40721809315114577
https://comptox.epa.gov/dashboard/chemical/details/DTXSID501351788,2-(Phenylmethylene)octanal; Butylated hydroxytoluene (33:67),NOCAS_1351788,, ,23,81,28,Inactive,4.7419019698009935e-12,0.02452080844285151,0.028603075229559235,60,1.7781512503836436
https://comptox.epa.gov/dashboard/chemical/details/DTXSID201351789,2-(Phenylmethylene)octanal; Butylated hydroxytoluene (67:33),NOCAS_1351789,, ,26,81,32,Inactive,0.000014303610252618087,0.3298937610977703,0.38481504753129836,59.99999999999999,1.7781512503836436
https://comptox.epa.gov/dashboard/chemical/details/DTXSID501351790,Citric acid; Butylated hydroxytoluene (33:67),NOCAS_1351790,, ,19,81,23,Inactive,-8.585692768962502e-16,-0.07297863836529653,0.08512824885763148,60.00000000000001,1.7781512503836436
https://comptox.epa.gov/dashboard/chemical/details/DTXSID201351791,Citric acid; Butylated hydroxytoluene (67:33),NOCAS_1351791,, ,5,81,6,Inactive,3.118928283698234e-11,0.0879267236222009,0.10256491731567112,60,1.7781512503836436
https://comptox.epa.gov/dashboard/chemical/details/DTXSID601351793,Dodecanoic acid; Propylparaben (67:33),NOCAS_1351793,, ,5,81,6,Inactive,1.1342270051570495e-17,0.23797695437362493,0.27759577114736483,0.07144266074875687,-1.146042379329694
https://comptox.epa.gov/dashboard/chemical/details/DTXSID301351794,Dodecanoic acid; Propylparaben (33:67),NOCAS_1351794,, ,4,81,5,Inactive,3.86047012699548e-8,0.31798912247889655,0.3709285039946137,59.99999999999999,1.7781512503836436
https://comptox.epa.gov/dashboard/chemical/details/DTXSID001351795,1-Phenyl-3-methyl-5-pyrazolone; Propylparaben (33:67),NOCAS_1351795,, ,4,81,5,Inactive,1.7971291590476051e-10,0.0552976439520129,0.06450369177929409,60,1.7781512503836436
https://comptox.epa.gov/dashboard/chemical/details/DTXSID701351796,1-Phenyl-3-methyl-5-pyrazolone; Propylparaben (67:33),NOCAS_1351796,, ,5,81,6,Inactive,5.20493303742523e-10,0.09150332257075945,0.10673695467039408,60,1.7781512503836436
https://comptox.epa.gov/dashboard/chemical/details/DTXSID101351798,Propylparaben; Bisphenol A (50:50),NOCAS_1351798,, ,9,81,11,Inactive,-1.1545178059161746e-9,-0.02747752053933772,0.03205202589221969,60,1.7781512503836436
https://comptox.epa.gov/dashboard/chemical/details/DTXSID801351799,Propylparaben and Triclosan (50:50),NOCAS_1351799,, ,26,81,32,Inactive,0.25905130132403986,0.8307850958244637,0.9690956418034122,18.9274447949527,1.2770919881658926
https://comptox.epa.gov/dashboard/chemical/details/DTXSID90872718,EPAMED_Water_Set3-13,NOCAS_872718,, ,1,82,1,Inactive,1.0056925217797485e-8,0.010230981524356753,0.011934253101623112,5,0.6989700043360189
https://comptox.epa.gov/dashboard/chemical/details/DTXSID301351801,Propylparaben; Rifampicin (50:50),NOCAS_1351801,, ,5,81,6,Inactive,8.84457909219339e-12,0.19143238977855354,0.22330238658206017,6.422703146468088,0.8077178496444694
https://comptox.epa.gov/dashboard/chemical/details/DTXSID001351802,2-(Phenylmethylene)octanal; Bisphenol A (50:50),NOCAS_1351802,, ,19,81,23,Inactive,0.00027425736994757895,0.4898223742287011,0.5713688540016012,60,1.7781512503836436
https://comptox.epa.gov/dashboard/chemical/details/DTXSID701351803,2-(Phenylmethylene)octanal and Triclosan (50:50),NOCAS_1351803,, ,26,81,32,Inactive,0.003967390050064803,0.3796399835229536,0.4428431074841388,18.9274447949527,1.2770919881658926
https://comptox.epa.gov/dashboard/chemical/details/DTXSID401351804,2-(Phenylmethylene)octanal; Pioglitazone hydrochloride (50:50),NOCAS_1351804,, ,11,81,14,Inactive,2.3211302387886194e-11,0.10203688045953695,0.11902415757521734,60,1.7781512503836436
https://comptox.epa.gov/dashboard/chemical/details/DTXSID101351805,2-(Phenylmethylene)octanal; Bexarotene (50:50),NOCAS_1351805,, ,24,81,30,Inactive,-3.381674040931761e-16,-0.33987933242933305,0.3964630341249086,0.1658029821848533,-0.7804076623576495
https://comptox.epa.gov/dashboard/chemical/details/DTXSID50872719,EPAMED_Water_Set3-14,NOCAS_872719,, ,0,82,0,Inactive,4.681849511221583e-12,0.05579995107636142,0.06508962386630376,5,0.6989700043360189
https://comptox.epa.gov/dashboard/chemical/details/DTXSID801351806,Citric acid; Bexarotene (50:50),NOCAS_1351806,, ,23,81,28,Inactive,-1.3006609622104263e-10,-0.32000293579382555,0.3732775804485752,4.385925537986233,0.6420612541731954
https://comptox.epa.gov/dashboard/chemical/details/DTXSID501351807,Butylated hydroxytoluene; Bexarotene (50:50),NOCAS_1351807,, ,20,81,25,Inactive,0.0025479950356404953,0.35417184260668527,0.4131349862252981,18.9873417721519,1.2784641677652397
https://comptox.epa.gov/dashboard/chemical/details/DTXSID5047245,Corexit 9500,172306-86-4,, ,19,81,23,Inactive,3.1511306758419856e-8,0.4005252634231187,0.46720540506364533,0.00002514804533156001,-4.599495765467204
https://comptox.epa.gov/dashboard/chemical/details/DTXSID20872706,EPAMED_Water_Set3-1,NOCAS_872706,, ,1,82,1,Inactive,-0.000009164651119068883,-0.18834682755223342,0.21970313459611476,5,0.6989700043360189
https://comptox.epa.gov/dashboard/chemical/details/DTXSID10872715,EPAMED_Water_Set3-10,NOCAS_872715,, ,7,82,9,Inactive,-0.000023412553710954904,-0.060480050617477105,0.0705488745092157,5,0.6989700043360189
https://comptox.epa.gov/dashboard/chemical/details/DTXSID70872716,EPAMED_Water_Set3-11,NOCAS_872716,, ,2,82,2,Inactive,-1.839241072396152e-9,-0.13698215927643692,0.1597871871159137,5.000000000000001,0.6989700043360189
https://comptox.epa.gov/dashboard/chemical/details/DTXSID30872717,EPAMED_Water_Set3-12,NOCAS_872717,, ,1,82,1,Inactive,0,-0.2949125242407476,0.3440100735934939,0.09235511342441546,-1.0345390539808756
https://comptox.epa.gov/dashboard/chemical/details/DTXSID2032348,Chlorophacinone,3691-35-8,C23H15ClO3,374.070972,161,382,42,Inactive,0,0.14241541675954023,0.16612498274336884,0.16538516113673596,-0.7815034592667365
https://comptox.epa.gov/dashboard/chemical/details/DTXSID8025337,Formamide,75-12-7,CH3NO,45.021464,6,583,1,Inactive,0,-0.06471912215848465,0.07549367404441497,5.821848515854498,0.765060900933711
https://comptox.epa.gov/dashboard/chemical/details/DTXSID4048511,Ro 3280,1062243-51-9,C27H35F2N7O3,543.276944,403,706,57,Inactive,0,0.25430827148755475,0.29664595430491497,2.6765017869251087,0.42756753766955513
https://comptox.epa.gov/dashboard/chemical/details/DTXSID8027240,"3,4-Dinitrotoluene",610-39-9,C7H6N2O4,182.032757,121,455,27,Inactive,0,-0.17756444635035562,0.2071256838407745,0.3360651471722371,-0.47357652524440397
https://comptox.epa.gov/dashboard/chemical/details/DTXSID6025690,Musk ketone,81-14-1,C14H18N2O5,294.121572,26,441,6,Inactive,8.819038299513155e-11,0.01501438348518962,0.017514004130542,100,2
https://comptox.epa.gov/dashboard/chemical/details/DTXSID90872733,EPAMED_Water_Set3-28,NOCAS_872733,, ,2,82,2,Inactive,0,-0.08057511257842502,0.09398939729423063,0.004120000255272867,-2.385102757058226
https://comptox.epa.gov/dashboard/chemical/details/DTXSID00903845,EPAMED_Water_Set4-21,NOCAS_903845,, ,5,81,6,Inactive,0
https://comptox.epa.gov/dashboard/chemical/details/DTXSID30903838,EPAMED_Water_Set4-14,NOCAS_903838,, ,2,81,2,Inactive,0
https://comptox.epa.gov/dashboard/chemical/details/DTXSID60903841,EPAMED_Water_Set4-17,NOCAS_903841,, ,2,81,2,Inactive,0
https://comptox.epa.gov/dashboard/chemical/details/DTXSID2044347,4'-Methoxyacetophenone,100-06-1,C9H10O2,150.068080,4,332,1,Inactive,0,0.06469010650324633,0.07545982781248706,0.08440000017777519,-1.0736575524595726
https://comptox.epa.gov/dashboard/chemical/details/DTXSID3025047,Diethylene glycol diethyl ether,112-36-7,C8H18O3,162.125594,4,331,1,Inactive,0,0.09196125326084854,0.10727112245727881,0.08230000221056738,-1.0846001531226366
https://comptox.epa.gov/dashboard/chemical/details/DTXSID7027259,"1,3-Benzenedicarbonitrile",626-17-5,C8H4N2,128.037448,3,330,1,Inactive,0,0.2683425922442175,0.31301673316133627,26.536871157201467,1.4238497158431758
https://comptox.epa.gov/dashboard/chemical/details/DTXSID50903870,EPAMED_Water_Set5-11,NOCAS_903870,, ,0,82,0,Inactive,0
https://comptox.epa.gov/dashboard/chemical/details/DTXSID0044363,Ethyl decanoate,110-38-3,C12H24O2,200.177630,54,439,12,Inactive,0,0.11063365870508396,0.12905214239726362,3.9981522933893148,0.6018593327833295
https://comptox.epa.gov/dashboard/chemical/details/DTXSID30903873,EPAMED_Water_Set5-14,NOCAS_903873,, ,0,82,0,Inactive,0
https://comptox.epa.gov/dashboard/chemical/details/DTXSID8032417,Isofenphos,25311-71-1,C15H24NO4PS,345.116366,84,454,19,Inactive,0,-0.26163414595467427,0.3051914530797082,3.25384373773014,0.5123966925863818
https://comptox.epa.gov/dashboard/chemical/details/DTXSID8027747,"2,2'-Azobis(2-methylbutanenitrile)",13472-08-7,C10H16N4,192.137497,4,438,1,Inactive,0,-0.3800807689163138,0.44335727559551075,25.419278717914363,1.4051632231151598
https://comptox.epa.gov/dashboard/chemical/details/DTXSID2026991,Triethyl phosphite,122-52-1,C6H15O3P,166.075881,3,328,1,Inactive,0,-0.18092661390389767,0.21104759088933198,24.446087038519345,1.3882093537018854
https://comptox.epa.gov/dashboard/chemical/details/DTXSID2022096,Dipropyl disulfide,629-19-6,C6H14S2,150.053693,2,330,1,Inactive,0,-0.14338031403040113,0.16725051778808622,0.7257485766361647,-0.1392138072491865
https://comptox.epa.gov/dashboard/chemical/details/DTXSID30903878,EPAMED_Water_Set5-19,NOCAS_903878,, ,0,82,0,Inactive,0
https://comptox.epa.gov/dashboard/chemical/details/DTXSID0041224,"1,2,6-Hexanetriol",106-69-4,C6H14O3,134.094294,7,348,2,Inactive,0,-0.25354908964679135,0.2957603825524632,24.20472319944232,1.3839001204971666
https://comptox.epa.gov/dashboard/chemical/details/DTXSID60903861,EPAMED_Water_Set5-2,NOCAS_903861,, ,0,82,0,Inactive,0
https://comptox.epa.gov/dashboard/chemical/details/DTXSID70276659,"Perfluoro-(2,5,8-trimethyl-3,6,9-trioxadodecanoic) acid",65294-16-8,C12HF23O5,661.945671,2,258,1,Inactive,0,0.08694956354460708,0.10142507793085319,0.9031351413925934,-0.04424725880087939
https://comptox.epa.gov/dashboard/chemical/details/DTXSID90382620,3-(Perfluoroheptyl)propanoic acid,812-70-4,C10H5F15O2,442.005002,25,268,9,Inactive,1.886774110147678e-8,0.20579173639730053,0.240052302170715,150,2.1760912590556813
https://comptox.epa.gov/dashboard/chemical/details/DTXSID1037303,Perfluoroheptanoic acid,375-85-9,C7HF13O2,363.976895,42,717,6,Inactive,0,0.14256109844595066,0.1662949177700087,16.05639602907749,1.2056480714327122
https://comptox.epa.gov/dashboard/chemical/details/DTXSID3031860,Perfluorodecanoic acid,335-76-2,C10HF19O2,513.967314,284,742,38,Inactive,-0.0000045155104816613096,-0.4779291167234614,0.5574955863261194,50,1.6989700043360187
https://comptox.epa.gov/dashboard/chemical/details/DTXSID90868151,Perfluorotridecanoic acid,72629-94-8,C13HF25O2,663.957733,40,263,15,Inactive,-5.997467460954829e-11,-0.01827137128748783,0.021313220920152014,100,2
https://comptox.epa.gov/dashboard/chemical/details/DTXSID5059799,"1H,1H-Perfluorooctyl acrylate",307-98-2,C11H5F15O2,454.005002,11,258,4,Inactive,1.3791093883322682e-10,0.2522952119693695,0.29429775714108863,86.65560564222767,1.9377966619229068
https://comptox.epa.gov/dashboard/chemical/details/DTXSID7040150,Perfluorohexanesulfonic acid,355-46-4,C6HF13O3S,399.943881,28,259,11,Inactive,0,0.15651933890116554,0.1825769503442316,0.9332478511183055,-0.030003001400089782
https://comptox.epa.gov/dashboard/chemical/details/DTXSID3059971,1-Bromoheptafluoropropane,422-85-5,C3BrF7,247.907160,0,81,0,Inactive,0,0.13816478015292438,0.16116669277034817,17.886666092459244,1.2525293996743019
https://comptox.epa.gov/dashboard/chemical/details/DTXSID50880218,"1H,1H,2H-Perfluorocyclopentane",15290-77-4,C5H3F7,196.012297,1,245,0,Inactive,0,0.047985617828095475,0.055974346843936366,0.10160344069604979,-0.9930915848669913
https://comptox.epa.gov/dashboard/chemical/details/DTXSID60380390,"2,2,2-Trifluoroethyl perfluorobutanesulfonate",79963-95-4,C6H2F12O3S,381.953303,39,260,15,Inactive,1.5720441440222858e-8,0.3064661486553682,0.3574871654714253,150,2.1760912590556813
https://comptox.epa.gov/dashboard/chemical/details/DTXSID7027831,N-Methyl-N-(2-hydroxyethyl)perfluorooctanesulfonamide,24448-09-7,C11H8F17NO3S,556.995343,21,277,8,Inactive,0,-0.14899545832324718,0.1738004810573408,35.05815893991716,1.5447891056189071
https://comptox.epa.gov/dashboard/chemical/details/DTXSID7059933,Perfluoro(N-methylmorpholine),382-28-5,C5F11NO,298.980423,0,93,0,Inactive,5.928037148495271e-13,0.006838542546286175,0.007977034989194607,150,2.1760912590556813
https://comptox.epa.gov/dashboard/chemical/details/DTXSID70191136,Perfluoro-3-methoxypropanoic acid,377-73-1,C4HF7O3,229.981391,2,265,1,Inactive,1.0358665747896086e-11,0.3178936862134289,0.3708171793338807,100.00000000000001,2
https://comptox.epa.gov/dashboard/chemical/details/DTXSID60903881,EPAMED_Water_Set5-22,NOCAS_903881,, ,0,82,0,Inactive,0
https://comptox.epa.gov/dashboard/chemical/details/DTXSID20179883,2-(Perfluorohexyl)ethylphosphonic acid,252237-40-4,C8H6F13O3P,427.984697,13,284,5,Inactive,5.1704687118967385e-12,0.11752146913105137,0.13708664746833615,150,2.1760912590556813
https://comptox.epa.gov/dashboard/chemical/details/DTXSID3065586,(Perfluoropropyl)methyl methacrylate,13695-31-3,C8H7F7O2,268.033427,3,266,1,Inactive,0,0.1657493685610506,0.1933436113761488,15.745740180188804,1.197163080889739
https://comptox.epa.gov/dashboard/chemical/details/DTXSID80379781,Perfluorocyclohexanecarbonyl fluoride,6588-63-2,C7F12O,327.975753,1,266,0,Inactive,-1.7417195560097887e-10,-0.07459009430627696,0.08700798278306086,150,2.1760912590556813
https://comptox.epa.gov/dashboard/chemical/details/DTXSID7074616,"1H,1H,2H-Perfluoro-1-decene",21652-58-4,C10H3F17,445.996329,1,257,0,Inactive,6.979683505884496e-14,0.28763004682857907,0.3355151966907486,50.00000000000001,1.6989700043360187
https://comptox.epa.gov/dashboard/chemical/details/DTXSID4047753,Perylene,198-55-0,C20H12,252.093900,2,84,2,Inactive,-2.7897037116549414e-13,-0.24637468568207943,0.2873915713524504,0.08230000082364253,-1.0846001604413948
https://comptox.epa.gov/dashboard/chemical/details/DTXSID7060332,(Perfluorobutyryl)-2-thenoylmethane,559-94-4,C10H5F7O2S,321.989848,162,297,55,Inactive,0.0004496682933575869,0.46360342230325413,0.5407849254124772,50,1.6989700043360187
https://comptox.epa.gov/dashboard/chemical/details/DTXSID5027140,Perfluorooctanesulfonyl fluoride,307-35-7,C8F18O2S,501.933157,3,260,1,Inactive,0,-0.057496831244345625,0.06706900359244607,0.0045500004902233075,-2.3419885565514007
https://comptox.epa.gov/dashboard/chemical/details/DTXSID00194615,"1H,1H,9H-Perfluorononyl acrylate",4180-26-1,C12H6F16O2,486.011230,53,263,20,Inactive,0,-0.14923010908016376,0.17407419687990028,1.9679294998763632,0.2940095359839931
https://comptox.epa.gov/dashboard/chemical/details/DTXSID3066215,(Heptafluorobutanoyl)pivaloylmethane,17587-22-3,C10H11F7O2,296.064727,27,284,10,Inactive,-7.640614567777998e-9,-0.21700239558500586,0.25312933137496074,95.07629678237898,1.9780722576344025
https://comptox.epa.gov/dashboard/chemical/details/DTXSID30382063,"Perfluoro-3,6-dioxaheptanoic acid",151772-58-6,C5HF9O4,295.973112,13,287,5,Inactive,0,-0.07384856179385607,0.08614299864979416,0.1413715096905116,-0.8496381041946071
https://comptox.epa.gov/dashboard/chemical/details/DTXSID6061022,Perfluorosuccinic anhydride,699-30-9,C4F4O3,171.978357,0,93,0,Inactive,2.2427772527295087e-8,0.26208730696522287,0.3057200571225167,150,2.1760912590556813
https://comptox.epa.gov/dashboard/chemical/details/DTXSID3059921,Perfluorotetradecanoic acid,376-06-7,C14HF27O2,713.954540,20,261,8,Inactive,3.1661607462231955e-10,0.17553554503085742,0.20475900750503254,50,1.6989700043360187
https://comptox.epa.gov/dashboard/chemical/details/DTXSID50469320,Perfluorohexanesulfonamide,41997-13-1,C6H2F13NO2S,398.959866,70,260,27,Inactive,8.341354592035036e-8,0.26327317118556376,0.3071033460783236,150,2.1760912590556813
https://comptox.epa.gov/dashboard/chemical/details/DTXSID7061982,Perfluoromethylcyclopentane,1805-22-7,C6F12,299.980838,0,93,0,Inactive,2.517698767485477e-10,0.01759428469132109,0.020523411771231827,150,2.1760912590556813
https://comptox.epa.gov/dashboard/chemical/details/DTXSID4059833,Perfluorohexanedioic acid,336-08-3,C6H2F8O4,289.982534,3,265,1,Inactive,-3.3785312943208817e-14,-0.16466804446501068,0.19208226656614186,150,2.1760912590556813
https://comptox.epa.gov/dashboard/chemical/details/DTXSID40380797,"1H,1H-Perfluoro-3,6,9-trioxadecan-1-ol",147492-57-7,C7H3F13O4,397.982375,108,287,38,Inactive,0,-0.10189814460361425,0.118862324732991,0.022020744275242806,-1.6571680064737841
https://comptox.epa.gov/dashboard/chemical/details/DTXSID5067348,2-(Perfluorooctyl)ethyl acrylate,27905-45-9,C13H7F17O2,518.017458,10,264,4,Inactive,-1.0245189040378423e-15,-0.0309835744407599,0.036141773737809336,50,1.6989700043360187
https://comptox.epa.gov/dashboard/chemical/details/DTXSID4059912,Heptafluorobutyl iodide,374-98-1,C4H2F7I,309.908940,3,264,1,Inactive,3.3592974571528015e-15,0.0034660617694244516,0.004043097753983264,150,2.1760912590556813
https://comptox.epa.gov/dashboard/chemical/details/DTXSID8047133,"2,4,5-Trimethyl-3-oxazoline",22694-96-8,C6H11NO,113.084064,20,326,6,Inactive,-0.0000014893563490255425,-0.2667024847586681,0.31110357773242503,100,2
https://comptox.epa.gov/dashboard/chemical/details/DTXSID80903828,EPAMED_Water_Set4-4,NOCAS_903828,, ,1,81,1,Inactive,1.066125078674366e-7,0.17193309886434338,0.20055681984260748,5,0.6989700043360189
https://comptox.epa.gov/dashboard/chemical/details/DTXSID20903827,EPAMED_Water_Set4-3,NOCAS_903827,, ,2,81,2,Inactive,0
https://comptox.epa.gov/dashboard/chemical/details/DTXSID50903855,EPAMED_Water_Set4-41,NOCAS_903855,, ,0,81,0,Inactive,0
https://comptox.epa.gov/dashboard/chemical/details/DTXSID10903856,EPAMED_Water_Set4-42,NOCAS_903856,, ,0,81,0,Inactive,0
https://comptox.epa.gov/dashboard/chemical/details/DTXSID70903857,EPAMED_Water_Set4-43,NOCAS_903857,, ,0,81,0,Inactive,0
https://comptox.epa.gov/dashboard/chemical/details/DTXSID30903858,EPAMED_Water_Set4-44,NOCAS_903858,, ,0,81,0,Inactive,0
https://comptox.epa.gov/dashboard/chemical/details/DTXSID90903859,EPAMED_Water_Set4-45,NOCAS_903859,, ,0,81,0,Inactive,0
https://comptox.epa.gov/dashboard/chemical/details/DTXSID80195822,4-Methylcyclohexanecarboxylic acid,4331-54-8,C8H14O2,142.099380,1,82,1,Inactive,2.6548009719485887e-7,0.24186881800832022,0.2821355590008452,102.5,2.010723865391773
https://comptox.epa.gov/dashboard/chemical/details/DTXSID9041813,4-Methylcyclohexanemethanol,34885-03-5,C8H16O,128.120115,2,329,1,Inactive,0.00001584371348286762,0.19725871545680226,0.23009868908062012,99.5,1.9978230807457253
https://comptox.epa.gov/dashboard/chemical/details/DTXSID3026566,"Dimethyl cyclohexane-1,4-dicarboxylate",94-60-0,C10H16O4,200.104859,4,368,1,Inactive,0.00001662848226177652,0.41563554445130346,0.4848312719267319,100,2
https://comptox.epa.gov/dashboard/chemical/details/DTXSID90274132,DOWANOL DiPPH Glycol Ether,NOCAS_274132,, ,3,82,4,Inactive,0.0005386808149813252,0.29454488388767386,0.3435812278357817,101.50000000000001,2.0064660422492318
https://comptox.epa.gov/dashboard/chemical/details/DTXSID9027312,1-Phenoxy-2-propanol,770-35-4,C9H12O2,152.083730,5,365,1,Inactive,4.57231874182528e-16,0.352048483936919,0.4106581271155257,44.66911571017006,1.6500073550687748
https://comptox.epa.gov/dashboard/chemical/details/DTXSID8047262,CI-1029,207736-05-8,C28H37NO4S,483.244330,56,678,8,Inactive,-0.00027376665150993394,-0.1824688446144368,0.21284657484769925,100,2
https://comptox.epa.gov/dashboard/chemical/details/DTXSID3047263,PharmaGSID_47263,349495-42-7,C15H16N4O2,284.127326,53,673,8,Inactive,-0.000001998862054220862,-0.03929164240754223,0.04583298329233949,11,1.041392685158225
https://comptox.epa.gov/dashboard/chemical/details/DTXSID8047264,CP-283097,171866-31-2,C20H22FNO4,359.153286,39,667,6,Inactive,0,-0.16448704112027648,0.1918711294701403,0.099032596224956,-1.0042218353962291
https://comptox.epa.gov/dashboard/chemical/details/DTXSID3047265,CP-471358,NOCAS_47265,C21H23FN2O7S,466.121000,10,613,2,Inactive,-0.0001181184910543339,-0.29337579292727667,0.3422175045813722,100,2
https://comptox.epa.gov/dashboard/chemical/details/DTXSID8047266,CP-544439,230954-09-3,C18H19FN2O6S,410.094786,69,632,11,Inactive,0.06024506540403352,0.7313821438712642,0.8531439137278843,170.8901710416665,2.2327170844578728
https://comptox.epa.gov/dashboard/chemical/details/DTXSID3047267,CP-642931,NOCAS_47267,C17H25N7O,343.212058,17,597,3,Inactive,-7.89591231738409e-13,-0.1381430648619934,0.16114136228005954,0.013649745599497425,-1.8648754428183936
https://comptox.epa.gov/dashboard/chemical/details/DTXSID8020628,Fluometuron,2164-17-2,C10H11F3N2O,232.082347,39,669,6,Inactive,0,0.12156645805588566,0.14180505317626454,0.11352211119561537,-0.9449195408056899
https://comptox.epa.gov/dashboard/chemical/details/DTXSID7047277,Elzasonan,361343-19-3,C22H23Cl2N3OS,447.093889,292,631,46,Inactive,-3.3015909831462927e-7,-0.22209729401026915,0.2590724373408349,3.7,0.568201724066995
https://comptox.epa.gov/dashboard/chemical/details/DTXSID2047278,CP-457677,214535-77-0,C22H21FN2O3,380.153621,52,619,8,Inactive,0,-0.09546788039202064,0.11136153896490295,0.009000000040281963,-2.0457574886168715
https://comptox.epa.gov/dashboard/chemical/details/DTXSID7047279,CP-532623,261947-38-0,C27H27F9N2O3,598.187796,41,608,7,Inactive,0.000120488301538586,0.23750523757950773,0.2770455221219044,100,2
https://comptox.epa.gov/dashboard/chemical/details/DTXSID6047280,CP-607366,289716-94-5,C14H12Cl2FNO,299.027998,198,622,32,Inactive,0.0003208639211168499,0.42934633714032056,0.5008246612007783,11,1.041392685158225
https://comptox.epa.gov/dashboard/chemical/details/DTXSID1047281,CP-612372,353280-07-6,C22H20N4O4,404.148455,54,613,9,Inactive,-0.0022733977912098922,-0.42712689271597337,0.49823571981308373,100,2
https://comptox.epa.gov/dashboard/chemical/details/DTXSID6047282,"(2R)-2-[4-[[[[2-(1,3-Benzodioxol-5-yloxy)-3-pyridinyl]carbonyl]amino]methyl]-3-fluorophenoxy]propanoic acid",445295-04-5,C23H19FN2O7,454.117629,16,608,3,Inactive,-0.000013264754045668635,-0.0014380162301208734,0.0016774196702093451,100,2
https://comptox.epa.gov/dashboard/chemical/details/DTXSID5047299,CP-422935,NOCAS_47299,C26H38N2O4S,474.255229,18,610,3,Inactive,-1.1663834598989667e-9,-0.39550310849395043,0.4613471530574649,1.5884020479677874,0.20096043833929927
https://comptox.epa.gov/dashboard/chemical/details/DTXSID2047301,CP-456773,210826-40-7,C20H24N2O5S,404.140593,39,611,6,Inactive,0.0007158374981507121,0.16074155562719622,0.18750208904557675,100,2
https://comptox.epa.gov/dashboard/chemical/details/DTXSID2047303,CJ-013790,179465-71-5,C18H17FN2O4,344.117235,203,678,30,Inactive,0.002818355145727322,0.40682171729817557,0.47455010351791693,33,1.5185139398778875
https://comptox.epa.gov/dashboard/chemical/details/DTXSID7047304,CP-100829,135080-03-4,C14H7Cl2FN2O3S,371.953847,295,630,47,Inactive,-1.666788429852288e-16,-0.20257934099587427,0.23630510160233928,0.0010000000029630296,-2.9999999987131725
https://comptox.epa.gov/dashboard/chemical/details/DTXSID2047305,CP-608039,NOCAS_47305,C23H25ClN8O5,528.163644,7,603,1,Inactive,-0.00000682970507328095,-0.42065761616136715,0.4906894268593467,0.4598787688518538,-0.33735663996569576
https://comptox.epa.gov/dashboard/chemical/details/DTXSID7047306,CP-634384,290352-28-2,C19H19NO5,341.126323,70,648,11,Inactive,0,-0.08266223497646588,0.09642398745481176,0.15732252981777567,-0.8032090785535033
https://comptox.epa.gov/dashboard/chemical/details/DTXSID2047307,PD-0333941,501027-49-2,C23H22N2O4,390.157957,141,629,22,Inactive,0.000060532362394863076,0.19546719831628556,0.22800891705435633,100,2
https://comptox.epa.gov/dashboard/chemical/details/DTXSID7047308,CP-105696,158081-99-3,C28H28O4,428.198759,215,608,35,Inactive,0.0008607868936706856,0.2860874172996063,0.33371574751796196,11,1.041392685158225
https://comptox.epa.gov/dashboard/chemical/details/DTXSID2047309,UK-156819,162706-14-1,C19H20N2O2,308.152478,37,611,6,Inactive,-4.625077474673279e-17,-0.22385602003313684,0.2611239591272193,0.009000000305625453,-2.045757475812737
https://comptox.epa.gov/dashboard/chemical/details/DTXSID1047316,Aplaviroc hydrochloride,461023-63-2,C33H44ClN3O6,613.291864,164,590,28,Inactive,-1.0343011356592244e-7,-0.5850463497146027,0.6824458823479068,0.2803103581944366,-0.5523608536361836
https://comptox.epa.gov/dashboard/chemical/details/DTXSID5047320,SB236057A,180084-01-9,C33H35ClN4O3,570.239769,372,673,55,Inactive,-2.112011457569689e-18,-0.20996917344442861,0.24492520619442334,0.00178572862628683,-2.7481845393225517
https://comptox.epa.gov/dashboard/chemical/details/DTXSID6047319,Carabersat,184653-84-7,C20H20FNO4,357.137636,20,580,3,Inactive,0,-0.3525803713858988,0.41127856411099767,12.235411955916323,1.0876185962598828
https://comptox.epa.gov/dashboard/chemical/details/DTXSID6047311,GSK163929B,NOCAS_47311,C36H40ClF2N5O3S,695.250845,244,658,37,Inactive,-0.000004571118425337246,-0.2799428114346014,0.32654817699424366,11,1.041392685158225
https://comptox.epa.gov/dashboard/chemical/details/DTXSID5047322,SB243213A,200940-23-4,C22H20ClF3N4O2,464.122688,181,633,29,Inactive,-0.000023666891648175037,-0.5083072502689423,0.5929311243166419,0.009513719537816507,-2.0216496556251795
https://comptox.epa.gov/dashboard/chemical/details/DTXSID8023719,Troglitazone,97322-87-7,C24H27NO5S,441.160994,273,714,38,Inactive,-1.3931347410223934e-17,-0.40527816783731097,0.47274958126137906,0.04009301373977252,-1.3969312971702923
https://comptox.epa.gov/dashboard/chemical/details/DTXSID1047318,SB202235,139149-55-6,C16H16N2O4,300.111007,42,600,7,Inactive,-0.000008407610218364296,-0.4212835077094284,0.49141951791961763,0.12610217551998945,-0.8992774208957793
https://comptox.epa.gov/dashboard/chemical/details/DTXSID1047310,Farglitazar,196808-45-4,C34H30N2O5,546.215472,351,720,49,Inactive,-6.504262322587876e-12,-0.18795706863154946,0.2192484879332326,0.0010000000009363027,-2.999999999593369
https://comptox.epa.gov/dashboard/chemical/details/DTXSID6047313,GW473178E methyl benzene sulphonic acid,263553-33-9,C28H37N3O5S,527.245392,103,611,17,Inactive,-1.2580097300980206e-9,-0.49292286272914154,0.5749855172137122,0.3489206377553336,-0.45727334239427975
https://comptox.epa.gov/dashboard/chemical/details/DTXSID1047312,GSK232420A,864283-48-7,C12H9F6N3O,325.064981,44,614,7,Inactive,0.4991366043057278,2.0238591518354516,2.360794739247575,26.379649344121937,1.4212690183170547
https://comptox.epa.gov/dashboard/chemical/details/DTXSID5047324,SB281832,219790-72-4,C22H19FN4O3,406.144119,63,598,11,Inactive,-1.3481464958722048e-13,-0.23069021502927273,0.26909592277856215,0.053922833621058,-1.2682272938901271
https://comptox.epa.gov/dashboard/chemical/details/DTXSID6047315,PharmaGSID_47315,444610-91-7,C33H34F3N3O4S2,657.194283,378,644,59,Inactive,-3.2349554630023384e-15,-0.25413318346945585,0.29644171732940294,0.03301284303132594,-1.4813170730750467
https://comptox.epa.gov/dashboard/chemical/details/DTXSID0047327,MK-578,313994-79-5,C35H47FN4O2,574.368305,93,609,15,Inactive,0.00020662903490149215,0.440722863492785,0.5140951714235139,100,2
https://comptox.epa.gov/dashboard/chemical/details/DTXSID5047328,"Potassium 5-carbamoyl-3-[5'-fluoro-2'-(2,2,3,3,3-pentafluoropropoxy)-3-biphenylyl]-1,2,4-triazol-1-ide hydrate (1:1:1)",NOCAS_47328,C18H13F6KN4O3,486.052891,306,636,48,Inactive,0.0046284773031859015,0.4981363693034563,0.581066977419336,33,1.5185139398778875
https://comptox.epa.gov/dashboard/chemical/details/DTXSID9047330,PharmaGSID_47330,425377-76-0,C21H15F2N5O,391.124466,195,653,30,Inactive,6.787337723705512e-14,0.19149776724898387,0.2233786482073404,0.7721295948323643,-0.11230980122244975
https://comptox.epa.gov/dashboard/chemical/details/DTXSID4047331,MK-547,331623-06-4,C31H31NNa2O7,575.189591,12,608,2,Inactive,0.00006837950907787434,0.44853696694822504,0.5232101803967466,182.33685957847644,2.2608744705936537
https://comptox.epa.gov/dashboard/chemical/details/DTXSID9047338,HMR1426,262376-75-0,C16H12ClNOS,301.032813,177,642,28,Inactive,0.0000017512865236234213,0.17195086143271915,0.2005775395542233,100,2
https://comptox.epa.gov/dashboard/chemical/details/DTXSID4047339,SR144190,181640-09-5,C33H39ClF2N4O3,612.267875,112,651,17,Inactive,-3.7560336573153315e-8,-0.03843751777982769,0.044836662512831894,100,2
https://comptox.epa.gov/dashboard/chemical/details/DTXSID8047341,SSR146977,264618-44-2,C35H42Cl2N4O2,620.268482,193,687,28,Inactive,1.1324559219689283e-7,0.08612700530644414,0.10046557876826635,2.75,0.43933269383026263
https://comptox.epa.gov/dashboard/chemical/details/DTXSID3047342,SR125047,NOCAS_47342,C22H27Cl2NO,391.146970,331,705,47,Inactive,6.343844339241933e-7,0.22171017459300407,0.25862086961048614,11,1.041392685158225
https://comptox.epa.gov/dashboard/chemical/details/DTXSID3047344,Cariporide mesylate,159138-81-5,C13H21N3O6S2,379.087178,76,622,12,Inactive,0,0.41526550981906596,0.48439963328610147,25.10031817740359,1.3996792267326248
https://comptox.epa.gov/dashboard/chemical/details/DTXSID3047346,SSR162369,NOCAS_47346,C18H22F2N6O,376.182316,31,615,5,Inactive,0.0001615441775758396,0.23298344761119383,0.27177093670448704,100,2
https://comptox.epa.gov/dashboard/chemical/details/DTXSID8047347,SR271425,155990-20-8,C22H27N3O3S,413.177313,368,696,53,Active,0.9984000547348212,1.897453316197513,2.213344640502511,2.8975396023492057,0.4620293804300063
https://comptox.epa.gov/dashboard/chemical/details/DTXSID3047348,SSR504734,742693-38-5,C20H20ClF3N2O,396.121625,278,648,43,Inactive,0,0.1087352192544424,0.12683764744894174,0.022392331762467757,-1.6499006800321723
https://comptox.epa.gov/dashboard/chemical/details/DTXSID8047349,AVE8488,NOCAS_47349,C23H25ClFN3O4,461.151762,194,625,31,Inactive,0.04807706067011157,0.7529016465536807,0.8782460206001927,33,1.5185139398778875
https://comptox.epa.gov/dashboard/chemical/details/DTXSID2047351,SSR 240612,464930-42-5,C42H53ClN4O7S,792.332349,347,656,53,Inactive,1.5745966249426622e-7,0.39003013678570175,0.4549630315116712,0.0014857382406241763,-2.8280576984261327
https://comptox.epa.gov/dashboard/chemical/details/DTXSID2047353,SSR 241586 HCl,NOCAS_47353,C32H43Cl3N4O3,636.240074,421,687,61,Inactive,5.753726924003755e-7,0.042215764929025096,0.049243918810935976,0.62,-0.2076083105017461
https://comptox.epa.gov/dashboard/chemical/details/DTXSID7047356,Ilepatril,473289-62-2,C22H28N2O5S,432.171893,4,583,1,Inactive,0.000007332716618750757,0.20556431088021831,0.23978701445846912,100,2
https://comptox.epa.gov/dashboard/chemical/details/DTXSID2047357,Surinabant,288104-79-0,C23H23BrCl2N4O,520.043230,261,667,39,Inactive,0.002635839043138652,0.4693075999572081,0.5474387444714643,16.5,1.2174839442139063
https://comptox.epa.gov/dashboard/chemical/details/DTXSID7047358,Nelivaptan,439687-69-1,C30H32ClN3O8S,629.159864,250,655,38,Inactive,0.00016174882624625983,0.2798063188990795,0.3263889609442955,33,1.5185139398778875
https://comptox.epa.gov/dashboard/chemical/details/DTXSID2047359,"4-Bromophenyl 1,4-diazabicyclo(3.2.2)nonane-4-carboxylate",298198-52-4,C14H17BrN2O2,324.047341,59,650,9,Inactive,7.571036131275966e-7,0.37910469703586874,0.44221870557279325,186.43145056958983,2.2705191787081747
https://comptox.epa.gov/dashboard/chemical/details/DTXSID1047360,SR58611,929601-09-2,C22H27Cl2NO4,439.131714,179,630,28,Inactive,6.93337381991199e-17,0.22881954789588183,0.2669138237311124,0.009436320001389215,-2.025197339884675
https://comptox.epa.gov/dashboard/chemical/details/DTXSID1047362,SSR150106,NOCAS_47362,C17H17NO3,283.120843,260,680,38,Inactive,-3.3879903152552244e-8,-0.05067291633156735,0.05910903147059664,11,1.041392685158225
https://comptox.epa.gov/dashboard/chemical/details/DTXSID6047363,Volinanserin,139290-65-6,C22H28FNO3,373.205322,105,672,16,Inactive,0.00011434085772474344,0.4859599332927272,0.566863387188838,100,2
https://comptox.epa.gov/dashboard/chemical/details/DTXSID1047364,SSR 103800,1075752-90-7,, ,239,651,37,Inactive,2.804707511635248e-7,0.20928524222168893,0.24412741291360796,11,1.041392685158225
https://comptox.epa.gov/dashboard/chemical/details/DTXSID1047366,SAR115740,NOCAS_47366,C24H17F2N3O,401.133969,313,638,49,Inactive,-0.000002769382729911509,-0.06745082476402964,0.07868015524519956,100,2
https://comptox.epa.gov/dashboard/chemical/details/DTXSID6047367,HMR1171,328392-46-7,C35H48N4O3S,604.344713,142,289,49,Inactive,1.7594480167676513e-7,0.04613342570212227,0.053813798555233695,3.7000000000000006,0.568201724066995
https://comptox.epa.gov/dashboard/chemical/details/DTXSID1047368,SSR69071,344930-95-6,C27H32N4O7S,556.199171,231,641,36,Inactive,-0.000047535380169389186,-0.1102672683269725,0.1286247547125169,2.75,0.43933269383026263
https://comptox.epa.gov/dashboard/chemical/details/DTXSID6047369,SR146131 trifluoroacetate (1:1),221671-62-1,C34H37ClF3N3O7S,723.199284,368,613,60,Inactive,0.0028081856786892657,0.5921649355741413,0.6907495827476307,100,2
https://comptox.epa.gov/dashboard/chemical/details/DTXSID0047371,AVE5638,725228-45-5,C25H23FN2O2,402.174356,412,702,59,Inactive,-1.1026842179821804e-7,-0.41094069092789687,0.4793548110329269,1.1541883426552741,0.06227668360454929
https://comptox.epa.gov/dashboard/chemical/details/DTXSID5047372,AVE3295,478263-98-8,C25H21FN3NaO3S,485.118535,96,610,16,Inactive,0.000009273928200761704,0.17130692586462656,0.19982640047412048,100,2
https://comptox.epa.gov/dashboard/chemical/details/DTXSID5047374,SSR161421,477706-73-3,C25H20N4O2,408.158626,155,596,26,Inactive,0.000012994226809440374,0.30259406743956724,0.3529704534483025,100,2
https://comptox.epa.gov/dashboard/chemical/details/DTXSID0047375,AVE9423,862243-29-6,C23H12Cl2F2N2O5,504.009133,22,601,4,Inactive,0,-0.21572385732870464,0.25163793984869504,0.008215895618722968,-2.0853450869984846
https://comptox.epa.gov/dashboard/chemical/details/DTXSID5047376,AVE2865,648917-13-9,C20H17ClF3N3O4,455.085968,20,585,3,Inactive,0.000010338151475317712,0.0696657473189832,0.08126382195482852,5.5,0.7403626894942439
https://comptox.epa.gov/dashboard/chemical/details/DTXSID0047377,AVE6324,NOCAS_47377,C31H36Cl2N4O7S,678.168176,359,669,54,Inactive,1.6542300474000117e-12,0.24185852864595947,0.2821235566475641,0.7590518943359821,-0.1197285315441376
https://comptox.epa.gov/dashboard/chemical/details/DTXSID0047379,"3-Chloro-2-((3R)-5-chloro-1-(2,4-dimethoxybenzyl)-3-methyl-2-oxo-2,3-dihydro-1H-indol-3-yl)-N-ethyl-N-(3-pyridinylmethyl)benzamide hydrochloride (1:1)",1437319-51-1,C33H32Cl3N3O4,639.145840,304,653,47,Inactive,0.004132857282575385,0.4882289912927957,0.5695102019065278,100,2
https://comptox.epa.gov/dashboard/chemical/details/DTXSID4047381,AVE8923,NOCAS_47381,C21H27BrClFN2O2S,504.064918,341,660,52,Inactive,0.0003631777788591877,0.32590757733495745,0.3801652369709201,3.7,0.568201724066995
https://comptox.epa.gov/dashboard/chemical/details/DTXSID4047383,AVE3247,1437319-46-4,C25H23ClN5NaO4S,547.105697,21,607,3,Inactive,0.00011752655375381719,0.4635098779236497,0.5406758076020526,0.00007621058744759655,-4.117984690725181
https://comptox.epa.gov/dashboard/chemical/details/DTXSID4047385,SAR377142,NOCAS_47385,C28H37ClN6O6,588.246311,115,613,19,Inactive,0.0003804174199406427,0.548834309907835,0.6402051992471534,19.842513187131132,1.2975966776054357
https://comptox.epa.gov/dashboard/chemical/details/DTXSID4047387,SAR102779,NOCAS_47387,C35H38Cl2FN3O7,701.207084,317,653,49,Inactive,0.1436882205044958,0.8212306822430478,0.9579505928511934,33,1.5185139398778875
https://comptox.epa.gov/dashboard/chemical/details/DTXSID4047389,SAR 150640,433212-21-6,C25H35ClN2O7S,542.185350,262,695,38,Inactive,0.0013987738441632981,0.5629384559979229,0.6566574280798079,59.701467793934576,1.7759850086330575
https://comptox.epa.gov/dashboard/chemical/details/DTXSID8047391,SAR102608,1068967-96-3,C20H16FN5O,361.133888,99,646,15,Inactive,-1.5439133600875128e-7,-0.16399280150275936,0.19129460798251405,100,2
https://comptox.epa.gov/dashboard/chemical/details/DTXSID4047333,PharmaGSID_47333,NOCAS_47333,C22H30N4O2,382.236876,68,669,10,Inactive,1.4034152094577117e-10,0.33990484512434804,0.3964927942177099,0.0647497464576718,-1.1887619278219947
https://comptox.epa.gov/dashboard/chemical/details/DTXSID9047334,MK-968,NOCAS_47334,C19H21F2N5O,373.171417,213,620,34,Inactive,0.00003845286948667426,0.2747074674581394,0.3204412438578275,100.00000000000001,2
https://comptox.epa.gov/dashboard/chemical/details/DTXSID4047335,MK-812,851916-42-2,C28H40F3N3O7,587.281835,17,592,3,Inactive,0.00011830120867121638,0.1177647077356763,0.1373703808584091,100,2
https://comptox.epa.gov/dashboard/chemical/details/DTXSID4047337,PharmaGSID_47337,1061517-62-1,C34H31N4NaO4,582.224300,301,646,47,Inactive,0.00004465844763520022,0.33472086493417585,0.39044577599995345,33,1.5185139398778875
https://comptox.epa.gov/dashboard/chemical/details/DTXSID1032690,Indoxacarb,173584-44-6,C22H17ClF3N3O7,527.070712,181,740,24,Inactive,-0.001341543366806207,-0.3565836120354836,0.41594827121828865,50,1.6989700043360187
https://comptox.epa.gov/dashboard/chemical/details/DTXSID5034303,Fluroxypyr-meptyl,81406-37-3,C15H21Cl2FN2O3,366.091326,134,670,20,Inactive,-0.0000015331852408889401,-0.14950759998189445,0.17439788494900368,50,1.6989700043360187
https://comptox.epa.gov/dashboard/chemical/details/DTXSID9020112,Atrazine,1912-24-9,C8H14ClN5,215.093773,57,761,7,Inactive,1.837839017316299e-7,0.4523081639070918,0.5276092127765862,1.810803929174015,0.25787142817838465
https://comptox.epa.gov/dashboard/chemical/details/DTXSID8024151,Imazalil,35554-44-0,C14H14Cl2N2O,296.048318,352,830,42,Inactive,8.769315323091913e-9,0.15531988897609234,0.1811778139119677,50,1.6989700043360187
https://comptox.epa.gov/dashboard/chemical/details/DTXSID7023936,Butylate,2008-41-5,C11H23NOS,217.150036,4,651,1,Inactive,7.405021657945187e-7,0.10630403216555251,0.12400171211007556,50,1.6989700043360187
https://comptox.epa.gov/dashboard/chemical/details/DTXSID9023881,Clofentezine,74115-24-5,C14H8Cl2N4,302.012602,58,673,9,Inactive,1.9680252071814252e-14,0.2635165947111653,0.3073872951753386,0.12371905435772074,-0.9075634081709057
https://comptox.epa.gov/dashboard/chemical/details/DTXSID0034803,Penoxsulam,219714-96-2,C16H14F5N5O5S,483.063581,38,679,6,Inactive,-0.000005342248158015235,-0.06020658079556302,0.07022987695628212,50,1.6989700043360187
https://comptox.epa.gov/dashboard/chemical/details/DTXSID2032554,Flumiclorac-pentyl,87546-18-7,C21H23ClFNO5,423.124879,63,678,9,Inactive,6.208145554922505e-12,0.4479884486217087,0.5225703437863549,13.178973690312663,1.1198815909872262
https://comptox.epa.gov/dashboard/chemical/details/DTXSID5032573,Pyridaben,96489-71-3,C19H25ClN2OS,364.137612,298,826,36,Inactive,0.0000014082415607557517,0.1604825643521094,0.1871999804530981,50,1.6989700043360187
https://comptox.epa.gov/dashboard/chemical/details/DTXSID5037523,Diazoxon,962-58-3,C12H21N2O4P,288.123894,29,726,4,Inactive,-2.0160309512619609e-7,-0.2053328686637099,0.23951704133969878,50,1.6989700043360187
https://comptox.epa.gov/dashboard/chemical/details/DTXSID6024204,Metribuzin,21087-64-9,C8H14N4OS,214.088832,20,679,3,Inactive,0,0.1864196685767343,0.21745513884654594,12.360416785437483,1.0920331151349871
https://comptox.epa.gov/dashboard/chemical/details/DTXSID7032470,Propetamphos,31218-83-4,C10H20NO4PS,281.085066,102,694,15,Inactive,-1.6384882689805335e-9,-0.3609007882500149,0.42098417842874203,28.793160446739556,1.4592893373076627
https://comptox.epa.gov/dashboard/chemical/details/DTXSID1032642,Rimsulfuron,122931-48-0,C14H17N5O7S2,431.056940,21,397,5,Inactive,0,0.08249398598910662,0.09622772808375758,0.13589459387795744,-0.8667978199096815
https://comptox.epa.gov/dashboard/chemical/details/DTXSID9023914,Dicrotophos,141-66-2,C8H16NO5P,237.076610,9,683,1,Inactive,-1.2639743498056541e-8,-0.023342762855606027,0.027228906566467863,50,1.6989700043360187
https://comptox.epa.gov/dashboard/chemical/details/DTXSID2032500,Triflumizole,68694-11-1,C15H15ClF3N3O,345.085574,391,805,49,Inactive,-1.2278779760092937e-8,-0.15226428374305212,0.1776135062115842,7,0.8450980400142568
https://comptox.epa.gov/dashboard/chemical/details/DTXSID5023900,Benomyl,17804-35-2,C14H18N4O3,290.137890,99,735,13,Inactive,-0.000003143148386650077,-0.010192280978337529,0.01188910962147266,6.9,0.8388490907372553
https://comptox.epa.gov/dashboard/chemical/details/DTXSID6032641,Quinclorac,84087-01-4,C10H5Cl2NO2,240.969734,5,638,1,Inactive,-0.0000011053045552084967,-0.09664739539351445,0.11273742167287934,50,1.6989700043360187
https://comptox.epa.gov/dashboard/chemical/details/DTXSID9020407,Diazinon,333-41-5,C12H21N2O3PS,304.101051,90,742,12,Inactive,-0.000023519921397639907,-0.16366066721349415,0.1909071793997938,50,1.6989700043360187
https://comptox.epa.gov/dashboard/chemical/details/DTXSID0034930,Fosthiazate,98886-44-3,C9H18NO3PS2,283.046573,37,693,5,Inactive,1.0575081148909412e-13,0.16748078340152617,0.19536327516705188,8.366284811832369,0.9225326451001863
https://comptox.epa.gov/dashboard/chemical/details/DTXSID8024315,Myclobutanil,88671-89-0,C15H17ClN4,288.114174,125,722,17,Inactive,-1.6993720113214813e-13,-0.2139163526733529,0.24952951867835324,86.81676867345887,1.9386036173308074
https://comptox.epa.gov/dashboard/chemical/details/DTXSID8024234,Norflurazon,27314-13-2,C12H9ClF3N3O,303.038624,81,678,12,Inactive,-1.0639979570030523e-7,-0.07744241516694751,0.09033516297562036,50.00000000000001,1.6989700043360187
https://comptox.epa.gov/dashboard/chemical/details/DTXSID8034877,Pyrimethanil,53112-28-0,C12H13N3,199.110947,57,658,9,Inactive,0,0.10699124489507233,0.1248033332086204,0.2652164880653426,-0.5763994800666336
https://comptox.epa.gov/dashboard/chemical/details/DTXSID2032556,Fluthiacet-methyl,117337-19-6,C15H15ClFN3O3S2,403.022740,45,670,7,Inactive,0,0.10082074863786686,0.11760556201523158,0.4643974918585243,-0.3331101344867459
https://comptox.epa.gov/dashboard/chemical/details/DTXSID9034650,Halosulfuron-methyl,100784-20-1,C13H15ClN6O7S,434.041146,11,256,4,Inactive,-0.0000021777137286531045,-0.09867953357517968,0.11510787374922495,16.25,1.2108533653148932
https://comptox.epa.gov/dashboard/chemical/details/DTXSID7024085,2-Cloroethylphosphonic acid,16672-87-0,C2H6ClO3P,143.974309,16,643,2,Inactive,-0.0000012156497782608917,-0.1196162354229868,0.13953015409154626,50,1.6989700043360187
https://comptox.epa.gov/dashboard/chemical/details/DTXSID2040363,Diniconazole,83657-24-3,C15H17Cl2N3O,325.074868,306,736,42,Inactive,-0.000020408259818273973,-0.24638064390488917,0.28739852151054407,5,0.6989700043360189
https://comptox.epa.gov/dashboard/chemical/details/DTXSID0032605,(+-)-Diclofop-methyl,51338-27-3,C16H14Cl2O4,340.026914,59,671,9,Inactive,0.0000021609649415656667,0.15904496467591417,0.1855230466854356,27.95,1.446381812222442
https://comptox.epa.gov/dashboard/chemical/details/DTXSID9034573,Ethametsulfuron-methyl,97780-06-8,C15H18N6O6S,410.100853,13,267,5,Inactive,-2.1661020623020017e-7,-0.13293056544390677,0.15506107690378232,49.99999999999999,1.6989700043360187
https://comptox.epa.gov/dashboard/chemical/details/DTXSID6024048,Difenzoquat metilsulfate,43222-48-6,C18H20N2O4S,360.114378,172,693,25,Inactive,-5.5634545060870394e-8,-0.26515649403548014,0.3093002077879713,23.20264843071249,1.3655375595977013
https://comptox.epa.gov/dashboard/chemical/details/DTXSID1020855,Methyl parathion,298-00-0,C8H10NO5PS,263.001731,138,818,17,Inactive,-9.254000078814062e-8,-0.18174800522688944,0.21200572886668279,7.1,0.8512583487190752
https://comptox.epa.gov/dashboard/chemical/details/DTXSID1034503,Cyhalofop-butyl,122008-85-9,C20H20FNO4,357.137636,46,660,7,Inactive,2.7796172642469703e-13,0.21073090150109466,0.2458137480612245,0.588927873051655,-0.22993789070314533
https://comptox.epa.gov/dashboard/chemical/details/DTXSID8044337,Diquat-d4 dibromide,NOCAS_44337,C12H8D4Br2N2,345.961831,39,267,15,Inactive,-2.865496556709759e-12,-0.33689749440308336,0.3929847745240493,89.62231893926061,1.952416176906811
https://comptox.epa.gov/dashboard/chemical/details/DTXSID1034212,Spiroxamine,118134-30-8,C18H35NO2,297.266779,128,724,18,Inactive,-0.000022679879006131894,-0.1042673193222803,0.1216259237745116,50,1.6989700043360187
https://comptox.epa.gov/dashboard/chemical/details/DTXSID7032553,Flumetralin,62924-70-3,C16H12ClF4N3O4,421.045246,167,694,24,Inactive,-0.00003974033304170576,-0.21264914350820294,0.24805134233001436,28.9,1.4608978427565478
https://comptox.epa.gov/dashboard/chemical/details/DTXSID0023901,Bentazone,25057-89-0,C10H12N2O3S,240.056863,21,668,3,Inactive,4.100086978952872e-7,0.00589635249805435,0.00687798750497622,49.99999999999999,1.6989700043360187
https://comptox.epa.gov/dashboard/chemical/details/DTXSID0021337,Thiabendazole,148-79-8,C10H7N3S,201.036068,65,687,9,Inactive,-0.0000018102220047861472,-0.2958207277830633,0.34506947643925046,20.95,1.321184027302314
https://comptox.epa.gov/dashboard/chemical/details/DTXSID6032354,Clodinafop-propargyl,105512-06-9,C17H13ClFNO4,349.051714,59,753,8,Inactive,-1.4812032601295576e-8,-0.2570664443230479,0.2998633125455132,91.43272298119076,1.961101653794977
https://comptox.epa.gov/dashboard/chemical/details/DTXSID6032356,Cycloate,1134-23-2,C11H21NOS,215.134385,23,684,3,Inactive,-0.000015241249935228994,-0.27819894415299984,0.32451398765818373,49.99999999999999,1.6989700043360187
https://comptox.epa.gov/dashboard/chemical/details/DTXSID1032482,Tebupirimfos,96182-53-5,C13H23N2O3PS,318.116701,212,739,29,Inactive,-1.1633390637212023e-7,-0.07122492819570439,0.08308257797248941,50.00000000000001,1.6989700043360187
https://comptox.epa.gov/dashboard/chemical/details/DTXSID0024345,Triasulfuron,82097-50-5,C14H16ClN5O5S,401.056067,16,511,3,Inactive,0,0.26088009362065434,0.3043118648031934,0.13098996806218172,-0.8827619637493316
https://comptox.epa.gov/dashboard/chemical/details/DTXSID1022267,Methomyl,16752-77-5,C5H10N2O2S,162.046299,15,670,2,Inactive,0.0000026807183796271147,0.16171031338231587,0.18863212727467862,50,1.6989700043360187
https://comptox.epa.gov/dashboard/chemical/details/DTXSID7024035,"2,4-Dichlorophenoxybutyric acid",94-82-6,C10H10Cl2O3,248.000700,32,681,5,Inactive,-0.0012571543165245638,-0.3976682579579562,0.4638727603655,50,1.6989700043360187
https://comptox.epa.gov/dashboard/chemical/details/DTXSID9034490,Cyanamide,420-04-2,CH2N2,42.021798,4,657,1,Inactive,-8.695448916732742e-15,-0.2018476433456805,0.23545158965624824,87.20088806680796,1.9405209078746581
https://comptox.epa.gov/dashboard/chemical/details/DTXSID4024276,Propargite,2312-35-8,C19H26O4S,350.155180,334,771,43,Inactive,-0.0000025961408316632162,-0.08199481896819039,0.09564545887005453,2.4,0.38021124171160603
https://comptox.epa.gov/dashboard/chemical/details/DTXSID7023980,Chlorsulfuron,64902-72-3,C12H12ClN5O4S,357.029853,8,511,2,Inactive,-6.418427588573948e-7,-0.009216072214263214,0.010750379926501576,29.45,1.4690852991231205
https://comptox.epa.gov/dashboard/chemical/details/DTXSID0022018,Disulfoton,298-04-4,C8H19O2PS3,274.028480,55,742,7,Inactive,-1.5057709802060375e-11,-0.3103023113080259,0.3619619791466156,92.09765920452949,1.9642485921135144
https://comptox.epa.gov/dashboard/chemical/details/DTXSID8034586,Etoxazole,153233-91-1,C21H23F2NO2,359.169685,207,684,30,Inactive,-0.00012527932089216498,-0.20141966936098862,0.23495236581911552,16.05,1.2054750367408908
https://comptox.epa.gov/dashboard/chemical/details/DTXSID9040001,Monomethyl phthalate,4376-18-5,C9H8O4,180.042259,15,698,2,Inactive,0,0.3888199690519589,0.45355139295133157,0.17188240128022927,-0.7647685876419138
https://comptox.epa.gov/dashboard/chemical/details/DTXSID2034625,Fluoxastrobin,361377-29-9,C21H16ClFN4O5,458.079325,274,760,36,Inactive,9.815398546123911e-21,0.1375235438342795,0.16041870231543018,4.289633176141356,0.6324201554973005
https://comptox.epa.gov/dashboard/chemical/details/DTXSID9034365,Butafenacil,134605-64-4,C20H18ClF3N2O6,474.080549,67,655,10,Inactive,0.00007066519528819519,0.013985628661929974,0.01631398041717027,50,1.6989700043360187
https://comptox.epa.gov/dashboard/chemical/details/DTXSID5021332,Bis(dimethylaminothiocarbonyl) disulfide,137-26-8,C6H12N2S4,239.988333,310,773,40,Inactive,9.102749482493952e-16,0.1498839444950067,0.1748368839504383,0.0007860000139348928,-3.1045774462610414
https://comptox.epa.gov/dashboard/chemical/details/DTXSID7021948,Propoxur,114-26-1,C11H15NO3,209.105193,25,663,4,Inactive,-0.000001040859822496587,-0.1274602806031254,0.14868008953981954,50,1.6989700043360187
https://comptox.epa.gov/dashboard/chemical/details/DTXSID4027288,"2,6-Dimethyl-2,4,6-octatriene",673-84-7,C10H16,136.125201,65,439,15,Inactive,0,-0.10844197088926466,0.126495578586503,25.272957814453076,1.4026560724431953
https://comptox.epa.gov/dashboard/chemical/details/DTXSID2024242,Paclobutrazol,76738-62-0,C15H20ClN3O,293.129490,95,696,14,Inactive,-0.0026762691520725765,-0.3525827235586561,0.4112813078775618,50,1.6989700043360187
https://comptox.epa.gov/dashboard/chemical/details/DTXSID1024091,S-Ethyl dipropylthiocarbamate,759-94-4,C9H19NOS,189.118735,14,743,2,Inactive,-1.9002865200196408e-7,-0.05914289422791297,0.06898910600103102,29.5,1.469822015978163
https://comptox.epa.gov/dashboard/chemical/details/DTXSID9034232,2-(m-Chlorophenoxy)propionic acid,101-10-0,C9H9ClO3,200.024022,15,663,2,Inactive,-0.00008113313199536296,-0.3330362167368421,0.3884806646441846,50,1.6989700043360187
https://comptox.epa.gov/dashboard/chemical/details/DTXSID9024304,Sethoxydim,74051-80-2,C17H29NO3S,327.186815,41,699,6,Inactive,0.0000028674251775668103,0.048434517566657176,0.056497980190795,29.5,1.469822015978163
https://comptox.epa.gov/dashboard/chemical/details/DTXSID3032628,Methoxyfenozide,161050-58-4,C22H28N2O3,368.209993,69,669,10,Inactive,0.00013829808332372465,0.22029096583989788,0.2569653885187369,50,1.6989700043360187
https://comptox.epa.gov/dashboard/chemical/details/DTXSID2034673,Iodosulfuron methyl ester sodium salt,144550-36-7,C14H13IN5NaO6S,528.952890,16,661,2,Inactive,4.088014566726137e-16,0.3110276128019647,0.3628080300932471,11.899755572829983,1.0755380408495576
https://comptox.epa.gov/dashboard/chemical/details/DTXSID8032463,Primisulfuron-methyl,86209-51-0,C15H12F4N4O7S,468.036283,8,264,3,Inactive,-0.00003361273196836435,-0.27796090428541514,0.3242363184999246,50,1.6989700043360187
https://comptox.epa.gov/dashboard/chemical/details/DTXSID8024159,Isoxaben,82558-50-7,C18H24N2O4,332.173607,105,687,15,Inactive,-2.5353316348911365e-10,-0.011625843338647484,0.013561333933887776,50,1.6989700043360187
https://comptox.epa.gov/dashboard/chemical/details/DTXSID6034265,Clopyralid-olamine,57754-85-5,C8H10Cl2N2O3,252.006848,11,665,2,Inactive,0,-0.26368563888948005,0.3075844821221199,12.977561906279488,1.1131931092512493
https://comptox.epa.gov/dashboard/chemical/details/DTXSID8023848,Acetochlor,34256-82-1,C14H20ClNO2,269.118257,177,734,24,Inactive,-0.000001142726959717906,-0.05525030957564879,0.0644484770937244,2.695,0.4305587695227575
https://comptox.epa.gov/dashboard/chemical/details/DTXSID4032376,Dimethenamid,87674-68-8,C12H18ClNO2S,275.074678,108,680,16,Inactive,-0.000003928571588720309,-0.15753580193472588,0.18376263590940178,7,0.8450980400142568
https://comptox.epa.gov/dashboard/chemical/details/DTXSID5032525,Bifenazate,149877-41-8,C17H20N2O3,300.147393,107,683,16,Inactive,3.0568006112108806e-11,0.07261907983268344,0.08470883039588985,50,1.6989700043360187
https://comptox.epa.gov/dashboard/chemical/details/DTXSID6021086,Oxamyl,23135-22-0,C7H13N3O3S,219.067762,31,687,5,Inactive,-0.0000072186981325953045,-0.4456762258471313,0.5198731781475108,82.2439107664566,1.9151037532065351
https://comptox.epa.gov/dashboard/chemical/details/DTXSID8023890,Asulam,3337-71-1,C8H10N2O4S,230.036128,7,653,1,Inactive,0,0.16566634745378617,0.19324676877072408,0.2848173569608231,-0.5454335480316101
https://comptox.epa.gov/dashboard/chemical/details/DTXSID4021395,Trifluralin,1582-09-8,C13H16F3N3O4,335.109290,99,762,13,Inactive,-5.142471354317648e-12,-0.26208785014094327,0.30572069072707464,89.57261250552939,1.95217524118096
https://comptox.epa.gov/dashboard/chemical/details/DTXSID7034753,Foramsulfuron,173159-57-4,C17H20N6O7S,452.111418,2,255,1,Inactive,4.6654356008681674e-8,0.09359420208932268,0.10917592744344894,50,1.6989700043360187
https://comptox.epa.gov/dashboard/chemical/details/DTXSID5020449,Dichlorvos,62-73-7,C4H7Cl2O4P,219.945901,85,730,12,Inactive,-7.350184721277352e-8,-0.19202902465759716,0.22399835027223122,50,1.6989700043360187
https://comptox.epa.gov/dashboard/chemical/details/DTXSID3020122,Azinphos-methyl,86-50-0,C10H12N3O3PS2,317.005771,176,835,21,Inactive,-1.1382269951887792e-17,-0.21918951040687434,0.2556805608717935,4.313642364439271,0.6348441357621264
https://comptox.epa.gov/dashboard/chemical/details/DTXSID4039231,Allyl chloride,107-05-1,C3H5Cl,76.007978,3,329,1,Inactive,0,0.11802791638307353,0.13767740893866673,0.8296791991712852,-0.08108979793851881
https://comptox.epa.gov/dashboard/chemical/details/DTXSID8022325,"2,2-Bis(4-hydroxyphenyl)-1,1,1-trichloroethane",2971-36-0,C14H11Cl3O2,315.982463,394,861,46,Inactive,-0.00003395482574195803,-0.11369934761877003,0.1326282125269641,1.8,0.25527250510330607
https://comptox.epa.gov/dashboard/chemical/details/DTXSID4032615,Flumetsulam,98967-40-9,C12H9F2N5O2S,325.044502,8,691,1,Inactive,1.42557284562745e-12,0.3137402341632427,0.3659722533710715,5.707747505463912,0.756464752913325
https://comptox.epa.gov/dashboard/chemical/details/DTXSID8024280,Propiconazole,60207-90-1,C15H17Cl2N3O2,341.069782,252,800,32,Inactive,5.649184356663694e-17,0.09450167159772582,0.11023447405205201,0.012900000886466848,-1.8894102598567475
https://comptox.epa.gov/dashboard/chemical/details/DTXSID5023871,Amitraz,33089-61-1,C19H23N3,293.189198,168,686,24,Inactive,-2.557823481796804e-10,-0.01881203877000908,0.021943899664401988,4,0.6020599913279624
https://comptox.epa.gov/dashboard/chemical/details/DTXSID0034227,Icaridin,119515-38-7,C12H23NO3,229.167794,14,674,2,Inactive,-5.2388750248161066e-8,-0.136199692957339,0.15887445444472484,50,1.6989700043360187
https://comptox.epa.gov/dashboard/chemical/details/DTXSID0032572,Prallethrin,23031-36-9,C19H24O3,300.172545,218,792,28,Inactive,1.3705382711624506e-9,0.04029924786002549,0.04700833665094765,50,1.6989700043360187
https://comptox.epa.gov/dashboard/chemical/details/DTXSID1034210,Prodiamine,29091-21-2,C13H17F3N4O4,350.120190,301,685,44,Inactive,-3.0556392365762e-8,-0.041465668038249255,0.04836894448672789,50,1.6989700043360187
https://comptox.epa.gov/dashboard/chemical/details/DTXSID8034742,"Milbemectin (mixture of 70% Milbemycin A4, 30% Milbemycin A3)",NOCAS_34742,, ,404,734,55,Inactive,1.629405116604931e-17,0.1625572907194075,0.18962011087020425,0.08245204047605525,-1.083798592214417
https://comptox.epa.gov/dashboard/chemical/details/DTXSID7020479,Dimethoate,60-51-5,C5H12NO3PS2,228.999623,39,761,5,Inactive,8.920419604005288e-19,0.16015303097484637,0.18681558578672844,0.5253345945658545,-0.27956399890305456
https://comptox.epa.gov/dashboard/chemical/details/DTXSID1024174,Tribufos,78-48-8,C12H27OPS3,314.096166,171,716,24,Inactive,0.0002083091278770955,0.16628653191286868,0.19397020261592882,50,1.6989700043360187
https://comptox.epa.gov/dashboard/chemical/details/DTXSID4022448,Metolachlor,51218-45-2,C15H22ClNO2,283.133907,105,759,14,Inactive,6.92037289135597e-7,0.15891405873154993,0.18537034729204596,50,1.6989700043360187
https://comptox.epa.gov/dashboard/chemical/details/DTXSID2034627,Fluroxypyr,69377-81-7,C7H5Cl2FN2O3,253.966126,7,665,1,Inactive,1.1677366834237168e-8,0.10701845367124525,0.12483507174911722,50,1.6989700043360187
https://comptox.epa.gov/dashboard/chemical/details/DTXSID3032337,Butralin,33629-47-9,C14H21N3O4,295.153206,133,703,19,Inactive,2.5971371326487454e-17,0.19624803190810391,0.22891974517899175,6.453775658124875,0.8098138646731212
https://comptox.epa.gov/dashboard/chemical/details/DTXSID2039336,S-Bioallethrin,28434-00-6,C19H26O3,302.188195,210,738,28,Inactive,-0.0002642243157398274,-0.08584028328069201,0.10013112276157828,9.45,0.9754318085092629
https://comptox.epa.gov/dashboard/chemical/details/DTXSID0024002,Fenpropathrin,39515-41-8,C22H23NO3,349.167794,124,687,18,Inactive,-0.000005348823446797827,-0.18809932123174433,0.21941442299342678,50,1.6989700043360187
https://comptox.epa.gov/dashboard/chemical/details/DTXSID0032497,Triclopyr,55335-06-3,C7H4Cl3NO3,254.925676,21,656,3,Inactive,-7.359219244879658e-8,-0.29724606985060487,0.346732111930277,50,1.6989700043360187
https://comptox.epa.gov/dashboard/chemical/details/DTXSID6032647,2-(Thiocyanomethylthio)benzothiazole,21564-17-0,C9H6N2S3,237.969312,366,758,48,Inactive,0.0000069548738523202425,0.18784354826923272,0.21911606850379167,1.805,0.2564772062416767
https://comptox.epa.gov/dashboard/chemical/details/DTXSID9032329,Bensulide,741-58-2,C14H24NO4PS3,397.060509,314,811,39,Inactive,5.530941373199986e-8,0.25259645250663476,0.2946491487263079,0.0009290000028967372,-3.0319842846521743
https://comptox.epa.gov/dashboard/chemical/details/DTXSID1032569,Pirimicarb,23103-98-2,C11H18N4O2,238.142976,36,679,5,Inactive,3.968204566439888e-11,0.19739518540374218,0.23025787878139992,0.3518612563230302,-0.45362855098649835
https://comptox.epa.gov/dashboard/chemical/details/DTXSID0023951,Carboxin,5234-68-4,C12H13NO2S,235.066700,73,677,11,Inactive,-0.0007413987570616707,-0.1757713731902336,0.2050340967460584,50,1.6989700043360187
https://comptox.epa.gov/dashboard/chemical/details/DTXSID0037495,Deisopropylatrazine,1007-28-9,C5H8ClN5,173.046823,23,727,3,Inactive,0,-0.18865825187378576,0.2200664053797203,1.987898664382298,0.29839424192181324
https://comptox.epa.gov/dashboard/chemical/details/DTXSID1032519,Acibenzolar-S-methyl,135158-54-2,C8H6N2OS2,209.992155,49,791,6,Inactive,-3.614920329276958e-14,-0.33956131605418394,0.3960920738311719,0.012916609599545928,-1.8888514666378793
https://comptox.epa.gov/dashboard/chemical/details/DTXSID4020450,Dicofol,115-32-2,C14H9Cl5O,367.909603,277,691,40,Inactive,5.166184876267768e-13,0.30394071136818257,0.35454128899752124,0.0013561502434231956,-2.867692193746911
https://comptox.epa.gov/dashboard/chemical/details/DTXSID3034618,Flufenpyr-ethyl,188489-07-8,C16H13ClF4N2O4,408.049997,20,655,3,Inactive,0,0.4799118928614156,0.5598084584799661,9.985684692367931,0.999377848668156
https://comptox.epa.gov/dashboard/chemical/details/DTXSID8020620,Fenthion,55-38-9,C10H15O3PS2,278.020024,118,752,16,Inactive,2.881840377304284e-14,0.3688713863590468,0.43028173555735644,0.07429116672055949,-1.1290628211327673
https://comptox.epa.gov/dashboard/chemical/details/DTXSID6034849,Propamocarb hydrochloride,25606-41-1,C9H21ClN2O2,224.129156,8,648,1,Inactive,-2.0002425480950998e-7,-0.20371596004146877,0.2376309469611601,50,1.6989700043360187
https://comptox.epa.gov/dashboard/chemical/details/DTXSID9020160,Bifenthrin,82657-04-3,C23H22ClF3O2,422.126042,149,825,18,Inactive,-0.000035205810163502575,-0.5556947366370101,0.648207761736021,90.35303808063757,1.9559427601008659
https://comptox.epa.gov/dashboard/chemical/details/DTXSID1022265,Alachlor,15972-60-8,C14H20ClNO2,269.118257,127,664,19,Inactive,0.000025713473948359057,0.25188168009878475,0.2938153797663082,7.75,0.8893017025063104
https://comptox.epa.gov/dashboard/chemical/details/DTXSID0020442,"2,4-Dichlorophenoxyacetic acid",94-75-7,C8H6Cl2O3,219.969400,32,733,4,Inactive,5.717299955500129e-9,0.19787771183695244,0.23082073705344794,50,1.6989700043360187
https://comptox.epa.gov/dashboard/chemical/details/DTXSID1023998,Cypermethrin,52315-07-8,C22H19Cl2NO3,415.074199,136,857,16,Inactive,4.838148301906101e-7,0.4787038792566342,0.5583993326717195,0.08216244859448656,-1.0853266264308858
https://comptox.epa.gov/dashboard/chemical/details/DTXSID9034492,Cyazofamid,120116-88-3,C13H13ClN4O2S,324.044775,310,767,40,Inactive,1.3623904689605205e-18,0.11730075237133494,0.13682918539903663,0.003070000027368377,-2.5128616206511736
https://comptox.epa.gov/dashboard/chemical/details/DTXSID7020764,Chlorpropham,101-21-3,C10H12ClNO2,213.055656,78,687,11,Inactive,-0.0000018616506271242217,-0.09105255912066698,0.10621114733807142,50,1.6989700043360187
https://comptox.epa.gov/dashboard/chemical/details/DTXSID7024160,Lactofen,77501-63-4,C19H15ClF3NO7,461.048914,141,742,19,Inactive,0.00001577323174256089,0.40624497276491356,0.4738773415528464,82.19781441383357,1.9148602700871205
https://comptox.epa.gov/dashboard/chemical/details/DTXSID7021100,Parathion,56-38-2,C10H14NO5PS,291.033031,126,752,17,Inactive,-0.00045300435096718247,-0.46371882789608426,0.5409195439288824,90.91337309187223,1.9586277713718632
https://comptox.epa.gov/dashboard/chemical/details/DTXSID1024209,Naled,300-76-5,C4H7Br2Cl2O4P,377.782577,244,729,33,Inactive,-0.000018135902151278884,-0.17878609380681906,0.2085507132880157,2.825,0.45101845215545733
https://comptox.epa.gov/dashboard/chemical/details/DTXSID7034252,Tepraloxydim,149979-41-9,C17H24ClNO4,341.139386,8,662,1,Inactive,0.00003782321776577674,0.19786439242935136,0.23080520020773118,50,1.6989700043360187
https://comptox.epa.gov/dashboard/chemical/details/DTXSID9032327,Bendiocarb,22781-23-3,C11H13NO4,223.084458,63,665,9,Inactive,3.534346247307703e-11,0.34490980507940927,0.40233098860062316,0.30243963241007504,-0.5193612984578975
https://comptox.epa.gov/dashboard/chemical/details/DTXSID1020560,Endosulfan,115-29-7,C9H6Cl6O3S,403.816881,345,810,43,Inactive,-1.0699153442515014e-7,-0.2571444329393874,0.29995428484218134,2.045,0.3106933123433606
https://comptox.epa.gov/dashboard/chemical/details/DTXSID3034456,Cinmethylin,87818-31-3,C18H26O2,274.193280,79,671,12,Inactive,-2.806629660314072e-10,-0.053943824555352356,0.0629244861776449,50,1.6989700043360187
https://comptox.epa.gov/dashboard/chemical/details/DTXSID1038666,Chlorpyrifos oxon,5598-15-2,C9H11Cl3NO4P,332.949128,228,768,30,Inactive,2.3109800101456512e-11,0.35695658181049317,0.4163833336493587,14.660529560210048,1.1661496579533566
https://comptox.epa.gov/dashboard/chemical/details/DTXSID3022162,Bromoxynil,1689-84-5,C7H3Br2NO,274.858140,184,673,27,Inactive,-3.321594285211204e-12,-0.05559926991923012,0.06485553296151327,50,1.6989700043360187
https://comptox.epa.gov/dashboard/chemical/details/DTXSID8023846,Acephate,30560-19-1,C4H10NO3PS,183.011901,16,757,2,Inactive,0.00033979990014714975,0.26122410850076627,0.30471315187816334,24.1,1.3820170425748683
https://comptox.epa.gov/dashboard/chemical/details/DTXSID8034588,Famoxadone,131807-57-3,C22H18N2O4,374.126657,312,725,43,Inactive,0.000005883084797414608,0.4372971135670411,0.5100990966989762,0.01042551639359209,-1.9819024244757124
https://comptox.epa.gov/dashboard/chemical/details/DTXSID0021389,Trichlorfon,52-68-6,C4H8Cl3O4P,255.922579,92,711,13,Inactive,0.002390139713788537,0.3871894851409807,0.45164946324640415,50,1.6989700043360187
https://comptox.epa.gov/dashboard/chemical/details/DTXSID3024316,Tebuthiuron,34014-18-1,C9H16N4OS,228.104482,13,642,2,Inactive,0.00009815853332692471,0.4750321802952424,0.5541163628888206,91.74726198194102,1.9625931124458984
https://comptox.epa.gov/dashboard/chemical/details/DTXSID0020440,Dichlorprop,120-36-5,C9H8Cl2O3,233.985050,11,664,2,Inactive,-0.000010388404856957391,-0.29800809607739315,0.34762100160708026,49.99999999999999,1.6989700043360187
https://comptox.epa.gov/dashboard/chemical/details/DTXSID3024235,Flusilazole,85509-19-9,C16H15F2N3Si,315.100330,281,766,37,Inactive,0.00009313731989440606,0.2225307209984988,0.25957802200700725,50,1.6989700043360187
https://comptox.epa.gov/dashboard/chemical/details/DTXSID3032464,Profenofos,41198-08-7,C11H15BrClO3PS,371.935143,114,733,16,Inactive,0.000014938617379780504,0.027547896949986692,0.03213411868997024,6.6,0.8195439355418687
https://comptox.epa.gov/dashboard/chemical/details/DTXSID4032372,Difenoconazole,119446-68-3,C19H17Cl2N3O3,405.064697,343,732,47,Inactive,0.0032419810762806724,0.5083464959637778,0.5929769037029305,3.165,0.500373714353374
https://comptox.epa.gov/dashboard/chemical/details/DTXSID2032344,Chlorethoxyfos,54593-83-8,C6H11Cl4O3PS,333.892063,128,717,18,Inactive,-9.115571917737874e-21,-0.2010989772413821,0.23457828431833588,11.834982669697077,1.0731676263157615
https://comptox.epa.gov/dashboard/chemical/details/DTXSID0021385,Folpet,133-07-3,C9H4Cl3NO2S,294.902833,179,710,25,Inactive,-3.808364518560039e-7,-0.011391189975431695,0.013287615071127893,19.35,1.2866809693549301
https://comptox.epa.gov/dashboard/chemical/details/DTXSID2032637,Pymetrozine,123312-89-0,C10H11N5O,217.096360,18,747,2,Inactive,-0.0000070435740417141995,-0.11594948854806464,0.1352529608270752,50,1.6989700043360187
https://comptox.epa.gov/dashboard/chemical/details/DTXSID1032640,Pyriproxyfen,95737-68-1,C20H19NO3,321.136493,104,705,15,Inactive,-0.000054490758970504156,-0.08719201683534498,0.10170789526661898,50,1.6989700043360187
https://comptox.epa.gov/dashboard/chemical/details/DTXSID9034816,Monocrotophos,6923-22-4,C7H14NO5P,223.060960,9,683,1,Inactive,-3.2447423315810807e-7,-0.21248082427247775,0.24785500101552427,50,1.6989700043360187
https://comptox.epa.gov/dashboard/chemical/details/DTXSID3032547,Etridiazole,2593-15-9,C5H5Cl3N2OS,245.918817,87,663,13,Inactive,-9.569574136771062e-8,-0.07632024697732044,0.0890261742763722,50,1.6989700043360187
https://comptox.epa.gov/dashboard/chemical/details/DTXSID4024145,Hexazinone,51235-04-2,C12H20N4O2,252.158626,15,645,2,Inactive,1.1138262025483697e-13,0.21703159455117116,0.2531633914357372,0.041080668515804525,-1.3863624976365259
https://comptox.epa.gov/dashboard/chemical/details/DTXSID7032424,Mesotrione,104206-82-8,C14H13NO7S,339.041273,25,711,4,Inactive,0.000024554092723741577,0.07113646046815952,0.08297938198397821,49.99999999999999,1.6989700043360187
https://comptox.epa.gov/dashboard/chemical/details/DTXSID5034773,Novaluron,116714-46-6,C17H9ClF8N2O4,492.012310,27,662,4,Inactive,-5.433531742740123e-7,-0.1141571262809822,0.13316220297610684,50,1.6989700043360187
https://comptox.epa.gov/dashboard/chemical/details/DTXSID2032392,Fenoxaprop-ethyl,66441-23-4,C18H16ClNO5,361.071700,64,660,10,Inactive,-1.7093947404011123e-10,-0.33582361419211687,0.3917321128700342,0.0031773189678629497,-2.497939184597055
https://comptox.epa.gov/dashboard/chemical/details/DTXSID2027204,Methyl isothiocyanate,556-61-6,C2H3NS,72.998620,32,670,5,Inactive,-3.913179568895783e-8,-0.0265808803225955,0.03100611145456571,50,1.6989700043360187
https://comptox.epa.gov/dashboard/chemical/details/DTXSID3021196,"2,4-Bis(isopropylamino)-6-chloro-1,3,5-triazine",139-40-2,C9H16ClN5,229.109423,46,664,7,Inactive,0.0000036123515596222885,0.3238879183789205,0.37780934168336405,90.34621419422832,1.9559099589002327
https://comptox.epa.gov/dashboard/chemical/details/DTXSID6032649,Tetramethrin,7696-12-0,C19H25NO4,331.178358,142,717,20,Inactive,3.0533483090135867e-14,0.26643553013780696,0.3107921800425338,1.194976477349289,0.07735935644905233
https://comptox.epa.gov/dashboard/chemical/details/DTXSID2034465,Clothianidin,210880-92-5,C6H8ClN5O2S,249.008723,19,684,3,Inactive,-2.932218876874205e-8,-0.03015390998688777,0.03517398530437724,50,1.6989700043360187
https://comptox.epa.gov/dashboard/chemical/details/DTXSID6034712,Mesosulfuron-methyl,208465-21-8,C17H21N5O9S2,503.078070,2,260,1,Inactive,-0.002671430884031104,-0.23818709895580084,0.2778409009646411,50,1.6989700043360187
https://comptox.epa.gov/dashboard/chemical/details/DTXSID9029221,Clopyralid,1702-17-6,C6H3Cl2NO2,190.954084,15,651,2,Inactive,2.6904722606955934e-9,0.14578460298279725,0.17005507694196811,50,1.6989700043360187
https://comptox.epa.gov/dashboard/chemical/details/DTXSID6024177,Methamidophos,10265-92-6,C2H8NO2PS,141.001337,10,742,1,Inactive,-0.0000036803096733939482,-0.024547452580534992,0.028634155129570016,50,1.6989700043360187
https://comptox.epa.gov/dashboard/chemical/details/DTXSID3032549,Fenhexamid,126833-17-8,C14H17Cl2NO2,301.063634,112,699,16,Inactive,-7.634458360082482e-9,-0.22797541656559847,0.2659291599505525,50,1.6989700043360187
https://comptox.epa.gov/dashboard/chemical/details/DTXSID9020089,Anilazine,101-05-3,C9H5Cl3N4,273.957979,39,691,6,Inactive,-0.0004396775887830694,-0.4260172496248881,0.496941341412541,50,1.6989700043360187
https://comptox.epa.gov/dashboard/chemical/details/DTXSID4034948,Tebufenozide,112410-23-8,C22H28N2O2,352.215078,101,670,15,Inactive,0.000008716938258843503,0.34342552839470125,0.4005996069549841,0.024301657460132176,-1.6143641049514215
https://comptox.epa.gov/dashboard/chemical/details/DTXSID6024337,Thiobencarb,28249-77-6,C12H16ClNOS,257.064113,62,659,9,Inactive,3.337895283281801e-8,0.3313860345187406,0.3865557572237444,3.323813835388946,0.5216366912470165
https://comptox.epa.gov/dashboard/chemical/details/DTXSID7034545,Dimethomorph,110488-70-5,C21H22ClNO4,387.123736,129,727,18,Inactive,0.000025590877384783673,0.043383350580157715,0.05060588614957959,50,1.6989700043360187
https://comptox.epa.gov/dashboard/chemical/details/DTXSID1034634,Forchlorfenuron,68157-60-8,C12H10ClN3O,247.051240,246,692,36,Inactive,0.00006157615988697076,0.43251626529532594,0.5045223245017756,50,1.6989700043360187
https://comptox.epa.gov/dashboard/chemical/details/DTXSID3023899,Benfluralin,1861-40-1,C13H16F3N3O4,335.109290,72,679,11,Inactive,-5.591372559445297e-9,-0.003473725799499294,0.0040520377050987915,50,1.6989700043360187
https://comptox.epa.gov/dashboard/chemical/details/DTXSID8034871,Pyraflufen-ethyl,129630-19-9,C15H13Cl2F3N2O4,412.020447,37,658,6,Inactive,-0.00009655239026249161,-0.2040947790910661,0.23807283246421257,50,1.6989700043360187
https://comptox.epa.gov/dashboard/chemical/details/DTXSID1024338,Thiophanate-methyl,23564-05-8,C12H14N4O4S2,342.045647,78,664,12,Inactive,-2.596103167576166e-8,-0.18061871305373634,0.21068843017075553,50,1.6989700043360187
https://comptox.epa.gov/dashboard/chemical/details/DTXSID7034676,Isazofos,42509-80-8,C9H17ClN3O3PS,313.041677,94,688,14,Inactive,-0.000003587159997817131,-0.08889740859982613,0.10369720361462924,50,1.6989700043360187
https://comptox.epa.gov/dashboard/chemical/details/DTXSID2034590,Fenamidone,161326-34-7,C17H17N3OS,311.109233,198,752,26,Inactive,0.00006473783702987425,0.3355415972193227,0.391403145221694,50,1.6989700043360187
https://comptox.epa.gov/dashboard/chemical/details/DTXSID7040362,5-Chloro-N-(2-chloro-4-nitrophenyl)-2-hydroxybenzamide,50-65-7,C13H8Cl2N2O4,325.986112,324,716,45,Inactive,0.000059128502701985596,0.15294095334680588,0.1784028289464701,0.7,-0.1549019599857432
https://comptox.epa.gov/dashboard/chemical/details/DTXSID8024101,Tribenuron-methyl,101200-48-0,C15H17N5O6S,395.089954,9,521,2,Inactive,-1.3551490106670971e-8,-0.16789807604859347,0.19585003941891682,50,1.6989700043360187
https://comptox.epa.gov/dashboard/chemical/details/DTXSID4032613,Fenitrothion,122-14-5,C9H12NO5PS,277.017381,145,787,18,Inactive,-0.000006612417886083954,-0.19178667469176167,0.22371565346307706,50,1.6989700043360187
https://comptox.epa.gov/dashboard/chemical/details/DTXSID7024299,Hexythiazox,78587-05-0,C17H21ClN2O2S,352.101227,191,687,28,Inactive,-0.00002068772435695589,-0.1003415064112903,0.11704653471024291,50,1.6989700043360187
https://comptox.epa.gov/dashboard/chemical/details/DTXSID7024241,Oxyfluorfen,42874-03-3,C15H11ClF3NO4,361.032870,181,718,25,Inactive,-0.04999814039007914,-0.7086103945276189,0.8265810839948036,50,1.6989700043360187
https://comptox.epa.gov/dashboard/chemical/details/DTXSID4032667,Es-fenvalerate,66230-04-4,C25H22ClNO3,419.128821,122,724,17,Inactive,8.893591371516882e-8,0.22673440889842975,0.26448154717109557,50,1.6989700043360187
https://comptox.epa.gov/dashboard/chemical/details/DTXSID8035180,Allethrin,584-79-2,C19H26O3,302.188195,242,770,31,Inactive,1.2725910653116674e-10,0.21912286215889198,0.2556028169077068,0.9838542552854718,-0.0070692316634629136
https://comptox.epa.gov/dashboard/chemical/details/DTXSID1021166,Piperonyl butoxide,51-03-6,C19H30O5,338.209324,120,715,17,Inactive,0,0.45397594660752516,0.5295546508382323,12.295395178395623,1.0897424916789273
https://comptox.epa.gov/dashboard/chemical/details/DTXSID6024206,Molinate,2212-67-1,C9H17NOS,187.103085,29,724,4,Inactive,0,-0.3694754795037065,0.4309863991781597,12.254433626377736,1.0882932438930393
https://comptox.epa.gov/dashboard/chemical/details/DTXSID6032645,Sulfentrazone,122836-35-5,C11H10Cl2F2N4O3S,385.981873,25,646,4,Inactive,0.000094425666127433,0.2590790678022034,0.3022110010777746,50,1.6989700043360187
https://comptox.epa.gov/dashboard/chemical/details/DTXSID1034973,Tralkoxydim,87820-88-0,C20H27NO3,329.199094,37,673,5,Inactive,-2.5078038090129444e-8,-0.1229438733252627,0.14341178293251042,50,1.6989700043360187
https://comptox.epa.gov/dashboard/chemical/details/DTXSID5020601,"4,5-Dihydro-2-mercaptoimidazole",96-45-7,C3H6N2S,102.025169,19,810,2,Inactive,0,0.11276655878811495,0.13154013139135629,0.1571583184874955,-0.8036626265611013
https://comptox.epa.gov/dashboard/chemical/details/DTXSID3024287,Imazethapyr,81335-77-5,C15H19N3O3,289.142641,4,661,1,Inactive,0.000007521451858930132,0.07848157835195661,0.09154732785288683,50,1.6989700043360187
https://comptox.epa.gov/dashboard/chemical/details/DTXSID9020370,Daminozide,1596-84-5,C6H12N2O3,160.084792,8,667,1,Inactive,-6.881884809601686e-7,-0.0010173649787407208,0.0011867376677510465,49.99999999999999,1.6989700043360187
https://comptox.epa.gov/dashboard/chemical/details/DTXSID5044154,"2,2'-Dicyanodiethyl ether",1656-48-0,C6H8N2O,124.063663,2,205,1,Inactive,0,0.12685622208824893,0.147975466314026,0.08230000054096501,-1.084600161933075
https://comptox.epa.gov/dashboard/chemical/details/DTXSID2032502,Triflusulfuron-methyl,126535-15-7,C17H19F3N6O6S,492.103888,18,260,7,Inactive,0.00002881751380592586,0.4052391939203933,0.4727041188990681,50,1.6989700043360187
https://comptox.epa.gov/dashboard/chemical/details/DTXSID9034864,Propoxycarbazone-sodium,181274-15-7,C15H17N4NaO7S,420.071564,12,645,2,Inactive,-1.339699655237987e-8,-0.09684020898991276,0.11296233521175862,50,1.6989700043360187
https://comptox.epa.gov/dashboard/chemical/details/DTXSID3034402,Butachlor,23184-66-9,C17H26ClNO2,311.165207,221,697,32,Inactive,0.00003994574364776619,0.20420141110180218,0.23819721675733535,2.385,0.37748838337613266
https://comptox.epa.gov/dashboard/chemical/details/DTXSID2026523,Symclosene,87-90-1,C3Cl3N3O3,230.900524,16,658,2,Inactive,1.582660308555328e-9,0.028975727003374502,0.033799656371048745,50,1.6989700043360187
https://comptox.epa.gov/dashboard/chemical/details/DTXSID4032532,Carfentrazone-ethyl,128639-02-1,C15H14Cl2F3N3O3,411.036431,67,667,10,Inactive,-5.695657131415239e-7,-0.13507518751969644,0.15756273938835136,50,1.6989700043360187
https://comptox.epa.gov/dashboard/chemical/details/DTXSID5020819,Methidathion,950-37-8,C6H11N2O4PS3,301.961857,81,688,12,Inactive,-0.000009026885153522696,-0.2215062661983746,0.2583830141920925,50,1.6989700043360187
https://comptox.epa.gov/dashboard/chemical/details/DTXSID2025680,Mono(2-ethylhexyl) phthalate,4376-20-9,C16H22O4,278.151809,82,757,11,Inactive,-6.649071759324596e-17,-0.22980826117498196,0.2680671397144934,0.03353441442555459,-1.474509272862043
https://comptox.epa.gov/dashboard/chemical/details/DTXSID1024170,"1,1-Dimethylpiperidinium chloride",24307-26-4,C7H16ClN,149.097127,13,735,2,Inactive,-1.1249249038709091e-9,-0.24417620292028652,0.2848270813613064,0.8618110436411371,-0.06458794496373883
https://comptox.epa.gov/dashboard/chemical/details/DTXSID0034223,Tebufenpyrad,119168-77-3,C18H24ClN3O,333.160790,313,678,46,Inactive,0.000012955812120098857,0.038494035009456654,0.04490258882903028,5,0.6989700043360189
https://comptox.epa.gov/dashboard/chemical/details/DTXSID8034580,Ethofumesate,26225-79-6,C13H18O5S,286.087495,138,671,21,Inactive,4.878987015066368e-11,0.18847689161229933,0.21985485194684556,50,1.6989700043360187
https://comptox.epa.gov/dashboard/chemical/details/DTXSID3034612,Fluazifop-butyl,69806-50-4,C19H20F3NO4,383.134443,23,662,3,Inactive,9.549532449499731e-9,0.03622368210111951,0.04225426362449374,50.00000000000001,1.6989700043360187
https://comptox.epa.gov/dashboard/chemical/details/DTXSID0040755,Fenoxaprop-(2S)-ethyl,113776-20-8,C18H16ClNO5,361.071700,22,267,8,Inactive,-1.0667456071490808e-15,-0.35098732761390583,0.4094203076444341,12.21497818283796,1.0868926956171472
https://comptox.epa.gov/dashboard/chemical/details/DTXSID2034962,Thiamethoxam,153719-23-4,C8H10ClN5O3S,291.019288,5,715,1,Inactive,3.987098315490803e-8,0.10693546088592065,0.1247382621807181,50,1.6989700043360187
https://comptox.epa.gov/dashboard/chemical/details/DTXSID4032611,Ethoprop,13194-48-4,C8H19O2PS2,242.056409,51,735,7,Inactive,-0.0000190854284902733,-0.050362348327530976,0.058746759565734705,50,1.6989700043360187
https://comptox.epa.gov/dashboard/chemical/details/DTXSID3024102,Fenamiphos,22224-92-6,C13H22NO3PS,303.105802,125,780,16,Inactive,2.27484022283794e-12,0.0684384872239301,0.0798322454671751,49.99999999999999,1.6989700043360187
https://comptox.epa.gov/dashboard/chemical/details/DTXSID0020022,Acifluorfen,50594-66-6,C14H7ClF3NO5,360.996485,49,692,7,Inactive,-0.0000018074315759364823,-0.019327426370036125,0.022545089887404328,50,1.6989700043360187
https://comptox.epa.gov/dashboard/chemical/details/DTXSID3024154,Iprodione,36734-19-7,C13H13Cl2N3O3,329.033397,116,742,16,Inactive,-0.0019658745327630093,-0.4025444546128104,0.46956075471030234,50,1.6989700043360187
https://comptox.epa.gov/dashboard/chemical/details/DTXSID9023889,Quizalofop-ethyl,76578-14-8,C19H17ClN2O4,372.087685,50,661,8,Inactive,-3.397962310425141e-8,-0.249817979305858,0.2914081104803482,21.95,1.34143452457814
https://comptox.epa.gov/dashboard/chemical/details/DTXSID6023999,Cyromazine,66215-27-8,C6H10N6,166.096694,5,659,1,Inactive,-2.3170476703107003e-9,-0.08527172854572598,0.09946791404665124,50,1.6989700043360187
https://comptox.epa.gov/dashboard/chemical/details/DTXSID4024195,2-(4-Chloro-2-methylphenoxy)acetic acid,94-74-6,C9H9ClO3,200.024022,22,660,3,Inactive,0.000032879558465093195,0.22053880227864842,0.257254485198348,50,1.6989700043360187
https://comptox.epa.gov/dashboard/chemical/details/DTXSID2032398,Fludioxonil,131341-86-1,C12H6F2N2O2,248.039734,234,746,31,Inactive,-3.5606559635050586e-14,-0.2590889407075487,0.3022225176415528,0.6687911444176283,-0.17470948610136697
https://comptox.epa.gov/dashboard/chemical/details/DTXSID7034961,Thiacloprid,111988-49-9,C10H9ClN4S,252.023645,24,742,3,Inactive,0,-0.04575445668479472,0.05337173811756277,0.012900000804044135,-1.88941026263161
https://comptox.epa.gov/dashboard/chemical/details/DTXSID7032393,Fenoxycarb,72490-01-8,C17H19NO4,301.131408,174,663,26,Inactive,0.00004080765010750343,0.30493788611637357,0.3557044751300665,50,1.6989700043360187
https://comptox.epa.gov/dashboard/chemical/details/DTXSID2032552,Flufenacet,142459-58-3,C14H13F4N3O2S,363.066460,122,752,16,Inactive,-1.1089764938408924e-10,-0.3405608466911409,0.3972580080649375,50,1.6989700043360187
https://comptox.epa.gov/dashboard/chemical/details/DTXSID1021409,Triphenyltin hydroxide,76-87-9,C18H16OSn,368.022317,402,707,57,Inactive,0.000030129652408629154,0.14790346859799486,0.17252669498564205,0.024,-1.6197887582883939
https://comptox.epa.gov/dashboard/chemical/details/DTXSID4032405,Formetanate hydrochloride,23422-53-9,C11H16ClN3O2,257.093104,65,661,10,Inactive,9.38612010569785e-10,0.007091600546308726,0.008272222524669073,50,1.6989700043360187
https://comptox.epa.gov/dashboard/chemical/details/DTXSID7024902,Dazomet,533-74-4,C5H10N2S2,162.028541,176,673,26,Inactive,-7.607275880644303e-7,-0.26591851588038995,0.3101890923533934,50,1.6989700043360187
https://comptox.epa.gov/dashboard/chemical/details/DTXSID7020182,Bisphenol A,80-05-7,C15H16O2,228.115030,236,981,24,Inactive,-1.3566676080473652e-16,-0.1344228765240555,0.15680183052497224,0.357570931952153,-0.44663779358387035
https://comptox.epa.gov/dashboard/chemical/details/DTXSID3034664,Imazamox,114311-32-9,C15H19N3O4,305.137556,6,682,1,Inactive,5.536722399683834e-12,0.13800812376964278,0.16098395596023696,50.00000000000001,1.6989700043360187
https://comptox.epa.gov/dashboard/chemical/details/DTXSID6034928,Spirodiclofen,148477-71-8,C21H24Cl2O4,410.105165,153,738,21,Inactive,-9.775457209212827e-8,-0.368567749769151,0.42992754902050234,1.2941231787151273,0.11197561581508957
https://comptox.epa.gov/dashboard/chemical/details/DTXSID0034566,Emamectin benzoate,155569-91-8,, ,499,841,59,Inactive,-4.673545987738375e-8,-0.004314502171921903,0.005032787988585088,0.264,-0.5783960731301689
https://comptox.epa.gov/dashboard/chemical/details/DTXSID5032600,Cyclanilide,113136-77-9,C11H9Cl2NO3,272.995949,147,700,21,Inactive,-0.000001147777419745383,-0.2983324550697616,0.34799936044796925,50,1.6989700043360187
https://comptox.epa.gov/dashboard/chemical/details/DTXSID2032550,"Fenpyroximate (Z,E)",111812-58-9,C24H27N3O4,421.200156,295,756,39,Inactive,0.00017922241143985903,0.03983147512484988,0.046462688298212956,9.45,0.9754318085092629
https://comptox.epa.gov/dashboard/chemical/details/DTXSID2020420,Propyzamide,23950-58-5,C12H11Cl2NO,255.021769,87,742,12,Inactive,-3.7014596345792943e-8,-0.4176286605853816,0.4871562054972197,29.233274578426315,1.465877465774398
https://comptox.epa.gov/dashboard/chemical/details/DTXSID0024266,Pirimiphos-methyl,29232-93-7,C11H20N3O3PS,305.096300,143,726,20,Inactive,-0.000037885322945031733,-0.30578666828073436,0.35669456402364036,49.99999999999999,1.6989700043360187
https://comptox.epa.gov/dashboard/chemical/details/DTXSID8040222,Trifloxysulfuron-sodium,199119-58-9,C14H13F3N5NaO6S,459.043633,20,651,3,Inactive,7.080244671100335e-9,0.3138278108685257,0.36607440999838675,83.96934623240101,1.9241207718738564
https://comptox.epa.gov/dashboard/chemical/details/DTXSID8032544,"Dipropyl 2,5-pyridinedicarboxylate",136-45-8,C13H17NO4,251.115758,22,643,3,Inactive,0.000026244402909635212,0.07494110141977799,0.08741742617058128,50,1.6989700043360187
https://comptox.epa.gov/dashboard/chemical/details/DTXSID7022253,Resmethrin,10453-86-8,C22H26O3,338.188195,150,725,21,Inactive,5.465971763824845e-19,0.26930869954715825,0.31414367968637613,12.32833981881071,1.0909045967843691
https://comptox.epa.gov/dashboard/chemical/details/DTXSID4024018,Dicamba,1918-00-9,C8H6Cl2O3,219.969400,7,648,1,Inactive,-5.265112652415501e-16,-0.23908530679222598,0.278888644002026,8.80889282034104,0.9449213258656985
https://comptox.epa.gov/dashboard/chemical/details/DTXSID7032638,Pyraclostrobin,175013-18-0,C19H18ClN3O4,387.098584,355,851,42,Inactive,1.8123859915461215e-7,0.2865287894486277,0.33423060006909683,6.05,0.7817553746524689
https://comptox.epa.gov/dashboard/chemical/details/DTXSID4024272,Prometryn,7287-19-6,C10H19N5S,241.136117,79,682,12,Inactive,5.187170875424634e-9,0.0018410699686236976,0.0021475744952763904,50,1.6989700043360187
https://comptox.epa.gov/dashboard/chemical/details/DTXSID8024317,Terbacil,5902-51-2,C9H13ClN2O2,216.066555,45,656,7,Inactive,7.424573326541527e-10,0.10644150387810669,0.12416207035214934,50,1.6989700043360187
https://comptox.epa.gov/dashboard/chemical/details/DTXSID8024109,Flutolanil,66332-96-5,C17H16F3NO2,323.113313,95,683,14,Inactive,-1.6521130832783834e-17,-0.37779184827482387,0.44068729146935054,11.693607598488882,1.0679485161585007
https://comptox.epa.gov/dashboard/chemical/details/DTXSID5035957,Cyfluthrin,68359-37-5,C22H18Cl2FNO3,433.064777,137,823,17,Inactive,-1.9925289849506767e-7,-0.35884690380042034,0.41858835972800496,29.5,1.469822015978163
https://comptox.epa.gov/dashboard/chemical/details/DTXSID8022292,Permethrin,52645-53-1,C21H20Cl2O3,390.078950,103,803,13,Inactive,-0.0003893169887129223,-0.30971866580899376,0.3612811673310053,50,1.6989700043360187
https://comptox.epa.gov/dashboard/chemical/details/DTXSID5020607,Di(2-ethylhexyl) phthalate,117-81-7,C24H38O4,390.277010,88,813,11,Inactive,-0.000039847099041651236,-0.26022521349792477,0.30354795909998494,50,1.6989700043360187
https://comptox.epa.gov/dashboard/chemical/details/DTXSID0032655,Triticonazole,131983-72-7,C17H20ClN3O,317.129490,100,767,13,Inactive,-2.1795424407296442e-14,-0.17946919236688152,0.20934753528302485,0.012900000246865766,-1.8894102813897093
https://comptox.epa.gov/dashboard/chemical/details/DTXSID8034665,Imazapyr,81334-34-1,C13H15N3O3,261.111341,9,685,1,Inactive,4.4183053709300534e-9,0.0676907872116021,0.07896006705790266,50.00000000000001,1.6989700043360187
https://comptox.epa.gov/dashboard/chemical/details/DTXSID2024793,Chloroneb,2675-77-6,C8H8Cl2O2,205.990135,19,652,3,Inactive,-7.820009847493095e-10,-0.2722877374885615,0.3176186730393995,86.9067519870191,1.9390535191044866
https://comptox.epa.gov/dashboard/chemical/details/DTXSID0032601,Cyproconazole,94361-06-5,C15H18ClN3O,291.113840,104,715,15,Inactive,0.00001645672853942593,0.04087173229967834,0.04767612929462437,50,1.6989700043360187
https://comptox.epa.gov/dashboard/chemical/details/DTXSID6032562,Octylbicycloheptenedicarboximide,113-48-4,C17H25NO2,275.188529,183,782,23,Inactive,-0.000004861227633488985,-0.31035433394124534,0.3620226625981863,50,1.6989700043360187
https://comptox.epa.gov/dashboard/chemical/details/DTXSID9032581,Zoxamide,156052-68-5,C14H16Cl3NO2,335.024662,298,658,45,Inactive,3.7770445363573695e-10,0.2792162210381264,0.3257006225663427,4.659170698142926,0.6683086219965181
https://comptox.epa.gov/dashboard/chemical/details/DTXSID0024216,Nitrapyrin,1929-82-4,C6H3Cl4N,228.901960,20,648,3,Inactive,0,-0.18905220240399698,0.2205259414785654,0.30969118869681855,-0.509071150971234
https://comptox.epa.gov/dashboard/chemical/details/DTXSID8034956,Tetraconazole,112281-77-3,C13H11Cl2F4N3O,371.021530,290,726,40,Inactive,0,-0.28234453669975684,0.32934974565377945,12.533238582752103,1.098063306978467
https://comptox.epa.gov/dashboard/chemical/details/DTXSID1023869,Ametryn,834-12-8,C9H17N5S,227.120467,64,674,9,Inactive,1.259105062450438e-7,0.0674978700266905,0.07873503268491444,50.00000000000001,1.6989700043360187
https://comptox.epa.gov/dashboard/chemical/details/DTXSID7032555,Flumioxazin,103361-09-7,C19H15FN2O4,354.101585,71,675,11,Inactive,0.000003523002113522372,0.3267910779583424,0.3811958243128888,90.79707882052861,1.9580718763566272
https://comptox.epa.gov/dashboard/chemical/details/DTXSID1032488,Thiazopyr,117718-60-2,C16H17F5N2O2S,396.093090,105,678,15,Inactive,-5.668100198705557e-7,-0.05127668896317342,0.059813321218776284,50,1.6989700043360187
https://comptox.epa.gov/dashboard/chemical/details/DTXSID7024245,Pendimethalin,40487-42-1,C13H19N3O4,281.137556,146,703,21,Inactive,-0.000007036553792078999,-0.23851443286769974,0.27822272999483194,50,1.6989700043360187
https://comptox.epa.gov/dashboard/chemical/details/DTXSID1024259,Phosalone,2310-17-0,C12H15ClNO4PS2,366.986865,180,788,23,Inactive,0.00002952423550753198,0.1205431095151835,0.14061133579276217,50,1.6989700043360187
https://comptox.epa.gov/dashboard/chemical/details/DTXSID4023412,Oxytetracycline dihydrate,6153-64-6,C22H28N2O11,496.169310,124,783,16,Inactive,3.438365443225029e-7,0.26121435376438684,0.3047017731563257,50.00000000000001,1.6989700043360187
https://comptox.epa.gov/dashboard/chemical/details/DTXSID4020242,Captafol,2425-06-1,C10H9Cl4NO2S,346.910811,294,684,43,Inactive,3.2600228297672717e-18,0.21594302257375275,0.251893592104469,0.95869107367375,-0.01832131630481943
https://comptox.epa.gov/dashboard/chemical/details/DTXSID1023990,Cyanazine,21725-46-2,C9H13ClN6,240.089022,41,679,6,Inactive,2.2899649638996177e-19,0.32672988731679115,0.3811244465470327,3.717169341642155,0.5702123465316979
https://comptox.epa.gov/dashboard/chemical/details/DTXSID9034868,Prosulfuron,94125-34-5,C15H16F3N5O4S,419.087510,13,268,5,Inactive,0,-0.07012729641919241,0.081802210551036,0.3730232255810337,-0.4282641268302949
https://comptox.epa.gov/dashboard/chemical/details/DTXSID4046448,Pitavastatin calcium,147526-32-7,C50H46CaF2N2O8,880.284814,81,403,20,Inactive,0,0.23787638870222927,0.2774784631282942,0.2789678462574602,-0.5544458504815308
https://comptox.epa.gov/dashboard/chemical/details/DTXSID5024344,Tri-allate,2303-17-5,C10H16Cl3NOS,303.001818,164,760,22,Inactive,-0.000004775464205618337,-0.06278695165446672,0.07323983243835358,29.05,1.4631461367263496
https://comptox.epa.gov/dashboard/chemical/details/DTXSID8025599,Methylene bis(thiocyanate),6317-18-6,C3H2N2S2,129.965940,304,703,43,Inactive,2.0243349990125177e-10,0.002157468850952509,0.002516648013178194,2.51,0.3996737214810381
https://comptox.epa.gov/dashboard/chemical/details/DTXSID0034300,Acetamiprid,135410-20-7,C10H11ClN4,222.067224,17,712,2,Inactive,-3.307238536668897e-7,-0.01703482083630664,0.019870807401743244,50,1.6989700043360187
https://comptox.epa.gov/dashboard/chemical/details/DTXSID7024164,Bensulfuron-methyl,83055-99-6,C16H18N4O7S,410.089620,9,503,2,Inactive,0.0000018701187249763557,0.266262444623165,0.31059027895073293,49.99999999999999,1.6989700043360187
https://comptox.epa.gov/dashboard/chemical/details/DTXSID9020792,Maleic hydrazide,123-33-1,C4H4N2O2,112.027277,8,654,1,Inactive,2.1383771256082013e-18,0.30258279239024144,0.35295730130917813,12.325105436362842,1.090790643181293
https://comptox.epa.gov/dashboard/chemical/details/DTXSID1032359,Cyprodinil,121552-61-2,C14H15N3,225.126597,170,671,25,Inactive,0.00003896940898746372,0.05805235827259705,0.06771701572541312,50,1.6989700043360187
https://comptox.epa.gov/dashboard/chemical/details/DTXSID5032365,"2,6-Dichlorobenzonitrile",1194-65-6,C7H3Cl2N,170.964255,15,682,2,Inactive,-1.6435153787387855e-17,-0.30417946125782924,0.3548197863835486,11.781834567464307,1.0712129203740208
https://comptox.epa.gov/dashboard/chemical/details/DTXSID5032442,Imidacloprid,138261-41-3,C9H10ClN5O2,255.052302,57,753,8,Inactive,0,0.20110335507880384,0.2345833909857367,12.683473391316017,1.1032382021351435
https://comptox.epa.gov/dashboard/chemical/details/DTXSID3023897,Triadimefon,43121-43-3,C14H16ClN3O2,293.093104,134,754,18,Inactive,-1.284231181693235e-7,-0.35538968391626535,0.41455557587171077,86.99276445526992,1.9394831320688763
https://comptox.epa.gov/dashboard/chemical/details/DTXSID5034270,Imazapic,104098-48-8,C14H17N3O3,275.126991,8,646,1,Inactive,-0.000014086394633683366,-0.23361486655889535,0.27250747537549247,50,1.6989700043360187
https://comptox.epa.gov/dashboard/chemical/details/DTXSID0020319,Chlorothalonil,1897-45-6,C8Cl4N2,263.881559,349,748,47,Inactive,4.1858075512374994e-16,0.033629178273150685,0.03922782229211565,0.267,-0.5734887386354247
https://comptox.epa.gov/dashboard/chemical/details/DTXSID2020686,Lindane,58-89-9,C6H6Cl6,287.860066,87,710,12,Inactive,4.4751105393128517e-7,0.0958793440882594,0.11184150385207944,50,1.6989700043360187
https://comptox.epa.gov/dashboard/chemical/details/DTXSID3022455,Dimethyl phthalate,131-11-3,C10H10O4,194.057909,4,691,1,Inactive,-3.4369962732561504e-8,-0.2637860675364258,0.3077016303046722,50,1.6989700043360187
https://comptox.epa.gov/dashboard/chemical/details/DTXSID0020446,Diuron,330-54-1,C9H10Cl2N2O,232.017018,88,711,12,Inactive,0,-0.47617515366013485,0.5554496204450547,12.839566945649825,1.1085503760469868
https://comptox.epa.gov/dashboard/chemical/details/DTXSID9034818,Azamethiphos,35575-96-3,C9H10ClN2O5PS,323.973657,154,655,24,Inactive,0,-0.198122277864431,0.2311060188580372,0.06674265599205012,-1.175596514796301
https://comptox.epa.gov/dashboard/chemical/details/DTXSID4034609,Fipronil,120068-37-3,C12H4Cl2F6N4OS,435.938706,294,760,39,Inactive,6.015392439376781e-11,0.011422953328604995,0.013324666442516253,28.95,1.461648568063455
https://comptox.epa.gov/dashboard/chemical/details/DTXSID9020790,Malaoxon,1634-78-2,C10H19O7PS,314.058911,42,776,5,Inactive,-1.2657677081377666e-12,-0.04813717886358884,0.05615114002390799,50,1.6989700043360187
https://comptox.epa.gov/dashboard/chemical/details/DTXSID4022527,Propylparaben,94-13-3,C10H12O3,180.078644,101,652,15,Inactive,0,-0.19202916662822903,0.2239985158783805,25.883759490670883,1.4130273557476138
https://comptox.epa.gov/dashboard/chemical/details/DTXSID9020794,Maneb,12427-38-2,C4H6MnN2S4,264.879427,217,848,26,Inactive,-5.871710233507347e-9,-0.0205731535729031,0.023998207919061237,0.026999999999999996,-1.5686362358410126
https://comptox.epa.gov/dashboard/chemical/details/DTXSID9020247,Carbaryl,63-25-2,C12H11NO2,201.078979,104,752,14,Inactive,-2.485545288478472e-17,-0.6251730219379487,0.729252912670385,12.904664894876346,1.1107467313753823
https://comptox.epa.gov/dashboard/chemical/details/DTXSID2020347,Coumaphos,56-72-4,C14H16ClO5PS,362.014459,197,818,24,Inactive,-8.341387731364683e-13,-0.2620167725205795,0.30563777998099784,2.598193475308566,0.4146714878187386
https://comptox.epa.gov/dashboard/chemical/details/DTXSID0032578,Thiodicarb,59669-26-0,C10H18N4O4S3,354.049019,178,682,26,Inactive,-0.000007921748772921791,-0.09038770259515946,0.10543560434321969,3.925,0.5938396610812713
https://comptox.epa.gov/dashboard/chemical/details/DTXSID2034881,Quinoxyfen,124495-18-7,C15H8Cl2FNO,306.996697,191,678,28,Inactive,0,-0.08573258333804698,0.10000549274538714,0.0015300000018066496,-2.815308568669579
https://comptox.epa.gov/dashboard/chemical/details/DTXSID3034872,Chloridazon,1698-60-8,C10H8ClN3O,221.035590,20,666,3,Inactive,-2.5837322004466917e-7,-0.026208472515809295,0.030571704549165073,50,1.6989700043360187
https://comptox.epa.gov/dashboard/chemical/details/DTXSID9021976,2-Phenoxyethanol,122-99-6,C8H10O2,138.068080,8,645,1,Inactive,-0.00004899743728719649,-0.3018763373723077,0.3521332344326168,50,1.6989700043360187
https://comptox.epa.gov/dashboard/chemical/details/DTXSID0034855,Butyl (2R)-2-(4-{[5-(trifluoromethyl)pyridin-2-yl]oxy}phenoxy)propanoate,79241-46-6,C19H20F3NO4,383.134443,34,674,5,Inactive,-0.00001267941512827303,-0.044276962314311254,0.05164826791760249,50,1.6989700043360187
https://comptox.epa.gov/dashboard/chemical/details/DTXSID4040002,Monobutyl phthalate,131-70-4,C12H14O4,222.089209,11,692,2,Inactive,2.0911224262775735e-7,0.1313392327149819,0.15320481633770922,50,1.6989700043360187
https://comptox.epa.gov/dashboard/chemical/details/DTXSID2020426,Dichloran,99-30-9,C6H4Cl2N2O2,205.964983,186,730,25,Inactive,-7.886439534461702e-9,-0.1804369250528145,0.2104763777876411,50,1.6989700043360187
https://comptox.epa.gov/dashboard/chemical/details/DTXSID4022020,Bromacil,314-40-9,C9H13BrN2O2,260.016041,61,680,9,Inactive,0,-0.3528913612098263,0.41164132806105896,12.411424372402966,1.0938216253002926
https://comptox.epa.gov/dashboard/chemical/details/DTXSID4032580,Trifloxystrobin,141517-21-7,C20H19F3N2O4,408.129692,233,768,30,Inactive,6.249979844470115e-9,0.3927405971613438,0.458124734039217,3.1057360619936247,0.4921645448599188
https://comptox.epa.gov/dashboard/chemical/details/DTXSID5034723,Isoxaflutole,141112-29-0,C15H12F3NO4S,359.043914,24,715,3,Inactive,-0.0000026131748455333427,-0.14450746479698076,0.16856531857235363,50,1.6989700043360187
https://comptox.epa.gov/dashboard/chemical/details/DTXSID4021268,Simazine,122-34-9,C7H12ClN5,201.078123,21,695,3,Inactive,8.166990291210557e-14,0.3419144464251537,0.39883695743411973,0.06563951019700774,-1.1828346683186766
https://comptox.epa.gov/dashboard/chemical/details/DTXSID9034496,Prohexadione-calcium,127277-53-6,C20H22Ca2O10,502.046479,4,262,2,Inactive,-4.416005091537714e-11,-0.2111895236646395,0.2463487224392671,91.29660646040371,1.9604546348956209
https://comptox.epa.gov/dashboard/chemical/details/DTXSID2021105,Fartox,82-68-8,C6Cl5NO2,292.837167,96,674,14,Inactive,-1.2469253847420786e-18,-0.2785642753766553,0.3249401398586007,12.117153596960195,1.0834006130385707
https://comptox.epa.gov/dashboard/chemical/details/DTXSID4034364,Oxasulfuron,144651-06-9,C17H18N4O6S,406.094705,15,263,6,Inactive,-3.4204026740468426e-7,-0.09077122378386003,0.10588297480566176,50,1.6989700043360187
https://comptox.epa.gov/dashboard/chemical/details/DTXSID4034528,Diclosulam,145701-21-9,C13H10Cl2FN5O3S,404.986544,45,684,7,Inactive,0.00001981918874139469,0.4479268588693394,0.5224985004650184,50,1.6989700043360187
https://comptox.epa.gov/dashboard/chemical/details/DTXSID4021975,Diphenylamine,122-39-4,C12H11N,169.089149,78,681,11,Inactive,-0.000004094518836511222,-0.3193947512515099,0.3725681442871267,50,1.6989700043360187
https://comptox.epa.gov/dashboard/chemical/details/DTXSID3024152,Imazaquin,81335-37-7,C17H17N3O3,311.126991,11,639,2,Inactive,5.264693004087183e-7,0.09499402962427748,0.11080880069818021,50,1.6989700043360187
https://comptox.epa.gov/dashboard/chemical/details/DTXSID9032379,Dithiopyr,97886-45-8,C15H16F5NO2S2,401.054262,153,708,22,Inactive,0.000008260950485536435,0.17666627154625023,0.20607797933498728,50,1.6989700043360187
https://comptox.epa.gov/dashboard/chemical/details/DTXSID8032548,"4-(4-Chlorophenyl)-2-phenyl-2-(1H-1,2,4-triazol-1-ylmethyl)butyronitrile",114369-43-6,C19H17ClN4,336.114174,201,717,28,Inactive,6.72129752805394e-12,0.31644552030681794,0.36912792025140734,8.168286560520432,0.9121309653018849
https://comptox.epa.gov/dashboard/chemical/details/DTXSID9020243,Captan,133-06-2,C9H8Cl3NO2S,298.934133,252,741,34,Inactive,5.333670406875212e-13,0.27578950487327025,0.3217034207415268,0.5509970781800577,-0.2588507041130833
https://comptox.epa.gov/dashboard/chemical/details/DTXSID4024270,Prochloraz,67747-09-5,C15H16Cl3N3O2,375.030810,325,853,38,Inactive,-5.4486367983793415e-18,-0.09992114019269277,0.11655618519332003,0.16304486725526166,-0.7876928684790211
https://comptox.epa.gov/dashboard/chemical/details/DTXSID1020194,Boric acid (H3BO3),10043-35-3,BH3O3,62.017524,4,696,1,Inactive,0,0.5941070314866939,0.6930150021614818,12.580476542583765,1.0996970922932485
https://comptox.epa.gov/dashboard/chemical/details/DTXSID6024175,Metalaxyl,57837-19-1,C15H21NO4,279.147058,28,689,4,Inactive,-2.1629547545099967e-7,-0.0022798762867607568,0.002659434051543966,49.99999999999999,1.6989700043360187
https://comptox.epa.gov/dashboard/chemical/details/DTXSID8022111,"N-(3,4-Dichlorophenyl)propanamide",709-98-8,C9H9Cl2NO,217.006119,120,743,16,Inactive,0.000005058803987803747,0.08290240051236265,0.0967041361663362,50,1.6989700043360187
https://comptox.epa.gov/dashboard/chemical/details/DTXSID1021160,Picloram,1918-02-1,C6H3Cl3N2O2,239.926010,14,669,2,Inactive,2.9044397763663846e-7,0.10225719283659346,0.11928114793952922,50,1.6989700043360187
https://comptox.epa.gov/dashboard/chemical/details/DTXSID9034737,Metiram,9006-42-2,, ,115,378,30,Inactive,6.143027077206903e-14,0.45035212700212546,0.5253275314496862,13.242591644871132,1.121972987137113
https://comptox.epa.gov/dashboard/chemical/details/DTXSID2021151,2-Phenylphenol,90-43-7,C12H10O,170.073165,63,704,9,Inactive,-4.294534637505094e-9,-0.014316520520946596,0.016699959727695828,50,1.6989700043360187
https://comptox.epa.gov/dashboard/chemical/details/DTXSID2040361,Metam-sodium hydrate,6734-80-1,C2H10NNaO3S2,182.999980,65,743,9,Inactive,-1.3229036785774734e-8,-0.3301340130734909,0.38509529707329865,90.11948290654242,1.9548186911356864
https://comptox.epa.gov/dashboard/chemical/details/DTXSID7020508,Dimethylarsinic acid,75-60-5,C2H7AsO2,137.966199,30,649,5,Inactive,0,-0.13278373851264735,0.1548898059699415,0.01290000000270814,-1.8894102896095781
https://comptox.epa.gov/dashboard/chemical/details/DTXSID1032355,Clomazone,81777-89-1,C12H14ClNO2,239.071306,52,668,8,Inactive,0.00004087202705736557,0.1814501412587705,0.21165827598770706,50,1.6989700043360187
https://comptox.epa.gov/dashboard/chemical/details/DTXSID4034653,Hexaconazole,79983-71-4,C14H17Cl2N3O,313.074868,275,725,38,Inactive,-0.000013189967686714437,-0.4106322534398829,0.47899502433609586,50,1.6989700043360187
https://comptox.epa.gov/dashboard/chemical/details/DTXSID2032683,Mevinphos,7786-34-7,C7H13O6P,224.044975,28,652,4,Inactive,0.0021930181626916958,0.5673412913994134,0.661793255167471,50.00000000000001,1.6989700043360187
https://comptox.epa.gov/dashboard/chemical/details/DTXSID6032358,Cymoxanil,57966-95-7,C7H10N4O3,198.075290,41,742,6,Inactive,0,-0.12467700537289432,0.1454334498142,0.6385783133912923,-0.19478583451943443
https://comptox.epa.gov/dashboard/chemical/details/DTXSID0032651,Thidiazuron,51707-55-2,C9H8N4OS,220.041882,155,700,22,Inactive,0.000002324579539629365,0.163978749437633,0.19127821650517443,50,1.6989700043360187
https://comptox.epa.gov/dashboard/chemical/details/DTXSID8034401,Buprofezin,69327-76-0,C16H23N3OS,305.156184,227,676,34,Inactive,0.000010132140559159647,0.16367527197431403,0.1909242155865661,5,0.6989700043360189
https://comptox.epa.gov/dashboard/chemical/details/DTXSID5024394,Acetic acid,64-19-7,C2H4O2,60.021129,18,584,3,Inactive,-0.000005989321033988328,-0.05620443479541065,0.06556144673756271,100,2
https://comptox.epa.gov/dashboard/chemical/details/DTXSID4027494,"2,3-Diaminotoluene",2687-25-4,C7H10N2,122.084398,144,632,23,Inactive,0,-0.115237734284054,0.13442271247674434,0.009690000475548431,-2.01367620163571
https://comptox.epa.gov/dashboard/chemical/details/DTXSID3022667,Betamethasone,378-44-9,C22H29FO5,392.199902,44,344,13,Inactive,0.00010512219287479478,0.5150150222107829,0.6007556177839902,0.009449242141756749,-2.024603021845395
https://comptox.epa.gov/dashboard/chemical/details/DTXSID9024063,"2,6-Dimethylphenol",576-26-1,C8H10O,122.073165,8,601,1,Inactive,-0.00005437714893824231,-0.030632863020896337,0.03573267527151682,100,2
https://comptox.epa.gov/dashboard/chemical/details/DTXSID3035341,"1,3-Dibromo-5,5-dimethylhydantoin",77-48-5,C5H6Br2N2O2,283.879603,12,591,2,Inactive,1.8076396784714136e-15,0.1252630024961427,0.14611700475651127,2.553627773083983,0.4071575930539092
https://comptox.epa.gov/dashboard/chemical/details/DTXSID5020570,Sodium erythorbate,6381-77-7,C6H7NaO6,198.014032,6,596,1,Inactive,-3.682699539794068e-8,-0.0024021514258220876,0.0028020657681705713,100,2
https://comptox.epa.gov/dashboard/chemical/details/DTXSID2025133,"1,2-Dimethyl-4-nitrobenzene",99-51-4,C8H9NO2,151.063329,18,589,3,Inactive,0.000021711302135603184,0.0012890833225105793,0.0015036921534163118,100,2
https://comptox.epa.gov/dashboard/chemical/details/DTXSID7026156,"Toluene 2,4-diisocyanate",584-84-9,C9H6N2O2,174.042927,76,614,12,Inactive,0.00003853413562605713,0.01966563753653851,0.02293960703644086,100,2
https://comptox.epa.gov/dashboard/chemical/details/DTXSID6022000,Ethanolamine,141-43-5,C2H7NO,61.052764,3,643,0,Inactive,7.804692945986512e-7,0.24085531249902348,0.28095332333371575,100,2
https://comptox.epa.gov/dashboard/chemical/details/DTXSID8021513,Butyraldehyde,123-72-8,C4H8O,72.057515,0,329,0,Inactive,0.000011459372075534404,0.2474867589012802,0.2886887844530589,100,2
https://comptox.epa.gov/dashboard/chemical/details/DTXSID8021515,Butanoic acid,107-92-6,C4H8O2,88.052429,5,600,1,Inactive,-2.4608463616036713e-9,-0.3849860948125972,0.44907924866845816,0.010566501899173705,-1.9760687645685575
https://comptox.epa.gov/dashboard/chemical/details/DTXSID6025068,Dihexyl phthalate,84-75-3,C20H30O4,334.214409,55,622,9,Inactive,0.0000018260720019360103,0.3215779192384651,0.3751147698731135,1.2406743230194686,0.09365779416765442
https://comptox.epa.gov/dashboard/chemical/details/DTXSID2021866,Dibutyl adipate,105-99-7,C14H26O4,258.183109,10,593,2,Inactive,-0.0001135767488744945,-0.03928854977281493,0.04582937579041031,99.99999999999999,2
https://comptox.epa.gov/dashboard/chemical/details/DTXSID4020161,Biphenyl,92-52-4,C12H10,154.078250,13,613,2,Inactive,1.4001993577233855e-8,0.30670326017237437,0.35776375172568886,0.5298035702298429,-0.27588511941384336
https://comptox.epa.gov/dashboard/chemical/details/DTXSID6021872,4-Methylbenzenamine,106-49-0,C7H9N,107.073499,19,601,3,Inactive,-3.2710940699371108e-18,-0.6125823692704235,0.7145661462744972,25.825248831464584,1.4120445147264644
https://comptox.epa.gov/dashboard/chemical/details/DTXSID1020647,Furfural,98-01-1,C5H4O2,96.021129,11,596,2,Inactive,6.246748408872234e-7,0.11085010606336182,0.12930462428775635,111.5,2.0472748673841794
https://comptox.epa.gov/dashboard/chemical/details/DTXSID0021206,"1,2-Propylene glycol",57-55-6,C3H8O2,76.052429,6,623,1,Inactive,0.00000639950269780071,0.1693285081720956,0.19751861236726254,100,2
https://comptox.epa.gov/dashboard/chemical/details/DTXSID5021201,Gallic acid n-propyl ester,121-79-9,C10H12O5,212.068473,110,617,18,Inactive,0.0000030530623458815797,0.028725077945176192,0.03350727882221819,100,2
https://comptox.epa.gov/dashboard/chemical/details/DTXSID7022049,"2,4,6-Trimethylphenol",527-60-6,C9H12O,136.088815,21,596,4,Inactive,-0.00006458860151613921,-0.07446374137352345,0.08686059439456434,100,2
https://comptox.epa.gov/dashboard/chemical/details/DTXSID2036299,"N,N-Dimethyloctylamine",7378-99-6,C10H23N,157.183050,6,610,1,Inactive,0,0.12517298365911578,0.14601199942711687,0.009140000031071158,-2.0390538027897973
https://comptox.epa.gov/dashboard/chemical/details/DTXSID5025152,Dimethyl succinate,106-65-0,C6H10O4,146.057909,6,590,1,Inactive,0.0000010619423985070233,0.11820202285807477,0.13788050096208104,100,2
https://comptox.epa.gov/dashboard/chemical/details/DTXSID7021653,Pentanal,110-62-3,C5H10O,86.073165,13,608,2,Inactive,-1.0484402904672108e-14,-0.40256647173797744,0.469586437284715,26.088478897387546,1.416448758068058
https://comptox.epa.gov/dashboard/chemical/details/DTXSID0021832,"N,N,4-Trimethylaniline",99-97-8,C9H13N,135.104799,14,587,2,Inactive,0.00009931724076363642,0.029024342591444156,0.03385636556667443,100,2
https://comptox.epa.gov/dashboard/chemical/details/DTXSID7025132,"1,2-Dimethyl-3-nitrobenzene",83-41-0,C8H9NO2,151.063329,6,594,1,Inactive,0.000037806894158137876,0.21449909848918866,0.2502092810299457,100,2
https://comptox.epa.gov/dashboard/chemical/details/DTXSID5020605,2-Ethyl-1-hexanol,104-76-7,C8H18O,130.135765,7,594,1,Inactive,-0.000004639012360369783,-0.11809409163346694,0.13775460115970417,100,2
https://comptox.epa.gov/dashboard/chemical/details/DTXSID4026183,Tributylamine,102-82-9,C12H27N,185.214350,7,585,1,Inactive,-0.00007745303612950122,-0.19475859523928474,0.22718234450612287,100,2
https://comptox.epa.gov/dashboard/chemical/details/DTXSID0020941,Sodium nitrite,7632-00-0,NNaO2,68.982673,1,585,0,Inactive,3.586260035274461e-7,0.003938485496607254,0.004594171403954123,100,2
https://comptox.epa.gov/dashboard/chemical/details/DTXSID8021808,o-Cresol,95-48-7,C7H8O,108.057515,4,584,1,Inactive,0.0005806953617876102,0.1888049160694137,0.22023748648541897,100,2
https://comptox.epa.gov/dashboard/chemical/details/DTXSID3021643,Octanal,124-13-0,C8H16O,128.120115,13,596,2,Inactive,0.000049768741632277395,0.351005374204591,0.4094413586628867,100,2
https://comptox.epa.gov/dashboard/chemical/details/DTXSID9022528,Ethylparaben,120-47-8,C9H10O3,166.062994,21,613,3,Inactive,-1.4177007602602842e-17,-0.28430246582995006,0.33163363422684927,26.188297197749666,1.4181072608665135
https://comptox.epa.gov/dashboard/chemical/details/DTXSID6024913,Decane,124-18-5,C10H22,142.172151,13,700,2,Inactive,0.00002231080418872348,0.4637711090990837,0.5409805289973793,171.1936417234348,2.233487630576498
https://comptox.epa.gov/dashboard/chemical/details/DTXSID3021641,Nonanoic acid,112-05-0,C9H18O2,158.130680,8,602,1,Inactive,-1.7931981324986037e-10,-0.31444781979452324,0.3667976390874536,1.276715986944695,0.10609429662039421
https://comptox.epa.gov/dashboard/chemical/details/DTXSID5021336,Theophylline,58-55-9,C7H8N4O2,180.064726,10,623,2,Inactive,2.509280776751394e-9,0.33812958689380745,0.39442198791299976,0.10363372519587795,-0.984498890507744
https://comptox.epa.gov/dashboard/chemical/details/DTXSID7021106,Pentachlorophenol,87-86-5,C6HCl5O,263.847003,258,618,42,Inactive,6.320751705175677e-7,0.4966776526750576,0.5793654111125831,4.326549902426925,0.636141717232529
https://comptox.epa.gov/dashboard/chemical/details/DTXSID2037712,"4,4',4''-Ethane-1,1,1-triyltriphenol",27955-94-8,C20H18O3,306.125594,295,648,46,Inactive,0.6098078506823245,0.9340277852685777,1.0895263535376702,11.1,1.0453229787866574
https://comptox.epa.gov/dashboard/chemical/details/DTXSID1040742,Triamcinolone,124-94-7,C21H27FO6,394.179167,68,650,10,Inactive,-0.00033227176650463155,-0.21763639990835032,0.2538688858394374,100,2
https://comptox.epa.gov/dashboard/chemical/details/DTXSID6021456,FD&C Yellow 6,2783-94-0,C16H10N2Na2O7S2,451.972482,59,642,9,Inactive,-0.0000879277179288584,-0.08648960714883608,0.10088854719528562,100,2
https://comptox.epa.gov/dashboard/chemical/details/DTXSID9024431,Aldicarb oxime,1646-75-9,C5H11NOS,133.056135,3,642,0,Inactive,-0.00003080961971162015,-0.08189631755732814,0.09553055877319692,100,2
https://comptox.epa.gov/dashboard/chemical/details/DTXSID4034287,5-Heptyldihydro-2(3H)-furanone,104-67-6,C11H20O2,184.146330,11,617,2,Inactive,2.804413689805769e-17,0.21009829957988554,0.24507582947322692,0.009519188661696917,-2.0214000657713767
https://comptox.epa.gov/dashboard/chemical/details/DTXSID8020462,Diethylene glycol,111-46-6,C4H10O3,106.062994,3,640,0,Inactive,0.00370514111615724,0.12682378803603933,0.14793763258446066,100,2
https://comptox.epa.gov/dashboard/chemical/details/DTXSID6040111,Ethyl butyrate,105-54-4,C6H12O2,116.083730,10,584,2,Inactive,-3.6666633592877226e-18,-0.46367125784103047,0.5408640543284254,27.33203204101239,1.436671921169145
https://comptox.epa.gov/dashboard/chemical/details/DTXSID9036690,Diisobutyl adipate,141-04-8,C14H26O4,258.183109,5,607,1,Inactive,1.5302526501907516e-8,0.2614697179940011,0.3049996508665006,183.29845293470842,2.263158799469829
https://comptox.epa.gov/dashboard/chemical/details/DTXSID5025607,"1,2-Dimethoxy-4-(2-propen-1-yl)benzene",93-15-2,C11H14O2,178.099380,18,604,3,Inactive,0.00026717448670191473,0.014662094070979723,0.01710306496266311,100,2
https://comptox.epa.gov/dashboard/chemical/details/DTXSID3026302,Sodium xylenesulfonate,1300-72-7,C8H10O3S, ,4,584,1,Inactive,0.0008860680579942916,0.24839204888104874,0.28974478868131404,100,2
https://comptox.epa.gov/dashboard/chemical/details/DTXSID1026031,Sodium dodecyl sulfate,151-21-3,C12H25NaO4S,288.137125,168,681,25,Inactive,0.0020203353184349154,0.621983011040805,0.7255318232174508,33.35,1.523095838252568
https://comptox.epa.gov/dashboard/chemical/details/DTXSID2029874,Fenofibrate,49562-28-9,C20H21ClO4,360.112837,154,648,24,Inactive,5.9522952711418646e-8,0.028667183550109242,0.03343974606768731,100,2
https://comptox.epa.gov/dashboard/chemical/details/DTXSID7027047,Isomethyl-alpha-ionone,127-51-5,C14H22O,206.167065,29,640,5,Inactive,-0.13387892671319085,-0.7786002020671222,0.9082229162786164,100,2
https://comptox.epa.gov/dashboard/chemical/details/DTXSID1040112,Ethyl heptanoate,106-30-9,C9H18O2,158.130680,13,594,2,Inactive,-5.693948459096187e-11,-0.27045727939261777,0.3154834770998016,53.361234994556625,1.727225872353665
https://comptox.epa.gov/dashboard/chemical/details/DTXSID9042209,N-Methyldioctylamine,4455-26-9,C17H37N,255.292600,16,618,3,Inactive,7.070139524459879e-7,0.14027236980836819,0.16362515761290006,101.00000000000001,2.0043213737826426
https://comptox.epa.gov/dashboard/chemical/details/DTXSID5023588,D-Glucitol,50-70-4,C6H14O6,182.079038,6,411,1,Inactive,-0.00012555320084098738,-0.12987283926124224,0.15149429515439658,96.5,1.9845273133437926
https://comptox.epa.gov/dashboard/chemical/details/DTXSID6020939,Nitrilotriacetic acid,139-13-9,C6H9NO6,191.042987,15,627,2,Inactive,9.56790526959239e-7,0.42506397345551594,0.4958293621704762,0.03974979301866065,-1.400665128418519
https://comptox.epa.gov/dashboard/chemical/details/DTXSID8041248,"2,5-Di-tert-butylbenzene-1,4-diol",88-58-4,C14H22O2,222.161980,255,686,37,Inactive,0.0000053974907295261186,0.5114000666617735,0.5965388381553409,0.32407094663708436,-0.4893599022623751
https://comptox.epa.gov/dashboard/chemical/details/DTXSID2021238,Resorcinol,108-46-3,C6H6O2,110.036779,12,595,2,Inactive,0.003884068656436195,0.537997876192691,0.6275646972222393,0.02667523135200844,-1.5738918052881248
https://comptox.epa.gov/dashboard/chemical/details/DTXSID2021947,1-Tridecanol,112-70-9,C13H28O,200.214016,92,588,16,Inactive,0.009496400950123418,0.7505276020216035,0.8754767410102645,65.19330956636165,1.8142030287457322
https://comptox.epa.gov/dashboard/chemical/details/DTXSID4020402,"2,4-Diaminotoluene",95-80-7,C7H10N2,122.084398,39,644,6,Inactive,-1.0135402322823115e-13,-0.3606279575855651,0.4206659264413177,27.973175447630563,1.446741769235513
https://comptox.epa.gov/dashboard/chemical/details/DTXSID4029145,Dimethyl malonate,108-59-8,C5H8O4,132.042259,17,587,3,Inactive,-0.0003943225394106188,-0.19009155661285176,0.22173832918165923,100,2
https://comptox.epa.gov/dashboard/chemical/details/DTXSID8025096,Dimethyl adipate,627-93-0,C8H14O4,174.089209,2,606,0,Inactive,0.00012627339720946057,0.1828164795725582,0.2132520846775544,100,2
https://comptox.epa.gov/dashboard/chemical/details/DTXSID3025881,"1,2-Phenylenediamine",95-54-5,C6H8N2,108.068748,169,640,26,Inactive,-0.0000014949353977826778,-0.00025396605315343337,0.000296246762868033,119.5,2.0773679052841567
https://comptox.epa.gov/dashboard/chemical/details/DTXSID2020006,Acetaminophen,103-90-2,C8H9NO2,151.063329,2,675,0,Inactive,-0.00000838800283295586,-0.17295011583379002,0.20174315156387262,100,2
https://comptox.epa.gov/dashboard/chemical/details/DTXSID9020663,Glycerol,56-81-5,C3H8O3,92.047344,9,647,1,Inactive,0.00033695394683788796,0.2567218901245337,0.2994613963654765,100.00000000000001,2
https://comptox.epa.gov/dashboard/chemical/details/DTXSID1020807,2-Mercaptobenzothiazole,149-30-4,C7H5NS2,166.986342,86,632,14,Inactive,-0.000008515475213413873,-0.15510348996727444,0.18092538842023703,100,2
https://comptox.epa.gov/dashboard/chemical/details/DTXSID3042059,Isopentyl butyrate,106-27-4,C9H18O2,158.130680,6,590,1,Inactive,-0.00002253859651366762,-0.0691462918724617,0.08065788666318073,33.35,1.523095838252568
https://comptox.epa.gov/dashboard/chemical/details/DTXSID0022519,Folic acid,59-30-3,C19H19N7O6,441.139681,17,641,3,Inactive,-0.00006516293707210784,-0.1355004149810358,0.15805875945615258,99.99999999999999,2
https://comptox.epa.gov/dashboard/chemical/details/DTXSID9021217,Pyrimethamine,58-14-0,C12H13ClN4,248.082874,144,633,23,Inactive,0.06526437765198562,0.7599951763704004,0.8865204935835622,165.1315968093911,2.217830180513213
https://comptox.epa.gov/dashboard/chemical/details/DTXSID8024652,Bronopol,52-51-7,C3H6BrNO4,198.948021,184,633,29,Inactive,0.0010037635672484435,0.2770907366156165,0.32322128380481707,100.00000000000001,2
https://comptox.epa.gov/dashboard/chemical/details/DTXSID0027640,Malic acid,6915-15-7,C4H6O5,134.021523,7,625,1,Inactive,-0.0019280064134740346,-0.21014496757589077,0.24513026683827796,100,2
https://comptox.epa.gov/dashboard/chemical/details/DTXSID3042390,Sodium (2-pyridylthio)-N-oxide,3811-73-2,C5H4NNaOS,148.991129,208,618,34,Inactive,-6.432122659083665e-7,-0.19432403024150358,0.226675432372592,100,2
https://comptox.epa.gov/dashboard/chemical/details/DTXSID1020140,Sodium benzoate,532-32-1,C7H5NaO2,144.018724,0,668,0,Inactive,-5.452072230590984e-7,-0.09463031758136874,0.11038453724253347,100,2
https://comptox.epa.gov/dashboard/chemical/details/DTXSID3025122,Dimethyl glutarate,1119-40-0,C7H12O4,160.073559,4,586,1,Inactive,-0.000009116674571321803,-0.29371128708265876,0.3426088523865572,100,2
https://comptox.epa.gov/dashboard/chemical/details/DTXSID2029329,Tripropylene glycol monomethyl ether,25498-49-1,, ,6,591,1,Inactive,0.0010208007223384886,0.04788611950105169,0.05585828386255949,100,2
https://comptox.epa.gov/dashboard/chemical/details/DTXSID6024836,"3,7-Dimethyl-2,6-octadienal",5392-40-5,C10H16O,152.120115,34,631,5,Inactive,1.1128510532422778e-10,0.4767523834869089,0.5561229484961442,0.011357320167223166,-1.944724131114786
https://comptox.epa.gov/dashboard/chemical/details/DTXSID5021831,3-Nitrotoluene,99-08-1,C7H7NO2,137.047678,4,594,1,Inactive,-6.807613682726738e-9,-0.5824404586774781,0.6794061580440109,23.536045762073268,1.3717334998003727
https://comptox.epa.gov/dashboard/chemical/details/DTXSID8020913,Naphthalene,91-20-3,C10H8,128.062600,16,638,3,Inactive,0,0.08499487018250859,0.09914496382217165,0.03036924715809875,-1.5175659739406735
https://comptox.epa.gov/dashboard/chemical/details/DTXSID4022529,Methylparaben,99-76-3,C8H8O3,152.047344,18,626,3,Inactive,-8.895202169107402e-15,-0.11362677467028187,0.1325435575079391,1.2825496997721184,0.10807420334999249
https://comptox.epa.gov/dashboard/chemical/details/DTXSID0020232,Caffeine,58-08-2,C8H10N4O2,194.080376,54,670,8,Inactive,0.00003374413403904785,0.21272910755531704,0.24814461893060424,100,2
https://comptox.epa.gov/dashboard/chemical/details/DTXSID2026525,2-tert-Butylphenol,88-18-6,C10H14O,150.104465,63,621,10,Inactive,0.000027804617060425126,0.034456300909307715,0.040192645741603826,100,2
https://comptox.epa.gov/dashboard/chemical/details/DTXSID6025145,"2,5-Dimethylphenol",95-87-4,C8H10O,122.073165,10,588,2,Inactive,-4.011150056717476e-12,-0.3059652700329225,0.3569028997057968,1.8513794607359695,0.2674954413428656
https://comptox.epa.gov/dashboard/chemical/details/DTXSID3020209,Butylparaben,94-26-8,C11H14O3,194.094294,121,677,18,Inactive,0.006901551615766543,0.7041726785791864,0.8214045693861495,100,2
https://comptox.epa.gov/dashboard/chemical/details/DTXSID5023792,4-Nitrotoluene,99-99-0,C7H7NO2,137.047678,15,592,3,Inactive,0.000008381682642371043,0.35553585645511676,0.41472608346875867,100,2
https://comptox.epa.gov/dashboard/chemical/details/DTXSID6027218,"2,6-Diethylaniline",579-66-8,C10H15N,149.120449,14,591,2,Inactive,-0.0001897765776147016,-0.3943389936000263,0.45998923429371913,100,2
https://comptox.epa.gov/dashboard/chemical/details/DTXSID5021968,3-Ethoxy-4-hydroxybenzaldehyde,121-32-4,C9H10O3,166.062994,2,358,1,Inactive,0.000005118894788121289,0.06813795946661921,0.07948168532675526,100,2
https://comptox.epa.gov/dashboard/chemical/details/DTXSID7020716,Hydroquinone,123-31-9,C6H6O2,110.036779,121,627,19,Inactive,-1.9629561714231983e-13,-0.1995133721493542,0.2327287049361003,0.07831389922923465,-1.1061611520817993
https://comptox.epa.gov/dashboard/chemical/details/DTXSID1020431,"1,4-Dichlorobenzene",106-46-7,C6H4Cl2,145.969006,3,592,1,Inactive,0.0000041410907940100444,0.4342532090312028,0.506548437648191,163.72543162699137,2.21411614402662
https://comptox.epa.gov/dashboard/chemical/details/DTXSID0039223,Aldicarb,116-06-3,C7H14N2O2S,190.077599,27,732,4,Inactive,2.9995011999614818e-12,0.22176448594739728,0.2586842228135075,0.10639940565000096,-0.9730607980150857
https://comptox.epa.gov/dashboard/chemical/details/DTXSID5021881,Ethylenediamine,107-15-3,C2H8N2,60.068748,5,326,2,Inactive,-1.6918032624831264e-12,-0.2897475550077332,0.33798523131006836,0.12288325983420506,-0.9105072762413647
https://comptox.epa.gov/dashboard/chemical/details/DTXSID9022366,Estriol,50-27-1,C18H24O3,288.172545,73,562,13,Inactive,5.1602059210761516e-12,0.24490471526825872,0.2856768777105286,1.9520760693347832,0.2904967374334599
https://comptox.epa.gov/dashboard/chemical/details/DTXSID0044812,3-Methoxybutan-1-ol,2517-43-3,C5H12O2,104.083730,11,330,3,Inactive,-0.00031746742907732357,-0.39139383372352715,0.45655375908469753,100,2
https://comptox.epa.gov/dashboard/chemical/details/DTXSID5020027,Acrylamide,79-06-1,C3H5NO,71.037114,14,686,2,Inactive,-9.124250305499442e-18,-0.19170579304318647,0.22362130649714082,24.342590431820454,1.3863667920692275
https://comptox.epa.gov/dashboard/chemical/details/DTXSID5025659,Methyl salicylate,119-36-8,C8H8O3,152.047344,18,584,3,Inactive,0.000133839940597674,0.24176192170640615,0.28201086641688994,100,2
https://comptox.epa.gov/dashboard/chemical/details/DTXSID7020392,Diallyl phthalate,131-17-9,C14H14O4,246.089209,56,664,8,Inactive,-0.0028227211395176997,-0.1782707171120125,0.2079495357857539,100,2
https://comptox.epa.gov/dashboard/chemical/details/DTXSID2026602,"2,4-Di-tert-butylphenol",96-76-4,C14H22O,206.167065,276,614,45,Inactive,-0.000472540809954965,-0.3515183153433349,0.41003969513348154,11.1,1.0453229787866574
https://comptox.epa.gov/dashboard/chemical/details/DTXSID5020108,Aspirin,50-78-2,C9H8O4,180.042259,23,688,3,Inactive,-0.002712721512929399,-0.34349077942102035,0.4006757210855178,100,2
https://comptox.epa.gov/dashboard/chemical/details/DTXSID2020634,5-Fluorouracil,51-21-8,C4H3FN2O2,130.017856,107,662,16,Inactive,5.4970896522843583e-8,0.07774436884662164,0.09068738642843556,102.00000000000001,2.0086001717619175
https://comptox.epa.gov/dashboard/chemical/details/DTXSID3026691,Triacetin,102-76-1,C9H14O6,218.079038,4,594,1,Inactive,-5.195715362345484e-8,-0.03089214597917101,0.03603512410710712,100,2
https://comptox.epa.gov/dashboard/chemical/details/DTXSID1020221,"4-(1,1-Dimethylethyl)phenol",98-54-4,C10H14O,150.104465,64,645,10,Inactive,0,-0.10740271455042924,0.1252833050469994,0.24115536330367215,-0.6177030749103006
https://comptox.epa.gov/dashboard/chemical/details/DTXSID9020617,Eugenol,97-53-0,C10H12O2,164.083730,21,641,3,Inactive,0,-0.1351156878668396,0.15760998230364345,0.07378054996472581,-1.1320581118395558
https://comptox.epa.gov/dashboard/chemical/details/DTXSID6035152,"1-(Hydroxymethyl)-5,5-dimethylhydantoin",116-25-6,C6H10N2O3,158.069142,11,592,2,Inactive,8.076603129699236e-9,0.1513178432769335,0.17650950069252547,100,2
https://comptox.epa.gov/dashboard/chemical/details/DTXSID20872721,EPAMED_Water_Set3-16,NOCAS_872721,, ,2,82,2,Inactive,-1.292746669254388e-10,-0.10041716509427949,0.11713478918220915,5,0.6989700043360189
https://comptox.epa.gov/dashboard/chemical/details/DTXSID80872722,EPAMED_Water_Set3-17,NOCAS_872722,, ,1,82,1,Inactive,-2.8286165630116935e-15,-0.23496416984959845,0.2740814130220191,0.8077944513152722,-0.09269913429481905
https://comptox.epa.gov/dashboard/chemical/details/DTXSID40872723,EPAMED_Water_Set3-18,NOCAS_872723,, ,3,82,4,Inactive,-0.0000020398177469277706,-0.1183347973518891,0.13803537998427926,5,0.6989700043360189
https://comptox.epa.gov/dashboard/chemical/details/DTXSID00872724,EPAMED_Water_Set3-19,NOCAS_872724,, ,1,82,1,Inactive,3.5443650401181806e-17,0.22072693279642022,0.2574739360115357,0.08972457764051422,-1.0470885773393954
https://comptox.epa.gov/dashboard/chemical/details/DTXSID80872707,EPAMED_Water_Set3-2,NOCAS_872707,, ,5,82,6,Inactive,-0.000004177165737462693,-0.1543753318814167,0.18007600531130152,5,0.6989700043360189
https://comptox.epa.gov/dashboard/chemical/details/DTXSID60872725,EPAMED_Water_Set3-20,NOCAS_872725,, ,6,82,7,Inactive,-4.2103453826159954e-14,-0.2333682651992729,0.2722198193931283,1.1794018086656834,0.07166178945240644
https://comptox.epa.gov/dashboard/chemical/details/DTXSID80872727,EPAMED_Water_Set3-22,NOCAS_872727,, ,1,82,1,Inactive,1.8448948980304206e-7,0.22514906938547913,0.26263227758200347,5,0.6989700043360189
https://comptox.epa.gov/dashboard/chemical/details/DTXSID40872728,EPAMED_Water_Set3-23,NOCAS_872728,, ,6,82,7,Inactive,-1.0838719780020464e-9,-0.25071164060955964,0.2924505500703437,0.9676125637999928,-0.014298501251058407
https://comptox.epa.gov/dashboard/chemical/details/DTXSID00872729,EPAMED_Water_Set3-24,NOCAS_872729,, ,1,82,1,Inactive,-0.0000030335659905149623,-0.14852244018324828,0.17324871403567563,5,0.6989700043360189
https://comptox.epa.gov/dashboard/chemical/details/DTXSID10872730,EPAMED_Water_Set3-25,NOCAS_872730,, ,9,82,11,Inactive,-2.4663748437495895e-9,-0.26421808090351095,0.30820556600759613,8.73853207579942,0.9414384847027463
https://comptox.epa.gov/dashboard/chemical/details/DTXSID70872731,EPAMED_Water_Set3-26,NOCAS_872731,, ,10,82,12,Inactive,0.000004860110917016839,0.1700171709004945,0.19832192486301878,5,0.6989700043360189
https://comptox.epa.gov/dashboard/chemical/details/DTXSID30872732,EPAMED_Water_Set3-27,NOCAS_872732,, ,9,82,11,Inactive,1.8241943125483325e-15,0.2000609560492942,0.23336745155495597,9.021500480356414,0.9552787765822818
https://comptox.epa.gov/dashboard/chemical/details/DTXSID70872736,EPAMED_Water_Set3-31,NOCAS_872736,, ,1,82,1,Inactive,-0.0000012680761957201846,-0.1891060138752164,0.22058871157699383,5,0.6989700043360189
https://comptox.epa.gov/dashboard/chemical/details/DTXSID30872737,EPAMED_Water_Set3-32,NOCAS_872737,, ,1,82,1,Inactive,9.52338319610563e-10,0.21996738818495523,0.25658794109368566,5,0.6989700043360189
https://comptox.epa.gov/dashboard/chemical/details/DTXSID90872738,EPAMED_Water_Set3-33,NOCAS_872738,, ,1,82,1,Inactive,6.174703234101813e-7,0.15919204315099883,0.18569461104055462,5,0.6989700043360189
https://comptox.epa.gov/dashboard/chemical/details/DTXSID50872739,EPAMED_Water_Set3-34,NOCAS_872739,, ,0,82,0,Inactive,-0.000008652490229079202,-0.28999604842738025,0.3382750943458969,5,0.6989700043360189
https://comptox.epa.gov/dashboard/chemical/details/DTXSID60872740,EPAMED_Water_Set3-35,NOCAS_872740,, ,1,82,1,Inactive,1.8950872560570356e-7,0.0004778438513981624,0.0005573961258813432,5,0.6989700043360189
https://comptox.epa.gov/dashboard/chemical/details/DTXSID20872741,EPAMED_Water_Set3-36,NOCAS_872741,, ,1,82,1,Inactive,-0.00006042737990336941,-0.11698167457782269,0.1364569869801638,5,0.6989700043360189
https://comptox.epa.gov/dashboard/chemical/details/DTXSID80872742,EPAMED_Water_Set3-37,NOCAS_872742,, ,1,82,1,Inactive,1.1476171646739817e-7,0.05600945827971547,0.06533401019282464,5,0.6989700043360189
https://comptox.epa.gov/dashboard/chemical/details/DTXSID40872743,EPAMED_Water_Set3-38,NOCAS_872743,, ,1,82,1,Inactive,-4.344304041246511e-7,-0.11234590085700424,0.13104944159711426,5,0.6989700043360189
https://comptox.epa.gov/dashboard/chemical/details/DTXSID00872744,EPAMED_Water_Set3-39,NOCAS_872744,, ,1,82,1,Inactive,6.876993997874151e-19,0.12158451016265549,0.14182611062912923,0.004120000075058818,-2.3851027760548194
https://comptox.epa.gov/dashboard/chemical/details/DTXSID00872709,EPAMED_Water_Set3-4,NOCAS_872709,, ,0,82,0,Inactive,-0.00021548566491539137,-0.02222965083781764,0.025930481726278327,5,0.6989700043360189
https://comptox.epa.gov/dashboard/chemical/details/DTXSID60872745,EPAMED_Water_Set3-40,NOCAS_872745,, ,0,82,0,Inactive,2.1124542464778924e-8,0.09389943328118752,0.109531974054378,5,0.6989700043360189
https://comptox.epa.gov/dashboard/chemical/details/DTXSID20872746,EPAMED_Water_Set3-41,NOCAS_872746,, ,3,82,4,Inactive,-0.0000044432070995457676,-0.04249726785363413,0.04957228683145613,5,0.6989700043360189
https://comptox.epa.gov/dashboard/chemical/details/DTXSID20903887,EPAMED_Water_Set5-28,NOCAS_903887,, ,0,82,0,Inactive,0
https://comptox.epa.gov/dashboard/chemical/details/DTXSID70872751,EPAMED_Water_Set3-46,NOCAS_872751,, ,4,82,5,Inactive,0.000004111076115262927,0.3639915848630803,0.4245895362312312,5,0.6989700043360189
https://comptox.epa.gov/dashboard/chemical/details/DTXSID30872752,EPAMED_Water_Set3-47,NOCAS_872752,, ,7,82,9,Inactive,0,-0.24823515203287053,0.28956177137329253,0.1065927113936191,-0.972272490522876
https://comptox.epa.gov/dashboard/chemical/details/DTXSID90872753,EPAMED_Water_Set3-48,NOCAS_872753,, ,0,82,0,Inactive,3.088923569929929e-8,0.012501448261294599,0.014582711085143535,5,0.6989700043360189
https://comptox.epa.gov/dashboard/chemical/details/DTXSID50872754,EPAMED_Water_Set3-49,NOCAS_872754,, ,1,82,1,Inactive,-1.876233277954809e-14,-0.19376048839865823,0.2260180711047742,0.2690393042049333,-0.5701842688734265
https://comptox.epa.gov/dashboard/chemical/details/DTXSID10872710,EPAMED_Water_Set3-5,NOCAS_872710,, ,4,82,5,Inactive,-3.6263395701175226e-8,-0.08464880180570397,0.09874128138081235,5,0.6989700043360189
https://comptox.epa.gov/dashboard/chemical/details/DTXSID10872755,EPAMED_Water_Set3-50,NOCAS_872755,, ,1,82,1,Inactive,2.2132349671114803e-7,0.15797518741480804,0.18427517104750119,5,0.6989700043360189
https://comptox.epa.gov/dashboard/chemical/details/DTXSID80903888,EPAMED_Water_Set5-29,NOCAS_903888,, ,0,82,0,Inactive,0
https://comptox.epa.gov/dashboard/chemical/details/DTXSID70872756,EPAMED_Water_Set3-51,NOCAS_872756,, ,1,82,1,Inactive,-5.935506750872383e-19,-0.2094863045185503,0.2443619484109329,1.170296473810726,0.0682958964722374
https://comptox.epa.gov/dashboard/chemical/details/DTXSID30872757,EPAMED_Water_Set3-52,NOCAS_872757,, ,2,82,2,Inactive,-0.0010320608754334592,-0.3268925387141647,0.3813141764315963,5,0.6989700043360189
https://comptox.epa.gov/dashboard/chemical/details/DTXSID70872711,EPAMED_Water_Set3-6,NOCAS_872711,, ,1,82,1,Inactive,0.0000025895166558813326,0.13272046801037304,0.1548160020845361,5,0.6989700043360189
https://comptox.epa.gov/dashboard/chemical/details/DTXSID30872712,EPAMED_Water_Set3-7,NOCAS_872712,, ,0,82,0,Inactive,-1.5571939287754344e-16,-0.18979170054959477,0.22138855256008624,0.1572366296246507,-0.8034462738770289
https://comptox.epa.gov/dashboard/chemical/details/DTXSID90872713,EPAMED_Water_Set3-8,NOCAS_872713,, ,1,82,1,Inactive,-0.000014801223081406703,-0.0702803944371548,0.0819807965929881,5,0.6989700043360189
https://comptox.epa.gov/dashboard/chemical/details/DTXSID50872714,EPAMED_Water_Set3-9,NOCAS_872714,, ,1,82,1,Inactive,-6.472656260408051e-10,-0.04806026115115086,0.05606141691708316,5,0.6989700043360189
https://comptox.epa.gov/dashboard/chemical/details/DTXSID00903825,EPAMED_Water_Set4-1,NOCAS_903825,, ,2,81,2,Inactive,-5.123530128840854e-17,-0.20629085748526485,0.2406345178044685,0.06470203193190138,-1.1890820803366213
https://comptox.epa.gov/dashboard/chemical/details/DTXSID90903834,EPAMED_Water_Set4-10,NOCAS_903834,, ,3,81,4,Inactive,0.0000032549548737153395,0.2342728713986521,0.273275026004047,5,0.6989700043360189
https://comptox.epa.gov/dashboard/chemical/details/DTXSID70903837,EPAMED_Water_Set4-13,NOCAS_903837,, ,3,81,4,Inactive,0,-0.1904783729662359,0.22218954339352573,0.041428867644713416,-1.382696936901397
https://comptox.epa.gov/dashboard/chemical/details/DTXSID00903840,EPAMED_Water_Set4-16,NOCAS_903840,, ,2,81,2,Inactive,7.193959859255678e-11,0.2578784034901847,0.3008104480853169,9.176109133642198,0.9626585700912005
https://comptox.epa.gov/dashboard/chemical/details/DTXSID20903842,EPAMED_Water_Set4-18,NOCAS_903842,, ,1,81,1,Inactive,4.6559925333369865e-10,0.10483383027669871,0.12228674845675504,5,0.6989700043360189
https://comptox.epa.gov/dashboard/chemical/details/DTXSID80903843,EPAMED_Water_Set4-19,NOCAS_903843,, ,2,81,2,Inactive,-1.0037509573338698e-7,-0.057822178288126455,0.06744851497726302,5,0.6989700043360189
https://comptox.epa.gov/dashboard/chemical/details/DTXSID60903826,EPAMED_Water_Set4-2,NOCAS_903826,, ,3,81,4,Inactive,0,0.1846493549760626,0.215390100362275,1.2649776040147913,0.10208283654828405
https://comptox.epa.gov/dashboard/chemical/details/DTXSID20903862,EPAMED_Water_Set5-3,NOCAS_903862,, ,0,82,0,Inactive,0
https://comptox.epa.gov/dashboard/chemical/details/DTXSID60903846,EPAMED_Water_Set4-22,NOCAS_903846,, ,4,81,5,Inactive,-1.7243754174632935e-8,-0.10486180192799935,0.12231937687715609,5,0.6989700043360189
https://comptox.epa.gov/dashboard/chemical/details/DTXSID20903847,EPAMED_Water_Set4-23,NOCAS_903847,, ,2,81,2,Inactive,2.7492444553356775e-14,0.11652170188460453,0.13592043723392178,5,0.6989700043360189
https://comptox.epa.gov/dashboard/chemical/details/DTXSID80903848,EPAMED_Water_Set4-24,NOCAS_903848,, ,0,81,0,Inactive,2.959237907928621e-11,0.21678718271073025,0.2528782894875115,0.8124059880402251,-0.09022688418002865
https://comptox.epa.gov/dashboard/chemical/details/DTXSID40903849,EPAMED_Water_Set4-25,NOCAS_903849,, ,1,81,1,Inactive,0,-0.23957106396720265,0.2794552708753421,0.02290889995700009,-1.6399957643276122
https://comptox.epa.gov/dashboard/chemical/details/DTXSID50903850,EPAMED_Water_Set4-26,NOCAS_903850,, ,1,81,1,Inactive,0,-0.09360438243181805,0.10918780262704807,1.1749540805615382,0.07002089388568908
https://comptox.epa.gov/dashboard/chemical/details/DTXSID10903851,EPAMED_Water_Set4-27,NOCAS_903851,, ,1,81,1,Inactive,-3.91662718466689e-9,-0.04908639584627332,0.05725838429883378,5,0.6989700043360189
https://comptox.epa.gov/dashboard/chemical/details/DTXSID90903854,EPAMED_Water_Set4-30,NOCAS_903854,, ,1,81,1,Inactive,-8.184530882956683e-7,-0.08667232368539847,0.10110168269826705,5,0.6989700043360189
https://comptox.epa.gov/dashboard/chemical/details/DTXSID70903832,EPAMED_Water_Set4-8,NOCAS_903832,, ,4,81,5,Inactive,0
https://comptox.epa.gov/dashboard/chemical/details/DTXSID30903833,EPAMED_Water_Set4-9,NOCAS_903833,, ,3,81,4,Inactive,0
https://comptox.epa.gov/dashboard/chemical/details/DTXSID50903835,EPAMED_Water_Set4-11,NOCAS_903835,, ,4,81,5,Inactive,0
https://comptox.epa.gov/dashboard/chemical/details/DTXSID10903836,EPAMED_Water_Set4-12,NOCAS_903836,, ,4,81,5,Inactive,0
https://comptox.epa.gov/dashboard/chemical/details/DTXSID40903844,EPAMED_Water_Set4-20,NOCAS_903844,, ,4,81,5,Inactive,0
https://comptox.epa.gov/dashboard/chemical/details/DTXSID40903829,EPAMED_Water_Set4-5,NOCAS_903829,, ,1,81,1,Inactive,4.938801339509792e-8,0.09166535058015399,0.10692595738426498,5,0.6989700043360189
https://comptox.epa.gov/dashboard/chemical/details/DTXSID10903831,EPAMED_Water_Set4-7,NOCAS_903831,, ,2,81,2,Inactive,0.0000017906012835467928,0.23988551425063476,0.27982207138821785,5,0.6989700043360189
https://comptox.epa.gov/dashboard/chemical/details/DTXSID00903860,EPAMED_Water_Set5-1,NOCAS_903860,, ,0,82,0,Inactive,0
https://comptox.epa.gov/dashboard/chemical/details/DTXSID0047246,Darbufelone mesylate,139340-56-0,C19H28N2O5S2,428.143964,321,636,50,Inactive,0.000028419977736316016,0.021524898053338806,0.025108400473954608,11,1.041392685158225
https://comptox.epa.gov/dashboard/chemical/details/DTXSID0047248,CI-1018,NOCAS_47248,C24H20N4O2,396.158626,108,638,17,Inactive,0.5122453641775653,0.8759399431056993,1.0217679465022798,181.28529460587896,2.258362576679397
https://comptox.epa.gov/dashboard/chemical/details/DTXSID5047249,Fandosentan potassium salt,221246-12-4,C25H17F3KNO6S,555.036574,147,635,23,Inactive,-0.00003330222801640199,-0.5159961399346269,0.6019000736908813,0.011357655508155965,-1.9447113081455905
https://comptox.epa.gov/dashboard/chemical/details/DTXSID9047251,CP-122721,145742-28-5,C20H23F3N2O2,380.171162,268,687,39,Inactive,0.0000016470104552294718,0.12904009502649721,0.1505229142128217,11,1.041392685158225
https://comptox.epa.gov/dashboard/chemical/details/DTXSID4047252,Ingliforib,186392-65-4,C23H24ClN3O5,457.140449,81,612,13,Inactive,0.004783493640099553,0.38261039158018667,0.4463080342348837,100,2
https://comptox.epa.gov/dashboard/chemical/details/DTXSID9047253,CP-401387,199171-88-5,C23H29N3O2,379.225977,227,608,37,Inactive,0.0007143264671814228,0.3535806263174319,0.4124453432211587,100,2
https://comptox.epa.gov/dashboard/chemical/details/DTXSID4047254,CP-457920,220860-50-4,C18H17N3O3,323.126991,61,626,10,Inactive,8.649075580881813e-7,0.3135736621677836,0.36577795018044224,183.66786926273238,2.264033187757125
https://comptox.epa.gov/dashboard/chemical/details/DTXSID9047255,CP-465394,1437319-48-6,C20H27N2NaO5S,430.153837,28,583,5,Inactive,-0.0000011227870361950213,-0.4114704702182316,0.47997278889984035,19.842513763308332,1.2975966902162666
https://comptox.epa.gov/dashboard/chemical/details/DTXSID9047257,Zamifenacin,127308-82-1,C27H29NO3,415.214744,273,684,40,Inactive,-8.003619041389695e-7,-0.3932947517866339,0.45877114528919366,0.023561528922584545,-1.62779653132562
https://comptox.epa.gov/dashboard/chemical/details/DTXSID4047258,Enadoline,124378-77-4,C24H32N2O3,396.241293,49,633,8,Inactive,0.00002149356094075961,0.4923798851883997,0.574352143828736,166.65460576872292,2.2218173205906133
https://comptox.epa.gov/dashboard/chemical/details/DTXSID9047259,"1,3-Dichloro-6,7,8,9,10,12-hexahydroazepino[2,1-b]quinazoline hydrochloride (1:1)",149062-75-9,C13H15Cl3N2,304.030082,86,650,13,Inactive,0,-0.26851667899636467,0.31321980217840145,0.05921878821403278,-1.2275404837644044
https://comptox.epa.gov/dashboard/chemical/details/DTXSID3047261,"(2S,3S)-3-Methyl-2-(3-oxo-1,2-benzothiazol-2(3H)-yl)pentanoic acid",177785-47-6,C13H15NO3S,265.077265,26,606,4,Inactive,-0.025788936571922688,-0.5737505415330839,0.6692695283974381,99.99999999999999,2
https://comptox.epa.gov/dashboard/chemical/details/DTXSID8047268,CI-959,104795-68-8,C14H14N5NaO3S,355.071505,241,639,38,Inactive,0.5693959102979185,0.9573019426836487,1.1166752331106826,162.40184795443295,2.210590966726874
https://comptox.epa.gov/dashboard/chemical/details/DTXSID2047270,Besonprodil,253450-09-8,C21H23FN2O3S,402.141342,132,644,20,Inactive,-0.0352952166742985,-0.685804105427569,0.7999779642666701,182.22049555681724,2.260597223386853
https://comptox.epa.gov/dashboard/chemical/details/DTXSID7047271,PD 0343701,676116-04-4,C26H34N4O4S2,530.202148,366,651,56,Inactive,0,-0.3845639169220422,0.4485867858692832,2.640715683535471,0.42172164478186186
https://comptox.epa.gov/dashboard/chemical/details/DTXSID2047272,CJ-013610,249296-43-3,C23H27N3O5S2,489.139213,239,639,37,Inactive,0,-0.2124612277703481,0.24783214205367735,0.009402074568383661,-2.026776308720078
https://comptox.epa.gov/dashboard/chemical/details/DTXSID2047274,CP-114271,113734-18-2,C17H19F3N2O4S,404.101763,16,605,3,Inactive,0.000001080693654955752,0.030718051419814093,0.03583204598307428,100,2
https://comptox.epa.gov/dashboard/chemical/details/DTXSID2047276,CP-409092,194098-25-4,C17H19N3O2,297.147727,38,620,6,Inactive,2.3627047265293904e-8,0.2677884913823527,0.3123703846254134,182.2629631334227,2.260698426521444
https://comptox.epa.gov/dashboard/chemical/details/DTXSID6047284,"(R)-N-(Quinuclidin-3-yl)furo(2,3-C)pyridine-5-carboxamide",478149-53-0,C15H17N3O2,271.132077,20,620,3,Inactive,-1.1782979678754503e-8,-0.3684018061055123,0.4297339787674665,0.00744570689360698,-2.1280940641416115
https://comptox.epa.gov/dashboard/chemical/details/DTXSID1047285,PHA-00568487,527680-56-4,C16H20N2O3,288.147393,11,627,2,Inactive,0.00001886707629891459,0.17303136394174493,0.20183792599798273,100,2
https://comptox.epa.gov/dashboard/chemical/details/DTXSID6047286,Candoxatril,123122-55-4,C29H41NO7,515.288303,20,600,3,Inactive,7.147342299073035e-7,0.03729217023238998,0.04350063551601799,99.99999999999999,2
https://comptox.epa.gov/dashboard/chemical/details/DTXSID1047287,UK-333747,197077-55-7,C17H12Cl2N6O4,434.029708,17,614,3,Inactive,-7.663119882891308e-12,-0.15371139780751014,0.17930153833939574,0.009000000902811686,-2.0457574469955513
https://comptox.epa.gov/dashboard/chemical/details/DTXSID6047288,UK-337312,203942-49-8,C34H42Cl2F6N2O4S,758.214653,390,658,59,Inactive,0.00002231584077188938,0.44510651683589075,0.5192086229903898,11,1.041392685158225
https://comptox.epa.gov/dashboard/chemical/details/DTXSID1047289,UK-343664,215297-27-1,C28H35N7O4S,565.247124,81,608,13,Inactive,0.000020881532032756384,0.3140574707454064,0.3663423040505319,100,2
https://comptox.epa.gov/dashboard/chemical/details/DTXSID0047290,UK-416244,402910-27-4,C17H22N2O3S2,366.107185,150,664,23,Inactive,0.0034056010889561374,0.5246496872697282,0.6119942786191291,33,1.5185139398778875
https://comptox.epa.gov/dashboard/chemical/details/DTXSID5047291,"N-[(3R)-9-Amino-3,4,6,7-tetrahydro-4-oxo-1-phenylpyrrolo[3,2,1-jk][1,4]benzodiazepin-3-yl]-3-pyridinecarboxamide",197894-84-1,C23H19N5O2,397.153875,49,611,8,Inactive,-2.25654924970394e-13,-0.20359784442869247,0.23749316725598033,23.268054915842583,1.36676008012286
https://comptox.epa.gov/dashboard/chemical/details/DTXSID0047292,"3-((1-(Aminomethyl)cyclohexyl)methyl)-1,2,4-oxadiazol-5(2H)-one dihydrochloride",227626-75-7,C10H18ClN3O2,247.108755,6,609,1,Inactive,-9.039474463215542e-18,-0.5850060426751699,0.6823988649225284,24.24546864203397,1.3846305830352643
https://comptox.epa.gov/dashboard/chemical/details/DTXSID0047294,CP-863187,668981-02-0,C18H14F2N4O,340.113567,118,615,19,Inactive,0,-0.19724030845391355,0.23007721764791414,0.222481882163427,-0.6527053500620343
https://comptox.epa.gov/dashboard/chemical/details/DTXSID5047295,UK-373911,291305-06-1,C17H18Cl2N2O2S,384.046604,293,618,47,Inactive,0.00017646781280293374,0.13471901679344422,0.1571472727408588,3.7,0.568201724066995
https://comptox.epa.gov/dashboard/chemical/details/DTXSID0047296,Zenarestat,112733-06-9,C17H11BrClFN2O4,439.957476,49,609,8,Inactive,0.012626019885837272,0.5405769149763131,0.6305730988628222,100,2
https://comptox.epa.gov/dashboard/chemical/details/DTXSID7021869,p-Cresol,106-44-5,C7H8O,108.057515,5,601,1,Inactive,-0.000005734973128392077,-0.19240584297919816,0.22443790196261487,116,2.0644579892269186
https://comptox.epa.gov/dashboard/chemical/details/DTXSID1023996,Cyclohexylamine,108-91-8,C6H13N,99.104799,2,587,0,Inactive,1.0747291250718403e-7,0.21085939890107824,0.2459636379315809,100,2
https://comptox.epa.gov/dashboard/chemical/details/DTXSID2020507,"N,N-Dimethylaniline",121-69-7,C8H11N,121.089149,10,589,2,Inactive,-3.2539790662363362e-9,-0.190463803871983,0.22217254881115242,103.5,2.0149403497929366
https://comptox.epa.gov/dashboard/chemical/details/DTXSID5021837,"N,N-Diethylethanolamine",100-37-8,C6H15NO,117.115364,1,608,0,Inactive,-6.666837323759449e-8,-0.030706382496588108,0.03581843439723857,106.5,2.0273496077747564
https://comptox.epa.gov/dashboard/chemical/details/DTXSID4021426,Urea,57-13-6,CH4N2O,60.032363,31,587,5,Inactive,2.3461863050821404e-9,0.05792906828419864,0.06757320020556883,100,2
https://comptox.epa.gov/dashboard/chemical/details/DTXSID5021889,4-Methyl-2-pentanone,108-10-1,C6H12O,100.088815,1,329,0,Inactive,1.2738561058409096e-8,0.08545415384612567,0.09968070982796767,99.99999999999999,2
https://comptox.epa.gov/dashboard/chemical/details/DTXSID7021946,1-Decanol,112-30-1,C10H22O,158.167065,23,608,4,Inactive,4.1314875319997394e-7,0.20593155659475404,0.2402153998775339,100,2
https://comptox.epa.gov/dashboard/chemical/details/DTXSID2021941,2-(2-Ethoxyethoxy)ethanol,111-90-0,C6H14O3,134.094294,2,587,0,Inactive,0.0000012941681565067916,0.46662183889201825,0.5443058532384821,100,2
https://comptox.epa.gov/dashboard/chemical/details/DTXSID6020220,tert-Butylhydroquinone,1948-33-0,C10H14O2,166.099380,202,728,28,Inactive,-5.1955595700774465e-19,-0.24954149918442697,0.29108560146800466,24.452580729991652,1.3883247014002535
https://comptox.epa.gov/dashboard/chemical/details/DTXSID0025523,Maltol,118-71-8,C6H6O3,126.031694,9,618,1,Inactive,-1.5444777214135682e-8,-0.3953797020246006,0.461203201664718,183.79225253907336,2.2643272004644315
https://comptox.epa.gov/dashboard/chemical/details/DTXSID5026918,1-Dodecanol,112-53-8,C12H26O,186.198365,86,604,14,Inactive,7.271975288941046e-12,0.11384770156776054,0.13280126469910059,100,2
https://comptox.epa.gov/dashboard/chemical/details/DTXSID2021311,"2,4,6-Tris(tert-butyl)phenol",732-26-3,C18H30O,262.229666,119,616,19,Inactive,0,-0.18029539910855208,0.21031129035832136,0.34234185883113133,-0.4655399955511712
https://comptox.epa.gov/dashboard/chemical/details/DTXSID8020759,Isophorone,78-59-1,C9H14O,138.104465,11,606,2,Inactive,3.734349055214967e-8,0.1475254818970946,0.1720857804021437,100,2
https://comptox.epa.gov/dashboard/chemical/details/DTXSID3025049,Diethylene glycol monomethyl ether,111-77-3,C5H12O3,120.078644,9,606,1,Inactive,4.170735601999959e-7,0.05999625502901489,0.06998453579074462,100,2
https://comptox.epa.gov/dashboard/chemical/details/DTXSID7040788,2-tert-Butyl-4-methoxyphenol,121-00-6,C11H16O2,180.115030,71,633,11,Inactive,-0.00003711373478654239,-0.29942600827912585,0.349274970295331,100,2
https://comptox.epa.gov/dashboard/chemical/details/DTXSID2026781,4-Methyl-2-pentanol,108-11-2,C6H14O,102.104465,9,583,2,Inactive,0,0.09761161000678849,0.11386216040998887,0.28353569262115585,-0.5473922625816546
https://comptox.epa.gov/dashboard/chemical/details/DTXSID6022187,"2,3,6-Trimethylphenol",2416-94-6,C9H12O,136.088815,18,612,3,Inactive,0,0.10820796344490878,0.1262226131762969,1.7772897015132345,0.2497582243803932
https://comptox.epa.gov/dashboard/chemical/details/DTXSID8026773,"1,3-Butanediol",107-88-0,C4H10O2,90.068080,12,582,2,Inactive,1.5208111582732804e-7,0.1124649318582573,0.13118828908623462,100,2
https://comptox.epa.gov/dashboard/chemical/details/DTXSID9021635,2-Methylpropanal,78-84-2,C4H8O,72.057515,10,330,3,Inactive,-3.586380555781702e-16,-0.3247459289054591,0.37881019529288246,3.383538617200121,0.5293711375628635
https://comptox.epa.gov/dashboard/chemical/details/DTXSID6027050,Sodium dimethyldithiocarbamate,128-04-1,C3H6NNaS2,142.983936,159,642,25,Inactive,-0.001819925663983756,-0.5596068391282346,0.6527711578460242,100,2
https://comptox.epa.gov/dashboard/chemical/details/DTXSID1044564,"2,6,10-Trimethyl-2,6,10-triazaundecane",3855-32-1,C11H27N3,201.220498,7,592,1,Inactive,-0.00001727557271724728,-0.21937680435807463,0.25589903584535356,100,2
https://comptox.epa.gov/dashboard/chemical/details/DTXSID9026974,"2,4-Di-tert-pentylphenol",120-95-6,C16H26O,234.198365,292,630,46,Inactive,0.00009309990951637897,0.52240104794672,0.6093712819153276,58.25966153742934,1.7653679572423222
https://comptox.epa.gov/dashboard/chemical/details/DTXSID6027052,"2,6-Di-tert-butylphenol",128-39-2,C14H22O,206.167065,82,590,14,Inactive,0,-0.17188395677169852,0.20049949648901028,0.009140016494839979,-2.0390530205012323
https://comptox.epa.gov/dashboard/chemical/details/DTXSID6034972,Thymol,89-83-8,C10H14O,150.104465,26,618,4,Inactive,0,-0.09663747033871418,0.11272584427771429,0.009796259879953717,-2.0089397022189464
https://comptox.epa.gov/dashboard/chemical/details/DTXSID2026076,Tannic acid,1401-55-4,, ,254,622,41,Inactive,0,0.1543944737358348,0.18009833393489605,0.014202233749120014,-1.8476433437420856
https://comptox.epa.gov/dashboard/chemical/details/DTXSID6025438,Hydroxyurea,127-07-1,CH4N2O2,76.027277,17,651,3,Inactive,-0.00016132316036415994,-0.2323556930706701,0.27103867249753216,100,2
https://comptox.epa.gov/dashboard/chemical/details/DTXSID4021135,C.I. Solvent Yellow 14,842-07-9,C16H12N2O,248.094963,174,657,26,Inactive,-0.00014429219085753796,-0.18128261419085,0.21146285872249393,100,2
https://comptox.epa.gov/dashboard/chemical/details/DTXSID4040713,Octyl gallate,1034-01-1,C15H22O5,282.146724,346,713,49,Inactive,0.000016397920074733682,0.4313381589038613,0.503148084911673,1.3383751450288242,0.126577862744341
https://comptox.epa.gov/dashboard/chemical/details/DTXSID1027635,"2,2,4-Trimethyl-1,3-pentanediol diisobutyrate",6846-50-0,C16H30O4,286.214409,29,634,5,Inactive,4.262329348173419e-11,0.2140159632145956,0.2496457125555438,0.2602925204730977,-0.5845383111989886
https://comptox.epa.gov/dashboard/chemical/details/DTXSID9034286,5-Chloro-2-methyl-3(2H)-isothiazolone,26172-55-4,C4H4ClNOS,148.970213,101,646,16,Inactive,1.0262536039361432e-10,0.39717793668746054,0.4633008095581143,100,2
https://comptox.epa.gov/dashboard/chemical/details/DTXSID3020887,6-Methylquinoline,91-62-3,C10H9N,143.073499,6,626,1,Inactive,2.4865852647422825e-8,0.10582045881304218,0.12343763262578371,100,2
https://comptox.epa.gov/dashboard/chemical/details/DTXSID8024107,1-Methyl-3-phenyl-5-(3-(trifluoromethyl)phenyl)-4-pyridone,59756-60-4,C19H14F3NO,329.102749,78,605,13,Inactive,0,0.13217320977284341,0.15417763534493462,0.04995018244861209,-1.301462921126072
https://comptox.epa.gov/dashboard/chemical/details/DTXSID9026132,Theobromine,83-67-0,C7H8N4O2,180.064726,5,638,1,Inactive,3.0044086858491886e-18,0.3910847688805611,0.4561932405897722,11.215064404824457,1.0498017719519384
https://comptox.epa.gov/dashboard/chemical/details/DTXSID8024999,"3,4-Dichloronitrobenzene",99-54-7,C6H3Cl2NO2,190.954084,13,590,2,Inactive,1.1664735640096218e-14,0.18927315979037695,0.22078368423447342,0.009140000024122512,-2.039053803119968
https://comptox.epa.gov/dashboard/chemical/details/DTXSID7020845,Methyl methanesulfonate,66-27-3,C2H6O3S,110.003765,8,597,1,Inactive,-1.2654066766656376e-8,-0.18645320943275495,0.2174942636425435,100,2
https://comptox.epa.gov/dashboard/chemical/details/DTXSID7029879,Ketoconazole,65277-42-1,C26H28Cl2N4O4,530.148761,359,640,56,Inactive,-0.5918219915627705,-1.2924330294114579,1.507599525341104,0.003022197672574657,-2.5196771332131394
https://comptox.epa.gov/dashboard/chemical/details/DTXSID0021125,Phenolphthalein,77-09-8,C20H14O4,318.089209,230,672,34,Inactive,-0.0034289118554377976,-0.5502269487159033,0.6418296869832579,100,2
https://comptox.epa.gov/dashboard/chemical/details/DTXSID2020894,Bis(4-(dimethylamino)phenyl)methanone,90-94-8,C17H20N2O,268.157563,162,620,26,Inactive,-5.370343580847146e-8,-0.20953156317388577,0.24441474180583123,100,2
https://comptox.epa.gov/dashboard/chemical/details/DTXSID5031131,Dipentyl phthalate,131-18-0,C18H26O4,306.183109,91,716,13,Inactive,1.4376917689769636e-18,0.1099182701837695,0.12821765475215965,1.7257808468105988,0.236985644760561
https://comptox.epa.gov/dashboard/chemical/details/DTXSID0020604,4-Vinyl-1-cyclohexene diepoxide,106-87-6,C8H12O2,140.083730,11,589,2,Inactive,0.0000029831219636130765,0.2214008320155253,0.2582600271433239,1.7425721143492199,0.24119075992119518
https://comptox.epa.gov/dashboard/chemical/details/DTXSID3037208,Diclofenac sodium,15307-79-6,C14H10Cl2NNaO2,316.998628,76,607,13,Inactive,0.00001745425924951006,0.08582695339436894,0.10011557369262367,100,2
https://comptox.epa.gov/dashboard/chemical/details/DTXSID2020713,Hydrochlorothiazide,58-93-5,C7H8ClN3O4S2,296.964476,4,603,1,Inactive,-3.89806821265316e-8,-0.011962307279807693,0.013953812976471917,100,2
https://comptox.epa.gov/dashboard/chemical/details/DTXSID7029241,"2,4-Bis(1-methyl-1-phenylethyl)phenol",2772-45-4,C24H26O,330.198365,351,643,55,Inactive,-0.00003967541027680212,-0.13135975881445267,0.15322875965787747,11.1,1.0453229787866574
https://comptox.epa.gov/dashboard/chemical/details/DTXSID6025486,Isoproterenol hydrochloride,51-30-9,C11H18ClNO3,247.097521,88,630,14,Inactive,4.1786231266080435e-15,0.39063763040979993,0.45567166172963713,1.19514853806166,0.07742188457421928
https://comptox.epa.gov/dashboard/chemical/details/DTXSID4021218,Quercetin,117-39-5,C15H10O7,302.042653,179,651,27,Inactive,3.0548061597736273e-18,0.18060761912998852,0.21067548931131,0.05539720889551088,-1.2565121159902342
https://comptox.epa.gov/dashboard/chemical/details/DTXSID4021393,Triethylene glycol,112-27-6,C6H14O4,150.089209,8,609,1,Inactive,-9.800246790265598e-8,-0.1962488727826255,0.22892072604376446,100,2
https://comptox.epa.gov/dashboard/chemical/details/DTXSID3024869,Cumene hydroperoxide,80-15-9,C9H12O2,152.083730,63,622,10,Inactive,0.0023923676737265145,0.42190840086547365,0.4921484443738353,100,2
https://comptox.epa.gov/dashboard/chemical/details/DTXSID7020970,Nitrofen,1836-75-5,C12H7Cl2NO3,282.980299,126,696,18,Inactive,0.000016556015395944108,0.12502397104993748,0.14583817893990034,100,2
https://comptox.epa.gov/dashboard/chemical/details/DTXSID5020784,Lovastatin,75330-75-5,C24H36O5,404.256274,203,677,30,Inactive,-1.4419369579305965e-11,-0.3476378285282477,0.4055131781323013,7.751195068017992,0.889368666562238
https://comptox.epa.gov/dashboard/chemical/details/DTXSID3020336,Clofibrate,637-07-0,C12H15ClO3,242.070972,20,658,3,Inactive,0.0000031443674563201183,0.13914451437122569,0.1623095348432903,99.99999999999999,2
https://comptox.epa.gov/dashboard/chemical/details/DTXSID0021414,Tris(2-ethylhexyl) phosphate,78-42-2,C24H51O4P,434.352497,65,638,10,Inactive,-0.00002617676312101072,-0.023798871033718954,0.027760948426416594,100,2
https://comptox.epa.gov/dashboard/chemical/details/DTXSID6023652,6-Thioguanine,154-42-7,C5H5N5S,167.026566,168,640,26,Inactive,-9.626871498544689e-17,-0.1377881286155771,0.1607273356307505,182.83414324951872,2.2620573010270806
https://comptox.epa.gov/dashboard/chemical/details/DTXSID4020822,Methotrexate,59-05-2,C20H22N8O5,454.171316,121,736,16,Inactive,0.0000012104573328718585,0.10120853713761442,0.11805791021807688,100,2
https://comptox.epa.gov/dashboard/chemical/details/DTXSID8027034,"2-(Hydroxymethyl)-2-nitro-1,3-propanediol",126-11-4,C4H9NO5,151.048072,22,587,4,Inactive,-0.000012342536568672374,-0.034751314915886185,0.04053677419249092,100,2
https://comptox.epa.gov/dashboard/chemical/details/DTXSID0047456,"2-Norbornene-5,6-dicarboxylic anhydride",826-62-0,C9H8O3,164.047344,2,583,0,Inactive,0.00010390238925840972,0.1482302181305191,0.17290784234796477,100,2
https://comptox.epa.gov/dashboard/chemical/details/DTXSID7030698,alpha-Cyclodextrin,10016-20-3,C36H60O30,972.316941,11,589,2,Inactive,1.1258504262308473e-10,0.23851005120869995,0.27821761886963015,1.7641562914801716,0.24653705784831437
https://comptox.epa.gov/dashboard/chemical/details/DTXSID5027982,Diisononyl adipate,33703-08-1,, ,8,613,1,Inactive,2.6696969550088502e-8,0.02007672684068841,0.02341913520208316,100.00000000000001,2
https://comptox.epa.gov/dashboard/chemical/details/DTXSID7027625,Bis(2-ethylhexyl) terephthalate,6422-86-2,C24H38O4,390.277010,8,601,1,Inactive,-0.00021745711536841326,-0.0536319174445169,0.06256065222915769,100,2
https://comptox.epa.gov/dashboard/chemical/details/DTXSID1020485,C.I. Disperse Black 6 dihydrochloride,20325-40-0,C14H18Cl2N2O2,316.074533,231,632,37,Inactive,4.462745279643789e-11,0.4502663588925769,0.5252274845162651,4.554138805742693,0.6584062633562917
https://comptox.epa.gov/dashboard/chemical/details/DTXSID9022817,Carminic acid,1260-17-9,C22H20O13,492.090391,66,621,11,Inactive,-1.8424802686760378e-8,-0.13467984208699485,0.15710157616122605,100,2
https://comptox.epa.gov/dashboard/chemical/details/DTXSID4020666,Glycidol,556-52-5,C3H6O2,74.036779,11,594,2,Inactive,0,-0.5475083637113667,0.6386585072244853,25.53609337486539,1.4071544577077064
https://comptox.epa.gov/dashboard/chemical/details/DTXSID1027924,Diisodecyl hexanedioate,27178-16-1,C26H50O4, ,11,598,2,Inactive,-0.000041929534246275905,-0.23626583705422802,0.2755997840441101,100,2
https://comptox.epa.gov/dashboard/chemical/details/DTXSID8020541,"5,5-Diphenylhydantoin",57-41-0,C15H12N2O2,252.089878,35,699,5,Inactive,0.000004051055091911845,0.30582941588756407,0.35674442832631553,1.0912191935218556,0.03791199621207533
https://comptox.epa.gov/dashboard/chemical/details/DTXSID7024538,Anthralin,1143-38-0,C14H10O3,226.062994,59,627,9,Inactive,2.0684384118698122e-19,0.2285283064430427,0.26657409589526476,0.30280227240413016,-0.5188408699616899
https://comptox.epa.gov/dashboard/chemical/details/DTXSID5024059,"3,3'-Dimethylbenzidine",119-93-7,C14H16N2,212.131349,90,643,14,Inactive,-0.00005571146568139061,-0.006520932584355309,0.007606548769054732,100,2
https://comptox.epa.gov/dashboard/chemical/details/DTXSID3023556,Retinol,68-26-8,C20H30O,286.229666,162,656,25,Inactive,0.00002332320754711149,0.2663335211421079,0.3106731884120224,104.49999999999999,2.0191162904470725
https://comptox.epa.gov/dashboard/chemical/details/DTXSID3020910,Busulfan,55-98-1,C6H14O6S2,246.023181,29,629,5,Inactive,-0.0028892514686809636,-0.15483494949296162,0.18061214086125654,100.00000000000001,2
https://comptox.epa.gov/dashboard/chemical/details/DTXSID1020069,o-Aminoazotoluene,97-56-3,C14H15N3,225.126597,314,659,48,Inactive,0.00008247647164849625,0.26785929399960484,0.31245297458538274,33.35,1.523095838252568
https://comptox.epa.gov/dashboard/chemical/details/DTXSID2038732,Diethyl butanedioate,123-25-1,C8H14O4,174.089209,19,652,3,Inactive,-1.0220614923026585e-13,-0.2494788725111611,0.2910125485973795,23.314446973127453,1.3676251182950099
https://comptox.epa.gov/dashboard/chemical/details/DTXSID8021301,Tamoxifen citrate,54965-24-1,C32H37NO8,563.251917,403,700,58,Inactive,0.044214979121187055,0.6758555595556228,0.7883731671955134,10.15,1.0064660422492318
https://comptox.epa.gov/dashboard/chemical/details/DTXSID5020867,"4,4'-Methylenebis(o-toluidine)",838-88-0,C15H18N2,226.146999,80,644,12,Inactive,5.391434658554448e-20,0.1873537871876107,0.2185447711464964,4.702423702795064,0.6723217578164836
https://comptox.epa.gov/dashboard/chemical/details/DTXSID7022413,Isoeugenol,97-54-1,C10H12O2,164.083730,39,615,6,Inactive,-1.0136091521841485e-19,-0.3616825731886606,0.4218961162820773,27.237433182107218,1.4351661778599947
https://comptox.epa.gov/dashboard/chemical/details/DTXSID0023826,Isophorone diisocyanate,4098-71-9,C12H18N2O2,222.136828,24,623,4,Inactive,-1.6809565740320613e-8,-0.13639363847944477,0.15910068835426971,100,2
https://comptox.epa.gov/dashboard/chemical/details/DTXSID6025010,"1,3-Dichloro-2-propanol",96-23-1,C3H6Cl2O,127.979570,4,603,1,Inactive,0.000051686271930330466,0.023567171721917416,0.027490675410682133,100,2
https://comptox.epa.gov/dashboard/chemical/details/DTXSID2024086,Ethion,563-12-2,C9H22O4P2S4,383.987618,106,619,17,Inactive,0.00009413617523399186,0.135375823586396,0.15791342586969503,100,2
https://comptox.epa.gov/dashboard/chemical/details/DTXSID4020959,C.I. Azoic Diazo Component 12,99-55-8,C7H8N2O2,152.058578,33,594,6,Inactive,0.00038882421043008093,0.4383771394500902,0.5113589271672384,100,2
https://comptox.epa.gov/dashboard/chemical/details/DTXSID8029600,Methacrylamide,79-39-0,C4H7NO,85.052764,2,569,0,Inactive,0.00006335228386313285,0.006790138506903799,0.007920572561249159,100,2
https://comptox.epa.gov/dashboard/chemical/details/DTXSID2022331,2-(Butan-2-yl)phenol,89-72-5,C10H14O,150.104465,33,590,6,Inactive,-9.767337859973982e-7,-0.2758389677292,0.3217611182596378,3.1033976234946126,0.49183742322400364
https://comptox.epa.gov/dashboard/chemical/details/DTXSID8021519,2-(2-Butoxyethoxy)ethanol,112-34-5,C8H18O3,162.125594,3,588,1,Inactive,0.0012868186526558956,0.49916976500600835,0.5822724146336468,100,2
https://comptox.epa.gov/dashboard/chemical/details/DTXSID6024466,4-Aminobenzoic acid,150-13-0,C7H7NO2,137.047678,7,571,1,Inactive,0.00004256586409849409,0.49006195781453593,0.5716483238790064,0.3581618750324229,-0.44592064502034756
https://comptox.epa.gov/dashboard/chemical/details/DTXSID5020283,"4-Chloro-1,2-diaminobenzene",95-83-0,C6H7ClN2,142.029776,213,634,34,Inactive,0.7895184801605988,1.1202385531750463,1.3067378135674659,28.290729080097112,1.4516441397999742
https://comptox.epa.gov/dashboard/chemical/details/DTXSID6020068,2-Aminoanthraquinone,117-79-3,C14H9NO2,223.063329,111,650,17,Inactive,0.000003307223366322447,0.028551826626687087,0.0333051843232577,100,2
https://comptox.epa.gov/dashboard/chemical/details/DTXSID7024376,Vernolate,1929-77-7,C10H21NOS,203.134385,6,584,1,Inactive,0.00134775171840174,0.20533449526343397,0.23951893873857064,100,2
https://comptox.epa.gov/dashboard/chemical/details/DTXSID1041847,Dibutyl decanedioate,109-43-3,C18H34O4,314.245710,8,596,1,Inactive,0.006397583055953856,0.4636966788301622,0.5408937074479887,100,2
https://comptox.epa.gov/dashboard/chemical/details/DTXSID0047167,N-Methylacetamide,79-16-3,C3H7NO,73.052764,3,583,1,Inactive,0.00001131178190776143,0.3689930024717676,0.4304235985317924,0.10372126351790624,-0.9841322013559052
https://comptox.epa.gov/dashboard/chemical/details/DTXSID9021928,Ethylene glycol monoethyl ether acetate,111-15-9,C6H12O3,132.078644,2,606,0,Inactive,1.6244599371842076e-7,0.025883799703568768,0.03019297964312652,100,2
https://comptox.epa.gov/dashboard/chemical/details/DTXSID5020281,1-Chloro-4-nitrobenzene,100-00-5,C6H4ClNO2,156.993056,1,592,0,Inactive,-0.00008716886913302528,-0.1841019527153803,0.21475156562229616,100,2
https://comptox.epa.gov/dashboard/chemical/details/DTXSID3020966,4-Nitrobenzoic acid,62-23-7,C7H5NO4,167.021858,4,577,1,Inactive,-0.004090949020813475,-0.23524909020401888,0.27441376741200235,100,2
https://comptox.epa.gov/dashboard/chemical/details/DTXSID3021936,Hexanedinitrile,111-69-3,C6H8N2,108.068748,3,596,1,Inactive,0.00010897716566787864,0.03037889475168841,0.035436425923661696,100,2
https://comptox.epa.gov/dashboard/chemical/details/DTXSID1021164,Piperazine,110-85-0,C4H10N2,86.084398,12,579,2,Inactive,0.00056682256473675,0.15944592741009336,0.18599076239214676,100,2
https://comptox.epa.gov/dashboard/chemical/details/DTXSID1021821,2-Butanone oxime,96-29-7,C4H9NO,87.068414,7,568,1,Inactive,-0.006607151096379018,-0.15095774220746247,0.1760894493714473,100,2
https://comptox.epa.gov/dashboard/chemical/details/DTXSID5021386,"2,4,6-Trichlorophenol",88-06-2,C6H3Cl3O,195.924948,36,612,6,Inactive,2.0710841914899054e-9,0.6992376276378383,0.815647922590997,26.1154585813205,1.4168976563490947
https://comptox.epa.gov/dashboard/chemical/details/DTXSID2021440,Vinylpyrrolidone,88-12-0,C6H9NO,111.068414,6,579,1,Inactive,-8.866634743846021e-8,-0.08730982429317141,0.10184531551467751,100,2
https://comptox.epa.gov/dashboard/chemical/details/DTXSID2024955,Di-tert-butyl peroxide,110-05-4,C8H18O2,146.130680,4,632,1,Inactive,0.003896024978337399,0.5061839836062284,0.5904543725314157,52.5,1.7201593034059568
https://comptox.epa.gov/dashboard/chemical/details/DTXSID8025595,"N,N'-Methylenebisacrylamide",110-26-9,C7H10N2O2,154.074228,23,590,4,Inactive,2.0750640182258097e-17,0.28744322621953733,0.3352972738621719,26.24723542687256,1.4190835667102657
https://comptox.epa.gov/dashboard/chemical/details/DTXSID1020439,"2,4-Dichlorophenol",120-83-2,C6H4Cl2O,161.963920,21,605,3,Inactive,0.00011626452628315993,0.49824366438982454,0.5811921351780741,100,2
https://comptox.epa.gov/dashboard/chemical/details/DTXSID0020523,"2,4-Dinitrophenol",51-28-5,C6H4N2O5,184.012021,141,584,24,Inactive,-0.00025307950440676643,-0.5284936205031934,0.6164781565349187,19.842525383134873,1.2975969445401456
https://comptox.epa.gov/dashboard/chemical/details/DTXSID9025293,2-Ethylhexanoic acid,149-57-5,C8H16O2,144.115030,5,590,1,Inactive,0.008186489977362939,0.5405943426342745,0.630593427907556,16.22359550951519,1.2101471098564338
https://comptox.epa.gov/dashboard/chemical/details/DTXSID1044643,Glycidyl trimethylammonium chloride,3033-77-0,C6H14ClNO,151.076392,9,607,1,Inactive,-0.0000020695461879208584,-0.04987892166397267,0.058182851191426424,100,2
https://comptox.epa.gov/dashboard/chemical/details/DTXSID4022731,Carbamazepine,298-46-4,C15H12N2O,236.094963,30,659,5,Inactive,0.00013508571594270487,0.4144310160926371,0.4834262115944281,100,2
https://comptox.epa.gov/dashboard/chemical/details/DTXSID4021185,Prednisone,53-03-2,C21H26O5,358.178024,46,653,7,Inactive,0.0001177721485348018,0.17321365573091396,0.2020505660408869,100,2
https://comptox.epa.gov/dashboard/chemical/details/DTXSID2021993,Dibenzofuran,132-64-9,C12H8O,168.057515,11,589,2,Inactive,-2.366472869862203e-15,-0.5582531709265772,0.651192128610585,24.394394791042366,1.3872900480202834
https://comptox.epa.gov/dashboard/chemical/details/DTXSID7024081,Endothal,145-73-3,C8H10O5,186.052823,140,583,24,Inactive,0.010745692234481538,0.45246598172225505,0.5277933043757764,100,2
https://comptox.epa.gov/dashboard/chemical/details/DTXSID2021286,Styrene oxide,96-09-3,C8H8O,120.057515,8,587,1,Inactive,1.2088719320176275e-7,0.5137655762920318,0.5992981619381688,27.445024637991093,1.4384636249933407
https://comptox.epa.gov/dashboard/chemical/details/DTXSID6020224,gamma-Butyrolactone,96-48-0,C4H6O2,86.036779,21,589,4,Inactive,0.00009306236792266766,0.4497978990623476,0.5246810346796986,182.0648099523717,2.2602260121300914
https://comptox.epa.gov/dashboard/chemical/details/DTXSID3020257,"1,​2-​Benzenediol",120-80-9,C6H6O2,110.036779,117,603,19,Inactive,0.0018696673733486987,0.30554357169543306,0.35641099629651474,100,2
https://comptox.epa.gov/dashboard/chemical/details/DTXSID3021774,Acenaphthene,83-32-9,C12H10,154.078250,19,599,3,Inactive,-2.7468481754343146e-12,-0.3566708152458621,0.4160499921706189,24.16475522791586,1.3831824003975621
https://comptox.epa.gov/dashboard/chemical/details/DTXSID4024985,"1,3-Dichloro-5,5-dimethylhydantoin",118-52-5,C5H6Cl2N2O2,195.980633,4,577,1,Inactive,1.216608081424423e-13,0.419242751992818,0.48903901364613894,26.446443226500012,1.4223672721756657
https://comptox.epa.gov/dashboard/chemical/details/DTXSID2020268,Chlorendic acid,115-28-6,C9H4Cl6O4,385.824075,3,630,0,Inactive,9.98715942910047e-9,0.15745276046056406,0.18366576954636324,100,2
https://comptox.epa.gov/dashboard/chemical/details/DTXSID6021402,"1,2,4-Trimethylbenzene",95-63-6,C9H12,120.093900,3,590,1,Inactive,-6.241405280947063e-8,-0.05118964830675718,0.05971178988267429,104,2.0170333392987803
https://comptox.epa.gov/dashboard/chemical/details/DTXSID4020240,Caprolactam,105-60-2,C6H11NO,113.084064,24,585,4,Inactive,0.004621098560551932,0.32930710995101653,0.3841307296825124,99.99999999999999,2
https://comptox.epa.gov/dashboard/chemical/details/DTXSID8020121,Sodium azide,26628-22-8,N3Na,64.998991,54,612,9,Inactive,-0.04115915999366849,-0.7856108719975721,0.9164007347179072,0.37399284160580837,-0.4271367103151587
https://comptox.epa.gov/dashboard/chemical/details/DTXSID3025091,C.I. Disperse Black 6,119-90-4,C14H16N2O2,244.121178,87,614,14,Inactive,8.44335880918908e-14,0.5847726362950216,0.6821266006427434,24.800799472453296,1.394465680861644
https://comptox.epa.gov/dashboard/chemical/details/DTXSID8020040,Aldrin,309-00-2,C12H8Cl6,361.875717,243,643,38,Inactive,-0.0011094462603107767,-0.13476136084347679,0.15719666630190016,33.35,1.523095838252568
https://comptox.epa.gov/dashboard/chemical/details/DTXSID5021411,Tris(2-chloroethyl) phosphate,115-96-8,C6H12Cl3O4P,283.953879,12,670,2,Inactive,0.00006140389812840835,0.08762892931266797,0.1022175456921638,100,2
https://comptox.epa.gov/dashboard/chemical/details/DTXSID9020164,Pentaerythritol dibromide,3296-90-0,C5H10Br2O2,259.904756,7,614,1,Inactive,0.03728572612147888,0.6284191952469188,0.7330395145510309,100,2
https://comptox.epa.gov/dashboard/chemical/details/DTXSID0021834,4-Nitrophenol,100-02-7,C6H5NO3,139.026943,42,611,7,Inactive,0.00024102266885778589,0.2422059024171099,0.2825287618075876,100,2
https://comptox.epa.gov/dashboard/chemical/details/DTXSID5023877,2-Anisidine,90-04-0,C7H9NO,123.068414,17,593,3,Inactive,0.00004677383781071208,0.035491484899176994,0.041400168960411,101.5,2.0064660422492318
https://comptox.epa.gov/dashboard/chemical/details/DTXSID6024460,C.I. Solvent Yellow 1,60-09-3,C12H11N3,197.095297,197,638,31,Inactive,0.10351065893440137,0.6930909333682342,0.808477915981454,100,2
https://comptox.epa.gov/dashboard/chemical/details/DTXSID8020755,Isoniazid,54-85-3,C6H7N3O,137.058912,16,641,2,Inactive,-8.246966666126752e-16,-0.34080255865814724,0.39753996066010905,11.029934446228282,1.0425729313226997
https://comptox.epa.gov/dashboard/chemical/details/DTXSID4024359,"2,4,5-Trichlorophenol",95-95-4,C6H3Cl3O,195.924948,159,661,24,Inactive,0.0009026777103931855,0.35422149322883373,0.41319290276927406,100,2
https://comptox.epa.gov/dashboard/chemical/details/DTXSID1020930,(-)-Nicotine,54-11-5,C10H14N2,162.115698,16,688,2,Inactive,0,0.3975725122129071,0.4637610747024873,25.75276223382493,1.4108238181760444
https://comptox.epa.gov/dashboard/chemical/details/DTXSID7025895,"N-Phenyl-1,4-benzenediamine",101-54-2,C12H12N2,184.100048,213,662,32,Inactive,-0.0007315620933882296,-0.6460723148712194,0.7536315561970918,0.3267399308104962,-0.4857977872541346
https://comptox.epa.gov/dashboard/chemical/details/DTXSID9033058,"4-Amino-1,2,4-triazole",584-13-4,C2H4N4,84.043596,10,595,2,Inactive,0.000004127754699710419,0.12478144405699905,0.14555527563186366,100,2
https://comptox.epa.gov/dashboard/chemical/details/DTXSID7023645,Tetracycline,60-54-8,C22H24N2O8,444.153266,32,653,5,Inactive,5.504597592356079e-12,0.4769246026504929,0.556323839005258,15.066419527742461,1.17801005628964
https://comptox.epa.gov/dashboard/chemical/details/DTXSID7022332,4-(Butan-2-yl)phenol,99-71-8,C10H14O,150.104465,82,664,12,Inactive,0.0007041398888629316,0.0335940238487065,0.03918681529802031,100,2
https://comptox.epa.gov/dashboard/chemical/details/DTXSID3021485,"1,3-Benzenedicarboxylic acid",121-91-5,C8H6O4,166.026609,6,579,1,Inactive,0.002452256359274769,0.31253022311999157,0.3645607975873288,100,2
https://comptox.epa.gov/dashboard/chemical/details/DTXSID0023878,Anthracene,120-12-7,C14H10,178.078250,39,661,6,Inactive,0.00037173313553948563,0.2183565782862828,0.25470896076481003,100,2
https://comptox.epa.gov/dashboard/chemical/details/DTXSID5024261,Phosmet,732-11-6,C11H12NO4PS2,316.994537,72,693,10,Inactive,-1.7752343830070787e-8,-0.032054040881996544,0.037390453291779605,99.99999999999999,2
https://comptox.epa.gov/dashboard/chemical/details/DTXSID4020373,"p,p'-DDD",72-54-8,C14H10Cl4,317.953661,315,703,45,Inactive,2.7025667978454704e-15,0.3487064731931101,0.4067597326174018,0.08209757275076615,-1.0856696827895893
https://comptox.epa.gov/dashboard/chemical/details/DTXSID6020143,Benzoic acid,65-85-0,C7H6O2,122.036779,10,611,2,Inactive,0.000003717930750258014,0.17776046353851996,0.20735433431094227,102.5,2.010723865391773
https://comptox.epa.gov/dashboard/chemical/details/DTXSID1020512,Dimethylcarbamoyl chloride,79-44-7,C3H6ClNO,107.013791,4,581,1,Inactive,0.000006590285010460254,0.10545055189936721,0.12300614296652396,100,2
https://comptox.epa.gov/dashboard/chemical/details/DTXSID1025017,Dicumyl peroxide,80-43-3,C18H22O2,270.161980,147,609,24,Inactive,0.278884421115066,0.8857109489415742,1.0331656463637404,100,2
https://comptox.epa.gov/dashboard/chemical/details/DTXSID5020869,"4,4'-Methylenebis(N,N-dimethylaniline)",101-61-1,C17H22N2,254.178299,106,611,17,Inactive,0.00010531127863497593,0.4020951689786968,0.4690366712233299,16.231878892305048,1.210368793722194
https://comptox.epa.gov/dashboard/chemical/details/DTXSID1020148,Benzotrichloride,98-07-7,C7H5Cl3,193.945683,7,608,1,Inactive,-0.00037468869014537057,-0.12200345280414847,0.14231479956935816,100,2
https://comptox.epa.gov/dashboard/chemical/details/DTXSID6027131,"1H-1,2,4-Triazole",288-88-0,C2H3N3,69.032697,23,591,4,Inactive,-0.0000838052600630625,-0.1430105101704924,0.16681914833916275,100,2
https://comptox.epa.gov/dashboard/chemical/details/DTXSID0021123,Phenobarbital sodium,57-30-7,C12H11N2NaO3,254.066736,15,673,2,Inactive,-2.2383228630493192e-8,-0.01696395004139179,0.0197881379137754,100.00000000000001,2
https://comptox.epa.gov/dashboard/chemical/details/DTXSID2020921,2-Naphthylamine,91-59-8,C10H9N,143.073499,69,635,11,Inactive,0.000008506313949980262,0.119745364665032,0.1396807809941283,100,2
https://comptox.epa.gov/dashboard/chemical/details/DTXSID6027921,"Dipropylene glycol, dibenzoate",27138-31-4,C20H22O5, ,32,607,5,Inactive,0.0005445232968492806,0.25316871256243645,0.2953166796303201,100,2
https://comptox.epa.gov/dashboard/chemical/details/DTXSID5020944,Nitrofurazone,59-87-0,C6H6N4O4,198.038905,79,602,13,Inactive,0.4757398205026675,0.9019525172244022,1.0521111391488767,100,2
https://comptox.epa.gov/dashboard/chemical/details/DTXSID3021986,Tributyl phosphate,126-73-8,C12H27O4P,266.164696,93,771,12,Inactive,9.737004197416021e-8,0.494044667799425,0.5762940823408775,179.57797110527764,2.254253060537345
https://comptox.epa.gov/dashboard/chemical/details/DTXSID6025014,Benzal chloride,98-87-3,C7H6Cl2,159.984656,8,591,1,Inactive,-4.949793312124213e-11,-0.3378885866040487,0.39414086547634025,0.4136079912459807,-0.38341107890708837
https://comptox.epa.gov/dashboard/chemical/details/DTXSID1024045,Ethyl sulfate (Et2SO4),64-67-5,C4H10O4S,154.029980,1,585,0,Inactive,-0.00006020744964039777,-0.2664938163053086,0.3108601697924549,100,2
https://comptox.epa.gov/dashboard/chemical/details/DTXSID1021798,Quinoline,91-22-5,C9H7N,129.057849,11,591,2,Inactive,1.0112647819744482e-15,0.4822849314596176,0.5625765646664,24.896841649804703,1.3961442570933134
https://comptox.epa.gov/dashboard/chemical/details/DTXSID9026261,"Tris(1,3-dichloro-2-propyl) phosphate",13674-87-8,C9H15Cl6O4P,427.883912,237,790,30,Inactive,0.0001160358461714972,0.08465186898853362,0.09874485919356775,100,2
https://comptox.epa.gov/dashboard/chemical/details/DTXSID9024699,tert-Butyl perbenzoate,614-45-9,C11H14O3,194.094294,49,584,8,Inactive,-0.0000024014099463391116,-0.3627563553931499,0.4231486636133266,0.8580691481544662,-0.06647771279014758
https://comptox.epa.gov/dashboard/chemical/details/DTXSID6020141,"2,3-Benzofuran",271-89-6,C8H6O,118.041865,4,605,1,Inactive,0.0007373831522528692,0.0663880678997774,0.077440468771983,100,2
https://comptox.epa.gov/dashboard/chemical/details/DTXSID1021378,Trichloroacetic acid,76-03-9,C2HCl3O2,161.904212,6,601,1,Inactive,-6.511806535367106e-9,-0.44429562281114027,0.5182627299197272,23.41269022605924,1.369451319002289
https://comptox.epa.gov/dashboard/chemical/details/DTXSID6022422,"4,4'-Diaminobiphenyl methane",101-77-9,C13H14N2,198.115698,44,611,7,Inactive,0.0018477742568154727,0.507051141888581,0.5914658968310273,100,2
https://comptox.epa.gov/dashboard/chemical/details/DTXSID1024621,Diethylene glycol dimethyl ether,111-96-6,C6H14O3,134.094294,47,590,8,Inactive,0.00014559089367815198,0.4003147706424917,0.466959869079235,100,2
https://comptox.epa.gov/dashboard/chemical/details/DTXSID4021717,4-Chloro-3-methylphenol,59-50-7,C7H7ClO,142.018542,21,626,3,Inactive,0.000004742753696391353,0.26253654963634326,0.30624409049394213,100,2
https://comptox.epa.gov/dashboard/chemical/details/DTXSID0020943,5-Nitro-o-anisidine,99-59-2,C7H8N2O3,168.053492,26,612,4,Inactive,0.000021242773341455158,0.18843955442251203,0.21981129879684094,100,2
https://comptox.epa.gov/dashboard/chemical/details/DTXSID8021195,"1,3-Propane sultone",1120-71-4,C3H6O3S,122.003765,4,585,1,Inactive,0.00020668728056288813,0.1667767338920466,0.19454201427217105,100,2
https://comptox.epa.gov/dashboard/chemical/details/DTXSID1020350,2-Methoxy-5-methylaniline,120-71-8,C8H11NO,137.084064,20,606,3,Inactive,0.021652844033737136,0.5660782846345332,0.6603199808422993,100,2
https://comptox.epa.gov/dashboard/chemical/details/DTXSID4026262,"Tris(2,3-epoxypropyl)isocyanurate",2451-62-9,C12H15N3O6,297.096085,159,593,27,Inactive,0.00031655193340083697,0.12292605251050301,0.14339099527755153,100,2
https://comptox.epa.gov/dashboard/chemical/details/DTXSID9025110,"2,5-Dimethyl-2,5-di-(tert-butylperoxy)hexane",78-63-7,C16H34O4,290.245710,22,586,4,Inactive,0.000970656407206995,0.40920999577934686,0.4773359867495114,100,2
https://comptox.epa.gov/dashboard/chemical/details/DTXSID0021094,"4,4'-Oxydianiline",101-80-4,C12H12N2O,200.094963,51,626,8,Inactive,-0.0007453614490389666,-0.19216978443936744,0.22416254398699617,100,2
https://comptox.epa.gov/dashboard/chemical/details/DTXSID4020375,DDT,50-29-3,C14H9Cl5,351.914689,268,713,38,Inactive,0.009239848976895266,0.47001181656670277,0.5482602002854611,100,2
https://comptox.epa.gov/dashboard/chemical/details/DTXSID6020515,"N,N-Dimethylformamide",68-12-2,C3H7NO,73.052764,3,600,0,Inactive,0,-0.15541833831805812,0.1812926532714085,0.19170440989937076,-0.7173678966527978
https://comptox.epa.gov/dashboard/chemical/details/DTXSID5020152,Benzyl alcohol,100-51-6,C7H8O,108.057515,7,607,1,Inactive,0.000013573687360607421,0.10816135329148543,0.12616824328356127,100,2
https://comptox.epa.gov/dashboard/chemical/details/DTXSID0047325,SB413217A,NOCAS_47325,C30H36ClFN4O2,538.251082,104,640,16,Inactive,0.0000026379221708604575,0.07400591642380099,0.08632654995188617,46.49999999999999,1.6674529528899538
https://comptox.epa.gov/dashboard/chemical/details/DTXSID8020961,4-Nitrobenzenamine,100-01-6,C6H6N2O2,138.042927,39,599,7,Inactive,-0.000004827437932022178,-0.17629391908220376,0.20564363698588184,100,2
https://comptox.epa.gov/dashboard/chemical/details/DTXSID9026689,"1,1′,1′′,1′′′-(Ethylenedinitrilo)tetrakis(2-propanol)",102-60-3,C14H32N2O4,292.236208,17,579,3,Inactive,-2.174520163294811e-10,-0.2189871438042728,0.25544450392564294,48.60579692951475,1.6866880681175622
https://comptox.epa.gov/dashboard/chemical/details/DTXSID1034187,Tamoxifen,10540-29-1,C26H29NO,371.224915,371,750,49,Inactive,0.0916904267434795,0.8253757090259574,0.9627856908935934,11.1,1.0453229787866574
https://comptox.epa.gov/dashboard/chemical/details/DTXSID9020168,Bis(chloroethyl) ether,111-44-4,C4H8Cl2O,141.995220,3,626,0,Inactive,0,-0.288222752150959,0.33620657662483616,25.495292856048778,1.4064600049301055
https://comptox.epa.gov/dashboard/chemical/details/DTXSID3024368,2-[2-(2-Ethoxyethoxy)ethoxy]ethanol,112-50-5,C8H18O4,178.120509,4,585,1,Inactive,-0.000013801604133854473,-0.0985989224689782,0.11501384236602676,100,2
https://comptox.epa.gov/dashboard/chemical/details/DTXSID4042416,Sodium myristyl sulfate,1191-50-0,C14H29NaO4S,316.168425,190,645,29,Inactive,-9.563435219893377e-7,-0.4996892002619975,0.5828783263734073,0.001019556066040598,-2.9915888870976577
https://comptox.epa.gov/dashboard/chemical/details/DTXSID7020710,"1,2-Diphenylhydrazine",122-66-7,C12H12N2,184.100048,57,625,9,Inactive,-0.0000021448294623735527,-0.11533446696739505,0.13453554938525042,100,2
https://comptox.epa.gov/dashboard/chemical/details/DTXSID9032113,Tebuconazole,107534-96-3,C16H22ClN3O,307.145140,180,746,24,Inactive,7.654186546659528e-7,0.20847258992722556,0.24317946885343625,100,2
https://comptox.epa.gov/dashboard/chemical/details/DTXSID8040694,Butyl benzoate,136-60-7,C11H14O2,178.099380,5,591,1,Inactive,-4.234653281334238e-8,-0.14438732274759136,0.16842517506587312,100,2
https://comptox.epa.gov/dashboard/chemical/details/DTXSID0020311,Monuron,150-68-5,C9H11ClN2O,198.055991,18,608,3,Inactive,0,-0.12293071771159103,0.143396437149421,0.15050596943033623,-0.8224462745602227
https://comptox.epa.gov/dashboard/chemical/details/DTXSID0024000,Chlorthal-dimethyl,1861-32-1,C10H6Cl4O4,329.902019,30,603,5,Inactive,0.000008416881291625607,0.1580243459725195,0.18433251360729788,100,2
https://comptox.epa.gov/dashboard/chemical/details/DTXSID1026665,3-Pyridinecarbonitrile,100-54-9,C6H4N2,104.037448,4,662,1,Inactive,0.0000020169356158116086,0.04781321638204389,0.05577324370565318,100,2
https://comptox.epa.gov/dashboard/chemical/details/DTXSID9021392,Triethanolamine,102-71-6,C6H15NO3,149.105193,5,587,1,Inactive,5.552352485073797e-19,0.16408874781124197,0.1914065275991092,1.3405455809000224,0.12728158534375078
https://comptox.epa.gov/dashboard/chemical/details/DTXSID1046970,"2-(2,6-Diisopropylphenyl)-5-hydroxy-1H-isoindole-1,3-dione",105624-86-0,C20H21NO3,323.152144,320,698,46,Inactive,5.31512621788498e-7,0.1845295064504895,0.2152502992459656,100.00000000000001,2
https://comptox.epa.gov/dashboard/chemical/details/DTXSID1026792,3-Methylaniline,108-44-1,C7H9N,107.073499,12,605,2,Inactive,-7.459394613904755e-16,-0.17876340183011644,0.2085242435116115,0.00914000006875161,-2.03905380099938
https://comptox.epa.gov/dashboard/chemical/details/DTXSID5026889,Methyl dodecanoate,111-82-0,C13H26O2,214.193280,9,588,2,Inactive,-9.342315361447023e-7,-0.12092299914896101,0.14105447011270894,100,2
https://comptox.epa.gov/dashboard/chemical/details/DTXSID3044203,Pioglitazone hydrochloride,112529-15-4,C19H21ClN2O3S,392.096141,119,621,19,Inactive,-1.502097023393877e-16,-0.2105767418362421,0.24563392362756364,0.14035752432500162,-0.8527643006267145
https://comptox.epa.gov/dashboard/chemical/details/DTXSID6025692,Myrcene,123-35-3,C10H16,136.125201,13,593,2,Inactive,-0.00006286554116503664,-0.09032055550828694,0.10535727849267781,100,2
https://comptox.epa.gov/dashboard/chemical/details/DTXSID6021244,Rifampicin,13292-46-1,C43H58N4O12,822.405123,106,653,16,Inactive,-2.9903700902823475e-14,-0.20624014997867274,0.2405753684240907,0.016867433968541557,-1.7729509813152002
https://comptox.epa.gov/dashboard/chemical/details/DTXSID1020699,4-Hexylresorcinol,136-77-6,C12H18O2,194.130680,246,655,38,Inactive,9.653700033353226e-12,0.3367539769532755,0.3928173640398813,0.00254863940681647,-2.5936916061579574
https://comptox.epa.gov/dashboard/chemical/details/DTXSID7041623,Benodanil,15310-01-7,C13H10INO,322.980710,86,614,14,Inactive,0,-0.109208384863093,0.12738958649009594,0.009140000104814718,-2.0390537992858127
https://comptox.epa.gov/dashboard/chemical/details/DTXSID1021455,C.I. Acid Yellow 23,1934-21-0,C16H9N4Na3O9S2,533.950403,41,617,7,Inactive,-0.000597248887896775,-0.1728154040307133,0.20158601270580057,94.5,1.975431808509263
https://comptox.epa.gov/dashboard/chemical/details/DTXSID6020692,Methenamine,100-97-0,C6H12N4,140.106196,2,582,0,Inactive,-7.872469465597543e-8,-0.13571736620696398,0.15831182909905736,102,2.0086001717619175
https://comptox.epa.gov/dashboard/chemical/details/DTXSID0020654,Geranyl acetate,105-87-3,C12H20O2,196.146330,12,594,2,Inactive,-1.202011429725093e-9,-0.010765712838493945,0.012558007413864234,100,2
https://comptox.epa.gov/dashboard/chemical/details/DTXSID4021137,"1,3-Benzenediamine",108-45-2,C6H8N2,108.068748,21,594,4,Inactive,-2.5501621539157866e-8,-0.3052951110555977,0.3561211714977379,170.3988829178286,2.2314667433402287
https://comptox.epa.gov/dashboard/chemical/details/DTXSID0042400,Sodium hexyldecyl sulfate,1120-01-0,C16H33NaO4S,344.199725,125,626,20,Inactive,4.6025242509037534e-8,0.04552030760869206,0.05309860749651064,50,1.6989700043360187
https://comptox.epa.gov/dashboard/chemical/details/DTXSID9026926,1-Tetradecanol,112-72-1,C14H30O,214.229666,107,592,18,Inactive,9.388701160158835e-7,0.1334735048895786,0.15569440585155497,100,2
https://comptox.epa.gov/dashboard/chemical/details/DTXSID0020606,Bis(2-ethylhexyl)hexanedioate,103-23-1,C22H42O4,370.308310,8,592,1,Inactive,-0.0004203429266287788,-0.18948697594930494,0.22103309687897763,100,2
https://comptox.epa.gov/dashboard/chemical/details/DTXSID7021605,Hexanedioic acid,124-04-9,C6H10O4,146.057909,7,605,1,Inactive,-0.0000030788964818032,-0.08583131765380204,0.10012066452154872,99.99999999999999,2
https://comptox.epa.gov/dashboard/chemical/details/DTXSID7032004,Flutamide,13311-84-7,C11H11F3N2O3,276.072177,208,723,29,Inactive,8.630463124803903e-10,0.2583024002758327,0.3013050325923997,16.146842987071413,1.2080876221890524
https://comptox.epa.gov/dashboard/chemical/details/DTXSID0021464,Ziram,137-30-4,C6H12N2S4Zn,303.917475,379,642,59,Inactive,0.00013519459766758995,0.24918678432650704,0.2906718330643335,1.85,0.2671717284030138
https://comptox.epa.gov/dashboard/chemical/details/DTXSID9020249,Carbofuran,1563-66-2,C12H15NO3,221.105193,48,663,7,Inactive,3.826095853111453e-9,0.230353097097363,0.26870268086771243,2.9162292290136964,0.4648216585289893
https://comptox.epa.gov/dashboard/chemical/details/DTXSID7037185,Amiodarone hydrochloride,19774-82-4,C25H30ClI2NO3,681.000360,393,705,56,Inactive,-5.71955049423727e-7,-0.046099878028630414,0.053774665806780454,75.5,1.8779469516291882
https://comptox.epa.gov/dashboard/chemical/details/DTXSID4026214,Triclocarban,101-20-2,C13H9Cl3N2O,313.978046,259,647,40,Inactive,9.889246215147268e-20,0.2702055838156954,0.31518987880599186,26.549836064140276,1.4240618438107433
https://comptox.epa.gov/dashboard/chemical/details/DTXSID3026697,Bis(2-ethylhexyl) nonanedioate,103-24-2,C25H48O4,412.355260,51,590,9,Inactive,1.095313306195827e-8,0.3581727028178732,0.4178019165946726,0.3794955995618896,-0.4207932555974053
https://comptox.epa.gov/dashboard/chemical/details/DTXSID4024729,Carbendazim,10605-21-7,C9H9N3O2,191.069477,99,686,14,Inactive,-0.00003885584148162193,-0.1897266666205109,0.22131269166951262,100,2
https://comptox.epa.gov/dashboard/chemical/details/DTXSID6026797,"1,3,5-Trimethylbenzene",108-67-8,C9H12,120.093900,2,591,0,Inactive,0,-0.08184306442572167,0.09546843996773016,0.052906922173383074,-1.2764875025389237
https://comptox.epa.gov/dashboard/chemical/details/DTXSID1026900,Alkyl trimethyl ammonium compound C12 chloride (ATMAC C12 Cl),112-00-5,C15H34ClN,263.237978,321,656,49,Inactive,-0.000004564303702897111,-0.04724724630162147,0.0551130499430482,33.35,1.523095838252568
https://comptox.epa.gov/dashboard/chemical/details/DTXSID4022991,Erythromycin,114-07-8,C37H67NO13,733.461241,12,640,2,Inactive,-0.0000011113436477817903,-0.19823409894515784,0.23123645610653715,73,1.863322860120456
https://comptox.epa.gov/dashboard/chemical/details/DTXSID0026967,Diethylene glycol dibenzoate,120-55-8,C18H18O5,314.115424,24,611,4,Inactive,-0.0000044203205077368905,-0.10508759578971884,0.12258276129322,100,2
https://comptox.epa.gov/dashboard/chemical/details/DTXSID3042423,Sucrose octaacetate,126-14-7,C28H38O19,678.200729,4,580,1,Inactive,8.10909781315793e-9,0.014678650816902533,0.017122378104409253,75.5,1.8779469516291882
https://comptox.epa.gov/dashboard/chemical/details/DTXSID4020537,Diphenhydramine hydrochloride,147-24-0,C17H22ClNO,291.138992,128,682,19,Inactive,1.2415695055252221e-9,0.25640970345978625,0.29909723632245633,100.00000000000001,2
https://comptox.epa.gov/dashboard/chemical/details/DTXSID6040371,Fenaminosulf,140-56-7,C8H10N3NaO3S,251.034057,93,653,14,Inactive,0.0000032418146858145978,0.33096676018713866,0.386066681373061,95,1.9777236052888478
https://comptox.epa.gov/dashboard/chemical/details/DTXSID8047395,"Diisononyl cyclohexane-1,2-dicarboxylate",166412-78-8,, ,18,594,3,Inactive,3.932500401456983e-8,0.008554441150760981,0.00997859937417298,100,2
https://comptox.epa.gov/dashboard/chemical/details/DTXSID2047565,"1H,1H,2H,2H-Perfluorooctyl iodide",2043-57-4,C8H4F13I,473.915010,6,672,1,Inactive,-0.000015730278116703248,-0.226569503208782,0.26428918769576387,50,1.6989700043360187
https://comptox.epa.gov/dashboard/chemical/details/DTXSID8023927,p-Bromodiphenyl ether,101-55-3,C12H9BrO,247.983678,56,602,9,Inactive,0.0000016127201799971838,0.3724916287709876,0.4345046822150622,171.99019368219555,2.2355036855638266
https://comptox.epa.gov/dashboard/chemical/details/DTXSID8020123,Azobenzene,103-33-3,C12H10N2,182.084398,28,627,4,Inactive,9.791801741209888e-17,0.15650095377856443,0.18255550443448154,23.439267543438884,1.3699440362362887
https://comptox.epa.gov/dashboard/chemical/details/DTXSID3026728,(Z)-Nerol,106-25-2,C10H18O,154.135765,25,627,4,Inactive,-7.786038813188841e-10,-0.16427832807510456,0.1916276695146353,99.99999999999999,2
https://comptox.epa.gov/dashboard/chemical/details/DTXSID2020501,Methadone hydrochloride,1095-90-5,C21H28ClNO,345.185942,120,657,18,Inactive,4.977481329929774e-10,0.13679405012737678,0.15956776122893793,72.5,1.8603380065709938
https://comptox.epa.gov/dashboard/chemical/details/DTXSID1026908,2-Hexyloxyethanol,112-25-4,C8H18O2,146.130680,3,582,1,Inactive,0,-0.21927148440433675,0.2557761820427573,26.036684096913664,1.415585673824355
https://comptox.epa.gov/dashboard/chemical/details/DTXSID0021965,"1,2,4-Trichlorobenzene",120-82-1,C6H3Cl3,179.930033,28,626,4,Inactive,-1.2216134386403587e-7,-0.11682477689330749,0.13627396869657046,100,2
https://comptox.epa.gov/dashboard/chemical/details/DTXSID7027041,"2,4,7,9-Tetramethyl-5-decyne-4,7-diol",126-86-3,C14H26O2,226.193280,43,607,7,Inactive,1.5689369251495707e-18,0.10113002021606675,0.11796632166303164,0.2296721234789209,-0.6388917142258351
https://comptox.epa.gov/dashboard/chemical/details/DTXSID6027397,"Sorbitan, mono-(9Z)-9-octadecenoate",1338-43-8,C24H44O6,428.313789,14,664,2,Inactive,4.580498966745045e-9,0.04273486043246687,0.04984943423555483,100,2
https://comptox.epa.gov/dashboard/chemical/details/DTXSID7021607,Hexanoic acid,142-62-1,C6H12O2,116.083730,4,594,1,Inactive,1.0360515590555232e-7,0.20033340508368425,0.23368525837788523,100,2
https://comptox.epa.gov/dashboard/chemical/details/DTXSID0022777,Celecoxib,169590-42-5,C17H14F3N3O2S,381.075882,266,645,41,Inactive,0.00001022911738239484,0.1082188320378971,0.12623529119152666,11.1,1.0453229787866574
https://comptox.epa.gov/dashboard/chemical/details/DTXSID5021097,Oxytetracycline hydrochloride,2058-46-0,C22H25ClN2O9,496.124858,42,659,6,Inactive,0,-0.3118380842972931,0.36375343029105534,25.50751127326938,1.406668087264738
https://comptox.epa.gov/dashboard/chemical/details/DTXSID3025178,"1,3-Diphenylguanidine",102-06-7,C13H13N3,211.110947,90,643,14,Inactive,5.764733650872573e-15,0.19552553706134268,0.22807696813503564,0.009140003510879017,-2.0390536374439487
https://comptox.epa.gov/dashboard/chemical/details/DTXSID3042219,Propylbenzene,103-65-1,C9H12,120.093900,2,603,0,Inactive,-1.3652296297427228e-14,-0.017247090185973542,0.020118415721493484,100,2
https://comptox.epa.gov/dashboard/chemical/details/DTXSID8024814,4-Chlorotoluene,106-43-4,C7H7Cl,126.023628,5,585,1,Inactive,-2.464867230584124e-9,-0.02012847279760807,0.023479495915803023,100,2
https://comptox.epa.gov/dashboard/chemical/details/DTXSID4042121,Mepanipyrim,110235-47-7,C14H13N3,223.110947,122,625,20,Inactive,-1.0703358637807971e-9,-0.308270658168079,0.3595920928625762,159.22032237945754,2.201998498916592
https://comptox.epa.gov/dashboard/chemical/details/DTXSID8035001,10-Undecenoic acid,112-38-9,C11H20O2,184.146330,19,607,3,Inactive,-1.6910501511382945e-8,-0.18933520453727118,0.2208560582986137,100,2
https://comptox.epa.gov/dashboard/chemical/details/DTXSID1021952,Triphenyl phosphate,115-86-6,C18H15O4P,326.070796,186,748,25,Inactive,-0.000014683859606584371,-0.060692985377718174,0.07079725901824843,100,2
https://comptox.epa.gov/dashboard/chemical/details/DTXSID0020529,"2,4-Dinitrotoluene",121-14-2,C7H6N2O4,182.032757,27,611,4,Inactive,-1.3296150746717085e-11,-0.04174667466876038,0.04869673358924657,100,2
https://comptox.epa.gov/dashboard/chemical/details/DTXSID3024289,Pyrene,129-00-0,C16H10,202.078250,61,669,9,Inactive,5.4529753035666307e-11,0.06866720950152139,0.08009904582687233,104,2.0170333392987803
https://comptox.epa.gov/dashboard/chemical/details/DTXSID2020262,Chloramben,133-90-4,C7H5Cl2NO2,204.969734,9,625,1,Inactive,3.9890024852427894e-10,0.033963699594871784,0.03961803530460176,100,2
https://comptox.epa.gov/dashboard/chemical/details/DTXSID5024051,Bis(1-methylethyl) methylphosphonate,1445-75-6,C7H17O3P,180.091531,15,608,2,Inactive,-2.0841865335644445e-7,-0.03396249914522946,0.039616635002017585,100.00000000000001,2
https://comptox.epa.gov/dashboard/chemical/details/DTXSID4021848,N-Ethyl-3-methylaniline,102-27-2,C9H13N,135.104799,4,591,1,Inactive,-7.454987458038726e-7,-0.16406842209868525,0.19138281802661652,100,2
https://comptox.epa.gov/dashboard/chemical/details/DTXSID1025271,N-Ethylaniline,103-69-5,C8H11N,121.089149,9,583,2,Inactive,-7.801178407374617e-11,-0.16934683137587986,0.19753998604984357,100,2
https://comptox.epa.gov/dashboard/chemical/details/DTXSID9020295,4-Chloroaniline,106-47-8,C6H6ClN,127.018877,22,607,4,Inactive,0,0.18447606211358036,0.2151879574030052,0.13774049383580075,-0.8609383642882711
https://comptox.epa.gov/dashboard/chemical/details/DTXSID2026864,Methyl octanoate,111-11-5,C9H18O2,158.130680,6,587,1,Inactive,-0.000005537938803784787,-0.15700878401525326,0.18314787913116856,100,2
https://comptox.epa.gov/dashboard/chemical/details/DTXSID0026915,1-Undecanol,112-42-5,C11H24O,172.182715,56,603,9,Inactive,0.002463406002827661,0.6330688776163063,0.7384632841186252,181.97134661175693,2.260003008929727
https://comptox.epa.gov/dashboard/chemical/details/DTXSID9047542,Picoxystrobin,117428-22-5,C18H16F3NO4,367.103142,307,694,44,Inactive,9.631888586474125e-15,0.14486886554495393,0.16898688594466876,1.3198704018022624,0.12053128988364796
https://comptox.epa.gov/dashboard/chemical/details/DTXSID0021969,4-Hydroxy-3-methoxybenzaldehyde,121-33-5,C8H8O3,152.047344,20,600,3,Inactive,0.0003855127278672033,0.505347628744149,0.5894787798589954,100,2
https://comptox.epa.gov/dashboard/chemical/details/DTXSID5023825,Indium arsenide,1303-11-3,AsIn,189.825474,6,590,1,Inactive,-0.000002079332522813064,-0.10563804327841769,0.12322484823606569,100,2
https://comptox.epa.gov/dashboard/chemical/details/DTXSID0020105,Sodium L-ascorbate,134-03-2,C6H7NaO6,198.014032,17,630,3,Inactive,-1.5016200990564458e-10,-0.23978093786658028,0.2797000849460776,16.393400010010712,1.2146690360873162
https://comptox.epa.gov/dashboard/chemical/details/DTXSID3027403,Tributyltin chloride,1461-22-9,C12H27ClSn,326.082331,557,828,67,Active,0.9556910363976904,1.169278814531052,1.3639423828259483,1.6286935212649247,0.21183936881072685
https://comptox.epa.gov/dashboard/chemical/details/DTXSID3041376,"2,6-Dimethyl-4-tridecylmorpholine",24602-86-6,C19H39NO,297.303165,44,613,7,Inactive,0.0004913548818883973,0.4490685566505173,0.5238302700761452,100,2
https://comptox.epa.gov/dashboard/chemical/details/DTXSID3024104,Fluoranthene,206-44-0,C16H10,202.078250,85,641,13,Inactive,0.000006884790638290469,0.1536635325276225,0.17924570436456164,100,2
https://comptox.epa.gov/dashboard/chemical/details/DTXSID1024126,Heptachlor epoxide B,1024-57-3,C10H5Cl7O,385.816009,193,642,30,Inactive,6.264505416385185e-12,0.30273903178768696,0.3531395517129269,16.142305243482312,1.2079655553571906
https://comptox.epa.gov/dashboard/chemical/details/DTXSID6022472,Butylbenzene,104-51-8,C10H14,134.109550,3,581,1,Inactive,-1.1206923336479138e-13,-0.14704820493031412,0.17152904553681594,4.31757638020669,0.6352400292062317
https://comptox.epa.gov/dashboard/chemical/details/DTXSID8020597,Ethylene glycol,107-21-1,C2H6O2,62.036779,16,603,3,Inactive,-0.000002629552421595691,-0.28964825874021244,0.3378694040274349,100.5,2.002166061756508
https://comptox.epa.gov/dashboard/chemical/details/DTXSID3026223,Triethylene glycol diacetate,111-21-7,C10H18O6,234.110338,6,584,1,Inactive,-0.000003008880790661129,-0.38937383153256383,0.45419746341986833,181.32732307389705,2.2584632501305397
https://comptox.epa.gov/dashboard/chemical/details/DTXSID8026224,Triethylene glycol dimethyl ether,112-49-2,C8H18O4,178.120509,2,598,0,Inactive,0,0.17847689517478033,0.20819003873058042,0.11600279759704948,-0.9355315369255778
https://comptox.epa.gov/dashboard/chemical/details/DTXSID1021956,Di-n-octyl phthalate,117-84-0,C24H38O4,390.277010,19,609,3,Inactive,-0.00000625745006095439,-0.16821208024022247,0.19621631957385108,100,2
https://comptox.epa.gov/dashboard/chemical/details/DTXSID4047628,Dicyclohexyl disulfide,2550-40-5,C12H22S2,230.116293,60,595,10,Inactive,5.3515913549305e-7,0.13974482460875814,0.16300978577201616,100,2
https://comptox.epa.gov/dashboard/chemical/details/DTXSID6025567,Methyl 2-aminobenzoate,134-20-3,C8H9NO2,151.063329,5,593,1,Inactive,8.412654248761492e-13,0.2335242839262568,0.2724018123888136,176.9604863221055,2.247876303152614
https://comptox.epa.gov/dashboard/chemical/details/DTXSID9027441,Octabenzone,1843-05-6,C21H26O3,326.188195,35,598,6,Inactive,3.560657900896094e-18,0.09201816651741429,0.10733751073166638,2.1082000151882907,0.3239118121248379
https://comptox.epa.gov/dashboard/chemical/details/DTXSID3023845,Acenaphthylene,208-96-8,C12H8,152.062600,28,618,5,Inactive,0,-0.17214583632945915,0.20080497421047974,0.009140000021227508,-2.0390538032575263
https://comptox.epa.gov/dashboard/chemical/details/DTXSID7022174,O-Ethyl O-(p-nitrophenyl phenyl)phosphonothioate,2104-64-5,C14H14NO4PS,323.038116,101,651,16,Inactive,0.00017776824792786823,0.22378255367116706,0.26103826195768426,100,2
https://comptox.epa.gov/dashboard/chemical/details/DTXSID7020895,Mirex,2385-85-5,C10Cl12,539.626232,37,648,6,Inactive,-0.000003713768839578809,-0.1693346559991065,0.1975257836951941,100,2
https://comptox.epa.gov/dashboard/chemical/details/DTXSID1025805,2-n-Octyl-4-isothiazolin-3-one,26530-20-1,C11H19NOS,213.118735,381,671,57,Inactive,-0.0015520652492526676,-0.4244201113805302,0.4950783088187403,34.65,1.5397032389478256
https://comptox.epa.gov/dashboard/chemical/details/DTXSID8027955,Isooctyl acrylate,29590-42-9,, ,22,586,4,Inactive,0.00003159142378026979,0.16748077608380263,0.19536326663106102,100,2
https://comptox.epa.gov/dashboard/chemical/details/DTXSID9026265,Tris(2-ethylhexyl) trimellitate,3319-31-1,C33H54O6,546.392039,27,631,4,Inactive,0.000003260614939557647,0.14991420370371414,0.17487218076477715,100,2
https://comptox.epa.gov/dashboard/chemical/details/DTXSID1038321,3-Phenoxybenzoic acid,3739-38-6,C13H10O3,214.062994,15,645,2,Inactive,-0.00011003574614364371,-0.24372107697909814,0.28429618526279177,100,2
https://comptox.epa.gov/dashboard/chemical/details/DTXSID9024930,"3,4-Diaminotoluene",496-72-0,C7H10N2,122.084398,91,638,14,Inactive,0.00001126603803875878,0.1207694224797512,0.14087532573281822,100,2
https://comptox.epa.gov/dashboard/chemical/details/DTXSID4034150,Haloperidol,52-86-8,C21H23ClFNO2,375.140135,270,752,36,Inactive,0.00652334176383795,0.609209657796141,0.7106319399349578,18.906610095566748,1.2766136679902584
https://comptox.epa.gov/dashboard/chemical/details/DTXSID8021642,1-Octadecanoic acid,57-11-4,C18H36O2,284.271530,23,613,4,Inactive,0.000013576281473645563,0.005559403516529667,0.006484942671665125,100,2
https://comptox.epa.gov/dashboard/chemical/details/DTXSID0021256,Sulfasalazine,599-79-1,C18H14N4O5S,398.068491,50,680,7,Inactive,-0.0006939890315925636,-0.23564263016948592,0.27487282459457146,100,2
https://comptox.epa.gov/dashboard/chemical/details/DTXSID0047537,Dioctyl sebacate,2432-87-3,C26H50O4,426.370910,7,588,1,Inactive,0.001111147613424367,0.17269618327111447,0.2014469438670354,100,2
https://comptox.epa.gov/dashboard/chemical/details/DTXSID0028666,"1,2-Benzenedicarboxylic acid, di-C9-11-branched alkyl esters, C10-rich",68515-49-1,, ,8,589,1,Inactive,-1.0355973534577244e-7,-0.13436295432334927,0.1567319323721966,100,2
https://comptox.epa.gov/dashboard/chemical/details/DTXSID8022828,Cladribine,4291-63-8,C10H12ClN5O3,285.062867,169,657,26,Inactive,1.4773347571455818e-8,0.3625873060554461,0.42295147064821215,5.366335791523811,0.7296778446018779
https://comptox.epa.gov/dashboard/chemical/details/DTXSID9022524,Thalidomide,50-35-1,C13H10N2O4,258.064057,6,645,1,Inactive,0.000341556462148199,0.06606797061586578,0.07706708113617808,100,2
https://comptox.epa.gov/dashboard/chemical/details/DTXSID1038298,1-Hydroxypyrene,5315-79-7,C16H10O,218.073165,238,690,34,Inactive,-1.3795302555758218e-15,-0.604014105484348,0.70457142304867,8.718672398390359,0.9404503594797604
https://comptox.epa.gov/dashboard/chemical/details/DTXSID5023950,Carbosulfan,55285-14-8,C20H32N2O3S,380.213364,153,611,25,Inactive,0,-0.19493846910081716,0.22739216408059712,0.009140000079637237,-2.039053800482141
https://comptox.epa.gov/dashboard/chemical/details/DTXSID2021288,Sucrose,57-50-1,C12H22O11,342.116212,3,585,1,Inactive,0,-0.5543370128996478,0.6466240017922475,25.223894481144892,1.4018121409640647
https://comptox.epa.gov/dashboard/chemical/details/DTXSID4027236,"2,3-Dinitrotoluene",602-01-7,C7H6N2O4,182.032757,58,617,9,Inactive,0.00026128243926138876,0.2882092842347061,0.3361908665464892,71.5,1.8543060418010806
https://comptox.epa.gov/dashboard/chemical/details/DTXSID9035204,Tributyltin methacrylate,2155-70-6,C16H32O2Sn,376.142432,520,765,68,Inactive,-2.234168161836946e-11,-0.2183217641933971,0.25466835076126226,0.006762887988136854,-2.1698678056157523
https://comptox.epa.gov/dashboard/chemical/details/DTXSID4042206,1-Dodecyl-2-pyrrolidinone,2687-96-9,C16H31NO,253.240565,193,614,31,Inactive,0.010305664795459753,0.4751294989202929,0.5542298832876298,33.35,1.523095838252568
https://comptox.epa.gov/dashboard/chemical/details/DTXSID8020127,3'-Azido-3'-deoxythymidine,30516-87-1,C10H13N5O4,267.096754,8,607,1,Inactive,2.5150844745953733e-7,0.24616022484588562,0.28714140670368926,100,2
https://comptox.epa.gov/dashboard/chemical/details/DTXSID8024157,Isopropalin,33820-53-0,C15H23N3O4,309.168856,138,601,23,Inactive,3.540252279816301e-12,0.2813715677671872,0.32821479516309016,5.320893524876222,0.725984568448989
https://comptox.epa.gov/dashboard/chemical/details/DTXSID6043709,Cyclopamine,4449-51-8,C27H41NO2,411.313730,85,669,13,Inactive,-0.000021799644085192755,-0.04275515355681916,0.04987310579450217,50,1.6989700043360187
https://comptox.epa.gov/dashboard/chemical/details/DTXSID7021237,Reserpine,50-55-5,C33H40N2O9,608.273381,262,688,38,Inactive,0.00000152381052941084,0.05401942954772966,0.06301267802049292,84.5,1.9268567089496924
https://comptox.epa.gov/dashboard/chemical/details/DTXSID1022053,"4,6-Dinitro-o-cresol",534-52-1,C7H6N2O5,198.027671,224,641,35,Inactive,-0.0032593511397604287,-0.3771557440954364,0.43994528756114903,100,2
https://comptox.epa.gov/dashboard/chemical/details/DTXSID0024052,Dimethipin,55290-64-7,C6H10O4S2,210.002051,92,618,15,Inactive,0.00006524422496965037,0.10634472332927283,0.12404917760942005,100,2
https://comptox.epa.gov/dashboard/chemical/details/DTXSID6024888,Cyclophosphamide monohydrate,6055-19-2,C7H17Cl2N2O3P,278.035385,7,638,1,Inactive,0.0068061648967905446,0.389767345789805,0.45465649061426144,100,2
https://comptox.epa.gov/dashboard/chemical/details/DTXSID7025219,Sodium dodecylbenzenesulfonate,25155-30-0,, ,278,729,38,Inactive,0.00005819091545588058,0.2196372150554959,0.2562028001680627,11.1,1.0453229787866574
https://comptox.epa.gov/dashboard/chemical/details/DTXSID6027923,Dodecylbenzenesulfonic acid,27176-87-0,C18H30O3S, ,276,668,41,Inactive,0.000047841070936917654,0.2712601517152368,0.31642001300142675,11.1,1.0453229787866574
https://comptox.epa.gov/dashboard/chemical/details/DTXSID1023819,Stavudine,3056-17-5,C10H12N2O4,224.079707,6,595,1,Inactive,9.15346057236694e-8,0.08832864622854056,0.10303375269572748,100,2
https://comptox.epa.gov/dashboard/chemical/details/DTXSID0027983,Dipropylene glycol monomethyl ether,34590-94-8,C7H16O3, ,12,631,2,Inactive,3.6481731001441595e-19,0.12659893558479873,0.14767534630652757,0.7209981190300914,-0.14206586828461745
https://comptox.epa.gov/dashboard/chemical/details/DTXSID4020290,"[4-Chloro-6-(2,3-xylidino)-2-pyrimidinylthio]acetic acid",50892-23-4,C14H14ClN3O2S,323.049526,57,640,9,Inactive,-3.429742258180552e-7,-0.1655110742938359,0.19306564546536734,77,1.8864907251724818
https://comptox.epa.gov/dashboard/chemical/details/DTXSID5028033,Triisononyl trimellitate,53894-23-8,, ,6,586,1,Inactive,1.267931431228588e-14,0.3679830750266462,0.429245536611178,0.3762205993988404,-0.42455742898679794
https://comptox.epa.gov/dashboard/chemical/details/DTXSID2027200,"4,4'-Bipyridine",553-26-4,C10H8N2,156.068748,14,615,2,Inactive,-1.0439514625072472e-12,-0.35151331275817316,0.4100338597092517,0.009684356331117378,-2.013929239284936
https://comptox.epa.gov/dashboard/chemical/details/DTXSID8022959,Docusate sodium,577-11-7,C20H37NaO7S,444.215769,333,686,49,Inactive,6.542310995031791e-8,0.4264271512409583,0.4974194841617289,0.9397577864343305,-0.026984067219412922
https://comptox.epa.gov/dashboard/chemical/details/DTXSID4020820,Methimazole,60-56-0,C4H6N2S,114.025169,10,674,1,Inactive,0.0000010087634553731628,0.037148084570730586,0.04333256222310231,100.00000000000001,2
https://comptox.epa.gov/dashboard/chemical/details/DTXSID3020916,"1,5-Naphthalenediamine",2243-62-1,C10H10N2,158.084398,91,637,14,Inactive,0.00000241002294305834,0.21823365999667316,0.25456557882481456,100,2
https://comptox.epa.gov/dashboard/chemical/details/DTXSID0027856,Dipropylene glycol,25265-71-8,C6H14O3, ,5,585,1,Inactive,0.010663659667535333,0.3698936713770444,0.43147421236104677,100,2
https://comptox.epa.gov/dashboard/chemical/details/DTXSID5027932,Dodecylbenzene sulfonate triethanolamine(1:1),27323-41-7,C24H45NO6S, ,175,686,26,Inactive,-1.1008075739921488e-8,-0.2913170331489642,0.3398159988987229,29.999999999999996,1.4771212547196624
https://comptox.epa.gov/dashboard/chemical/details/DTXSID5041691,Butam,35256-85-0,C15H23NO,233.177964,37,605,6,Inactive,0.00022618300832473126,0.08717943851836768,0.10169322288958045,100,2
https://comptox.epa.gov/dashboard/chemical/details/DTXSID2020189,FD&C Blue No. 1,3844-45-9,C37H34N2Na2O9S3,792.122183,91,626,15,Inactive,0.0003596429154371817,0.0974431300316935,0.11366563159595945,62,1.792391689498254
https://comptox.epa.gov/dashboard/chemical/details/DTXSID4020119,Azathioprine,446-86-6,C9H7N7O2S,277.038194,137,674,20,Inactive,3.787167084441953e-7,0.2271999617483977,0.26502460606827694,0.7452047679517106,-0.1277243750741128
https://comptox.epa.gov/dashboard/chemical/details/DTXSID9020299,Chlorobenzilate,510-15-6,C16H14Cl2O3,324.032000,222,627,35,Inactive,0.0003632808979725942,0.46905628878463257,0.5471455945783048,16.202518570963647,1.2095825279040755
https://comptox.epa.gov/dashboard/chemical/details/DTXSID0027195,Hexadecane,544-76-3,C16H34,226.266051,4,579,1,Inactive,6.940838847391565e-13,0.178456534713978,0.20816628862489386,0.1708476108387276,-0.767391090068683
https://comptox.epa.gov/dashboard/chemical/details/DTXSID7027205,Octamethylcyclotetrasiloxane,556-67-2,C8H24O4Si4,296.075165,6,669,1,Inactive,-0.000001026283866041184,-0.21856788901385374,0.2549554508693925,100,2
https://comptox.epa.gov/dashboard/chemical/details/DTXSID7020267,Chlordane,57-74-9,C10H6Cl8,405.797772,307,649,47,Inactive,0.03369444382663224,0.4373155648984405,0.5101206198400803,100,2
https://comptox.epa.gov/dashboard/chemical/details/DTXSID9020453,Dieldrin,60-57-1,C12H8Cl6O,377.870631,203,672,30,Inactive,-0.056568496571332685,-0.6712215417667644,0.782967670075027,0.007016605063006249,-2.1538729675048254
https://comptox.epa.gov/dashboard/chemical/details/DTXSID0047539,"Hexane-1,6-diyl dibenzoate",22915-73-7,C20H22O4,326.151809,33,585,6,Inactive,-0.00999844769464221,-0.19217913154573066,0.22417344721586435,100,2
https://comptox.epa.gov/dashboard/chemical/details/DTXSID9043938,Monobenzyl phthalate,2528-16-7,C15H12O4,256.073559,12,593,2,Inactive,9.370249572999668e-10,0.2679710690170831,0.31258335810194454,1.634038446863697,0.2132622707180098
https://comptox.epa.gov/dashboard/chemical/details/DTXSID9027522,Octrizole,3147-75-9,C20H25N3O,323.199762,94,589,16,Inactive,-0.00008639496779603636,-0.1523314312309695,0.1776918325299376,100,2
https://comptox.epa.gov/dashboard/chemical/details/DTXSID4032459,Phorate,298-02-2,C7H17O2PS3,260.012830,63,661,10,Inactive,4.267574625112007e-8,0.36583948257697785,0.42674507516667565,7.373071711797582,0.8676484579484696
https://comptox.epa.gov/dashboard/chemical/details/DTXSID9047592,9-Phenanthrol,484-17-3,C14H10O,194.073165,327,678,48,Inactive,0.00008962149101886816,0.28230440824562736,0.329302936544896,3.7049999999999996,0.5687882123153469
https://comptox.epa.gov/dashboard/chemical/details/DTXSID9021427,Urethane,51-79-6,C3H7NO2,89.047678,1,592,0,Inactive,0.014962991547032276,0.6197309350599963,0.7229048177150881,100,2
https://comptox.epa.gov/dashboard/chemical/details/DTXSID5032498,Triclosan,3380-34-5,C12H7Cl3O2,287.951163,374,882,42,Inactive,9.907569283001563e-12,0.22918814405341675,0.26734378441727286,0.058397141553986245,-1.2336084103826783
https://comptox.epa.gov/dashboard/chemical/details/DTXSID2020890,6-Methyl-2-thiouracil,56-04-2,C5H6N2OS,142.020084,10,612,2,Inactive,-0.000498815728582997,-0.26361656669711575,0.30750391067117977,99.99999999999999,2
https://comptox.epa.gov/dashboard/chemical/details/DTXSID1020510,"7,12-Dimethylbenz[a]anthracene",57-97-6,C20H16,256.125201,356,712,50,Inactive,1.2491942202708755e-11,0.22734605106173694,0.2651950165842848,0.00901822276997754,-2.044879040866105
https://comptox.epa.gov/dashboard/chemical/details/DTXSID5020528,"2,6-Dinitrotoluene",606-20-2,C7H6N2O4,182.032757,14,609,2,Inactive,-9.313288407798744e-7,-0.2165236228374234,0.2525708517086447,100,2
https://comptox.epa.gov/dashboard/chemical/details/DTXSID7029871,Clotrimazole,23593-75-1,C22H17ClN2,344.108026,395,653,60,Inactive,0.00018168767739719697,0.49912134729707924,0.5822159362604247,11.1,1.0453229787866574
https://comptox.epa.gov/dashboard/chemical/details/DTXSID4024436,Allura Red C.I.16035,25956-17-6,C18H14N2Na2O8S2,495.998696,85,628,14,Inactive,0.00012182861995742653,0.24291769658833098,0.2833590567089506,100,2
https://comptox.epa.gov/dashboard/chemical/details/DTXSID9024489,5-Amino-2-methylphenol,2835-95-2,C7H9NO,123.068414,58,660,9,Inactive,-0.000033974886675605074,-0.21443304438917235,0.2501322301286106,100,2
https://comptox.epa.gov/dashboard/chemical/details/DTXSID7020685,beta-Hexachlorocyclohexane,319-85-7,C6H6Cl6,287.860066,41,595,7,Inactive,0.0008844459666812308,0.42069314699317956,0.4907308729257628,100,2
https://comptox.epa.gov/dashboard/chemical/details/DTXSID5020863,Methyldopa sesquihydrate,41372-08-1,C20H32N2O11,476.200610,26,607,4,Inactive,0.00000627695940882321,0.13195642809541383,0.153924763477257,100,2
https://comptox.epa.gov/dashboard/chemical/details/DTXSID1047576,Cotinine,486-56-6,C10H12N2O,176.094963,3,641,0,Inactive,-0.000025314250971069317,-0.3219003683159274,0.37549090083314485,97,1.9867717342662448
https://comptox.epa.gov/dashboard/chemical/details/DTXSID5020653,Gentian Violet,548-62-9,C25H30ClN3,407.212826,489,724,68,Inactive,3.6696770255374425e-8,0.5150009273261644,0.6007391763584952,20.020781940453052,1.3014810354705832
https://comptox.epa.gov/dashboard/chemical/details/DTXSID3020465,Diethylstilbestrol,56-53-1,C18H20O2,268.146330,423,838,50,Inactive,4.300153010531097e-13,0.23306720416954937,0.2718686372001781,0.2996958269481031,-0.5233193042549865
https://comptox.epa.gov/dashboard/chemical/details/DTXSID1047528,Benzyloctyl adipate,58394-64-2,C21H32O4,348.230060,11,589,2,Inactive,8.493178027196784e-7,0.1854445346033851,0.216317662875327,100,2
https://comptox.epa.gov/dashboard/chemical/details/DTXSID6021032,N-Nitrosodi-n-propylamine,621-64-7,C6H14N2O,130.110613,5,631,1,Inactive,0.00018392776021219435,0.07478830110939597,0.0872391873990847,100,2
https://comptox.epa.gov/dashboard/chemical/details/DTXSID5044493,1-[3-(Triethoxysilyl)propyl]urea,23779-32-0,C10H24N2O4Si,264.150534,2,585,0,Inactive,0.000001989584101271346,0.13592780756635334,0.1585573051015331,100,2
https://comptox.epa.gov/dashboard/chemical/details/DTXSID5032523,"1,2-Benzisothiazolin-3-one",2634-33-5,C7H5NOS,151.009185,270,635,43,Inactive,0.0000018215471520197219,0.018376884585819774,0.021436300255686214,100.00000000000001,2
https://comptox.epa.gov/dashboard/chemical/details/DTXSID3047394,Grinstad Soft-N-Safe,NOCAS_47394,, ,28,607,5,Inactive,4.537070679760172e-11,0.3060653003361655,0.3570195832276947,6.759086840086027,0.8298880262523252
https://comptox.epa.gov/dashboard/chemical/details/DTXSID3022588,Aminopterin,54-62-6,C19H20N8O5,440.155666,86,634,14,Inactive,1.7519971322885364e-13,0.1679842054962037,0.19595050784658782,1.5006297871938612,0.1762735628562039
https://comptox.epa.gov/dashboard/chemical/details/DTXSID9047598,"4,4'-Sulfonylbis[2-(prop-2-en-1-yl)phenol]",41481-66-7,C18H18O4S,330.092580,334,740,45,Inactive,0.0018432396594063596,0.45146367405917365,0.526624130791753,33.35,1.523095838252568
https://comptox.epa.gov/dashboard/chemical/details/DTXSID8027581,"1,5,9-Cyclododecatriene",4904-61-4,C12H18,162.140851,10,585,2,Inactive,0.000005722098634294116,0.3789690901399344,0.44206052260524975,0.2708384849764669,-0.567289624235862
https://comptox.epa.gov/dashboard/chemical/details/DTXSID4024066,"1,2-Dinitrobenzene",528-29-0,C6H4N2O4,168.017107,113,611,18,Inactive,-5.877260926705715e-7,-0.07142170807040076,0.08331211810256797,33.35,1.523095838252568
https://comptox.epa.gov/dashboard/chemical/details/DTXSID4027608,Terbutylazine,5915-41-3,C9H16ClN5,229.109423,47,603,8,Inactive,2.942795821552732e-13,0.2946594439553851,0.3437148600625774,0.8301144040808568,-0.08086205022978527
https://comptox.epa.gov/dashboard/chemical/details/DTXSID7021150,Phenylmercuric acetate,62-38-4,C8H8HgO2,338.023072,503,740,68,Inactive,-1.6605528890317728e-7,-0.014129308471155464,0.016481580290633797,11.1,1.0453229787866574
https://comptox.epa.gov/dashboard/chemical/details/DTXSID1027263,Pentyl acetate,628-63-7,C7H14O2,130.099380,27,587,5,Inactive,2.858255058641813e-14,0.12715067388012802,0.1483189389517339,6.911399353389376,0.8395659880293775
https://comptox.epa.gov/dashboard/chemical/details/DTXSID8037752,Diphenyl isophthalate,744-45-6,C20H14O4,318.089209,30,636,5,Inactive,-0.0000952303873875817,-0.1661735925767189,0.19383846094290047,104.5,2.019116290447073
https://comptox.epa.gov/dashboard/chemical/details/DTXSID1023235,D-Mannitol,69-65-8,C6H14O6,182.079038,5,660,1,Inactive,-1.0375871279744006e-13,-0.25132700562231064,0.2931683621194194,0.02699379604857474,-1.5687360377471213
https://comptox.epa.gov/dashboard/chemical/details/DTXSID2021575,Dalapon,75-99-0,C3H4Cl2O2,141.958835,4,606,1,Inactive,0.00001486649908508928,0.05357646118766145,0.062495963518323254,100,2
https://comptox.epa.gov/dashboard/chemical/details/DTXSID0023581,Simvastatin,79902-63-9,C25H38O5,418.271924,227,677,34,Inactive,5.9403754415178836e-12,0.5078420084544002,0.5923884282366044,7.800538712973648,0.8921245965357164
https://comptox.epa.gov/dashboard/chemical/details/DTXSID0047535,Butyryl-n-trihexylcitrate,82469-79-2,C28H50O8,514.350569,10,589,2,Inactive,-0.00017377864661993596,-0.15509145646435313,0.18091135155884497,100,2
https://comptox.epa.gov/dashboard/chemical/details/DTXSID6021030,N-Nitrosodiphenylamine,86-30-6,C12H10N2O,198.079313,42,597,7,Inactive,-0.00007970945794857792,-0.13309657618585996,0.15525472540244697,100,2
https://comptox.epa.gov/dashboard/chemical/details/DTXSID5021544,2-Chlorophenol,95-57-8,C6H5ClO,128.002893,3,589,1,Inactive,9.89990221634551e-7,0.06919292200815025,0.0807122798648638,100,2
https://comptox.epa.gov/dashboard/chemical/details/DTXSID6023733,Valproic acid,99-66-1,C8H16O2,144.115030,17,689,2,Inactive,-6.279566287985925e-13,-0.5930152849779669,0.6917414997974181,25.943403668693122,1.4140269531497909
https://comptox.epa.gov/dashboard/chemical/details/DTXSID6027268,Pentadecane,629-62-9,C15H32,212.250401,9,580,2,Inactive,0.002065496456839381,0.29984306545254036,0.3497614598714804,100.00000000000001,2
https://comptox.epa.gov/dashboard/chemical/details/DTXSID4023541,Pyridoxine,65-23-6,C8H11NO3,169.073893,5,589,1,Inactive,-7.227445218119784e-11,-0.32441707657789953,0.37842659505855397,0.03303230656537286,-1.4810610995257025
https://comptox.epa.gov/dashboard/chemical/details/DTXSID5024891,Cytarabine hydrochloride,69-74-9,C9H14ClN3O5,279.062198,111,686,16,Inactive,2.2462816017052086e-16,0.435687139914361,0.5082210918357783,24.47330565506209,1.3886926342799346
https://comptox.epa.gov/dashboard/chemical/details/DTXSID3020679,Heptachlor,76-44-8,C10H5Cl7,369.821094,282,649,43,Inactive,0.4342580313464183,0.908745160318223,1.060034633265024,176.40594837764257,2.246513225376475
https://comptox.epa.gov/dashboard/chemical/details/DTXSID3027320,Sodium 4-nitrophenolate,824-78-2,C6H4NNaO3,161.008887,31,595,5,Inactive,-0.000003523314867092396,-0.0804375480946216,0.09382893083618887,100,2
https://comptox.epa.gov/dashboard/chemical/details/DTXSID3020627,Fluconazole,86386-73-4,C13H12F2N6O,306.104065,8,623,1,Inactive,0.000009787050796458824,0.4410473641412185,0.5144736955036158,178.32525487790633,2.25121285342447
https://comptox.epa.gov/dashboard/chemical/details/DTXSID1047526,C10-21 alkanesulfonic acids phenyl esters,91082-17-6,, ,27,618,4,Inactive,6.53288861095422e-9,0.24730899318980143,0.28848142399712146,0.3973835185056144,-0.40079014923047795
https://comptox.epa.gov/dashboard/chemical/details/DTXSID7024320,"1,2,4,5-Tetrachlorobenzene",95-94-3,C6H2Cl4,213.891061,7,606,1,Inactive,-0.000008821446395086296,-0.29099802049240026,0.33944387646091073,100,2
https://comptox.epa.gov/dashboard/chemical/details/DTXSID3026645,p-Cymene,99-87-6,C10H14,134.109550,3,586,1,Inactive,-0.00017168629890990689,-0.1829891281953268,0.21345347614296387,100,2
https://comptox.epa.gov/dashboard/chemical/details/DTXSID0027270,1-Pentadecanol,629-76-5,C15H32O,228.245316,60,595,10,Inactive,0.000001083893250201351,0.41257710724937474,0.4812636607863597,19.842514094229482,1.2975966974591608
https://comptox.epa.gov/dashboard/chemical/details/DTXSID9032537,Didecyldimethylammonium chloride,7173-51-5,C22H48ClN,361.347528,430,693,62,Inactive,-0.0181557114610413,-0.26564047596201323,0.309864763866399,100,2
https://comptox.epa.gov/dashboard/chemical/details/DTXSID3031864,Perfluorooctanesulfonic acid,1763-23-1,C8HF17O3S,499.937494,303,1055,29,Inactive,0,0.5469861741264432,0.6380493826103246,25.800130097253362,1.411621895900315
https://comptox.epa.gov/dashboard/chemical/details/DTXSID4020371,Dapsone,80-08-0,C12H12N2O2S,248.061949,19,604,3,Inactive,6.693969552009169e-7,0.2643874192349213,0.30840309607859145,100,2
https://comptox.epa.gov/dashboard/chemical/details/DTXSID6020480,Dimethoxane,828-00-2,C8H14O4,174.089209,17,584,3,Inactive,0.0000010540994380540221,0.45457270778365944,0.530250761851653,173.17882446026096,2.23849478732171
https://comptox.epa.gov/dashboard/chemical/details/DTXSID3032620,Hexaflumuron,86479-06-3,C16H8Cl2F6N2O3,459.981616,35,615,6,Inactive,0.0000024824678546937327,0.06528502411236525,0.0761537883386531,100.00000000000001,2
https://comptox.epa.gov/dashboard/chemical/details/DTXSID8021800,"N,N-Diethylaniline",91-66-7,C10H15N,149.120449,6,588,1,Inactive,5.737858079391479e-8,0.0864935721250448,0.10089317226762146,100,2
https://comptox.epa.gov/dashboard/chemical/details/DTXSID1021322,Tetraethylthiuram disulfide,97-77-8,C10H20N2S4,296.050933,325,768,42,Inactive,0.000027091966301497764,0.3800840531334562,0.4433611065748283,100,2
https://comptox.epa.gov/dashboard/chemical/details/DTXSID6047527,"Adipic acid, polypropyleneglycol, laurate",66456-53-9,, ,20,597,3,Inactive,0.42795146566893427,1.0805649511940072,1.2604592814083,0.004569978530004091,-2.340085840263334
https://comptox.epa.gov/dashboard/chemical/details/DTXSID7024112,Fomesafen,72178-02-0,C15H10ClF3N2O6S,437.990019,33,607,5,Inactive,-0.00006238097320204278,-0.01857774976256483,0.021670605815995437,100,2
https://comptox.epa.gov/dashboard/chemical/details/DTXSID3029289,"7a-Ethyldihydro-1H,3H,5H-oxazolo(3,4-c)oxazole",7747-35-5,C7H13NO2,143.094629,12,584,2,Inactive,0.000005418382926463833,0.3442328247061482,0.4015413033587825,99.5,1.9978230807457253
https://comptox.epa.gov/dashboard/chemical/details/DTXSID0047533,Tri-n-octyl trimellitate,89-04-3,C33H54O6,546.392039,10,601,2,Inactive,0,0.19003796568880754,0.22167581634748287,0.009240000139317292,-2.034328022231762
https://comptox.epa.gov/dashboard/chemical/details/DTXSID8024105,Fluorene,86-73-7,C13H10,166.078250,19,627,3,Inactive,0.011293025987558453,0.6334711159579757,0.7389324877981774,99.99999999999999,2
https://comptox.epa.gov/dashboard/chemical/details/DTXSID2021026,N-Nitrosodibutylamine,924-16-3,C8H18N2O,158.141913,7,592,1,Inactive,2.0438564094706685e-9,0.058143312732893894,0.06782311244226477,100,2
https://comptox.epa.gov/dashboard/chemical/details/DTXSID3047138,tert-Butylbenzene,98-06-6,C10H14,134.109550,7,602,1,Inactive,2.8669897991171674e-16,0.12711687839464586,0.1482795171351197,0.009140000058137126,-2.0390538015037363
https://comptox.epa.gov/dashboard/chemical/details/DTXSID9047540,3-Hydroxyfluorene,6344-67-8,C13H10O,182.073165,190,662,29,Inactive,0.002480693613456938,0.3341159509441395,0.3897401548780092,99.99999999999999,2
https://comptox.epa.gov/dashboard/chemical/details/DTXSID7020972,Nitrofurantoin,67-20-9,C8H6N4O5,238.033819,103,601,17,Inactive,0,0.12243673182364778,0.14282021163270886,0.00914000005170525,-2.039053801809352
https://comptox.epa.gov/dashboard/chemical/details/DTXSID6020561,Endrin,72-20-8,C12H8Cl6O,377.870631,126,648,19,Inactive,0.00013061572018185542,0.4812396892222259,0.5613573086855499,100,2
https://comptox.epa.gov/dashboard/chemical/details/DTXSID5021754,"5,5-Dimethylhydantoin",77-71-4,C5H8N2O2,128.058578,6,598,1,Inactive,0.0000153430914189307,0.16083923104186038,0.1876160256329543,100.50000000000001,2.002166061756508
https://comptox.epa.gov/dashboard/chemical/details/DTXSID0034695,Mancozeb,8018-01-7,C8H12MnN4S8Zn,538.749952,247,908,27,Inactive,4.1417893105418256e-14,0.19911199779870542,0.23226050908629464,0.004570000007244508,-2.3400837992416923
https://comptox.epa.gov/dashboard/chemical/details/DTXSID5029055,"4-Nonylphenol, branched",84852-15-3,, ,344,796,43,Inactive,4.1161811306875444e-14,0.30940037737560344,0.3609098896862988,0.06683960214564927,-1.1749661438544
https://comptox.epa.gov/dashboard/chemical/details/DTXSID8026193,"1,2,3-Trichlorobenzene",87-61-6,C6H3Cl3,179.930033,4,632,1,Inactive,0.014733570320190027,0.6925692343222716,0.8078693635720325,100,2
https://comptox.epa.gov/dashboard/chemical/details/DTXSID5021126,Phenothiazine,92-84-2,C12H9NS,199.045570,112,669,17,Inactive,0.01103589258673003,0.2956982493473056,0.34492660758074034,100,2
https://comptox.epa.gov/dashboard/chemical/details/DTXSID6021828,Acetophenone,98-86-2,C8H8O,120.057515,6,593,1,Inactive,0.008003780537884244,0.263038001084312,0.30682902445008187,100,2
https://comptox.epa.gov/dashboard/chemical/details/DTXSID6032514,"1,2-Benzenedicarboxaldehyde",643-79-8,C8H6O2,134.036779,135,624,22,Inactive,0.00020449793563539765,0.1669850462481333,0.1947850068311758,100,2
https://comptox.epa.gov/dashboard/chemical/details/DTXSID7029904,Fluorotelomer alcohol 8:2,678-39-7,C10H5F17O,464.006894,186,726,26,Inactive,0,0.15290786525340988,0.17836423228980544,0.0030500000459739484,-2.5157001541069084
https://comptox.epa.gov/dashboard/chemical/details/DTXSID5021419,L-Tryptophan,73-22-3,C11H12N2O2,204.089878,14,583,2,Inactive,-0.000002015736663069616,-0.22153421290835776,0.2584156135189022,100,2
https://comptox.epa.gov/dashboard/chemical/details/DTXSID5024055,Dimethyl sulfate,77-78-1,C2H6O4S,125.998680,7,617,1,Inactive,-1.3276662215748998e-8,-0.03575891829231762,0.04171212512942254,100,2
https://comptox.epa.gov/dashboard/chemical/details/DTXSID9032610,Etofenprox,80844-07-1,C25H28O3,376.203845,67,670,10,Inactive,-0.000028751318744023674,-0.3485415653668231,0.40656737064971943,184.30459395183897,2.2655361605205844
https://comptox.epa.gov/dashboard/chemical/details/DTXSID6024254,Phenanthrene,85-01-8,C14H10,178.078250,49,657,7,Inactive,6.68932168195358e-7,0.11722995951433784,0.13674660682422649,100,2
https://comptox.epa.gov/dashboard/chemical/details/DTXSID2026529,2-tert-Butyl-5-methylphenol,88-60-8,C11H16O,164.120115,119,623,19,Inactive,-0.002063278064310379,-0.325224470936666,0.37936840583276,100,2
https://comptox.epa.gov/dashboard/chemical/details/DTXSID2020137,"4,4′-Diamino-1,1′-biphenyl",92-87-5,C12H12N2,184.100048,59,627,9,Inactive,0.00007087496969096641,0.48261851284759555,0.5629656812633407,19.84251536995002,1.2975967253809437
https://comptox.epa.gov/dashboard/chemical/details/DTXSID3020964,Nitrobenzene,98-95-3,C6H5NO2,123.032028,8,601,1,Inactive,0.0000024268466819445748,0.1351193598747411,0.15761426563379932,100,2
https://comptox.epa.gov/dashboard/chemical/details/DTXSID7024827,Chlorpromazine hydrochloride,69-09-0,C17H20Cl2N2S,354.072425,415,742,56,Inactive,0.0000056802885474287805,0.23176346898033134,0.27034785391183197,11.1,1.0453229787866574
https://comptox.epa.gov/dashboard/chemical/details/DTXSID5020811,Mercuric chloride,7487-94-7,Cl2Hg,271.908348,406,721,56,Inactive,0.000003743134888248669,0.5471897203748629,0.6382868155917785,15.520999386811578,1.1909196817548928
https://comptox.epa.gov/dashboard/chemical/details/DTXSID5023742,Warfarin,81-81-2,C19H16O4,308.104859,36,663,5,Inactive,-3.4141928323436003e-7,-0.46464689754751803,0.5420021202281141,0.010283930847844711,-1.9878408523423263
https://comptox.epa.gov/dashboard/chemical/details/DTXSID7041097,1-(2-Chlorophenyl)-N-methyl-N-(1-methylpropyl)-3-isoquinolinecarboxamide,85532-75-8,C21H21ClN2O,352.134241,133,642,21,Inactive,2.333452813737699e-7,0.31303485446446666,0.36514944083466927,63.00000000000001,1.7993405494535817
https://comptox.epa.gov/dashboard/chemical/details/DTXSID3020207,Dinoseb,88-85-7,C10H12N2O5,240.074621,255,626,41,Inactive,0.020865146705555032,0.7782942634370321,0.9078660444539174,100,2
https://comptox.epa.gov/dashboard/chemical/details/DTXSID0021254,Safrole,94-59-7,C10H10O2,162.068080,9,601,1,Inactive,2.973482063132571e-9,0.11085790081035478,0.12931371671776962,100,2
https://comptox.epa.gov/dashboard/chemical/details/DTXSID8026640,"1,3-Diisopropylbenzene",99-62-7,C12H18,162.140851,4,587,1,Inactive,-0.0024202586747750074,-0.2476769151799885,0.28891059827938287,100,2
https://comptox.epa.gov/dashboard/chemical/details/DTXSID5024845,Colchicine,64-86-8,C22H25NO6,399.168188,216,689,31,Inactive,4.869579334987384e-9,0.30179400877566226,0.352037199628182,0.0772001575369069,-1.1123818134292955
https://comptox.epa.gov/dashboard/chemical/details/DTXSID2020428,Dichloroacetic acid,79-43-6,C2H2Cl2O2,127.943185,3,605,0,Inactive,8.184638992130791e-11,0.07962793777987845,0.09288453518980568,100,2
https://comptox.epa.gov/dashboard/chemical/details/DTXSID7021992,Sodium saccharin hydrate,82385-42-0,C7H6NNaO4S,222.991523,4,640,1,Inactive,0.0000010733369633633662,0.19975637178686323,0.23301215957539678,95.5,1.9800033715837464
https://comptox.epa.gov/dashboard/chemical/details/DTXSID3020205,Benzyl butyl phthalate,85-68-7,C19H20O4,312.136159,107,769,14,Inactive,-0.00000919072118759699,-0.08172752051307017,0.09533366010377946,100,2
https://comptox.epa.gov/dashboard/chemical/details/DTXSID8023977,2-Chlorotoluene,95-49-8,C7H7Cl,126.023628,4,582,1,Inactive,-4.5151868948651995e-10,-0.368306287920142,0.42962255854866305,2.155780602733045,0.3336045599141574
https://comptox.epa.gov/dashboard/chemical/details/DTXSID9024065,"1,3-Dinitrobenzene",99-65-0,C6H4N2O4,168.017107,19,621,3,Inactive,-0.000007773758971834577,-0.011139063240006415,0.012993513838798628,103.5,2.0149403497929366
https://comptox.epa.gov/dashboard/chemical/details/DTXSID0034229,gamma-Nonanolactone,104-61-0,C9H16O2,156.115030,2,360,1,Inactive,-1.0396957929702407e-9,-0.18453307896510374,0.21525446651901892,1.6232684601705287,0.21039035046646862
https://comptox.epa.gov/dashboard/chemical/details/DTXSID4020616,"1,8-Cineol",470-82-6,C10H18O,154.135765,1,358,0,Inactive,-0.000016794966517645176,-0.28594857603282026,0.33355379171588867,100,2
https://comptox.epa.gov/dashboard/chemical/details/DTXSID0029262,"2,6-Di-tert-butyl-4-ethylphenol",4130-42-1,C16H26O,234.198365,53,374,14,Inactive,0.033706659424976214,0.45478455668166284,0.5304978797222164,100,2
https://comptox.epa.gov/dashboard/chemical/details/DTXSID4047127,4-(tert-Pentyl)-cyclohexanone,16587-71-6,C11H20O,168.151415,9,360,2,Inactive,0.00037226501730115637,0.09829929449388297,0.11466433180512893,100,2
https://comptox.epa.gov/dashboard/chemical/details/DTXSID1025726,2-Nitrobenzenamine,88-74-4,C6H6N2O2,138.042927,5,368,1,Inactive,-4.329706915272493e-8,-0.02863027185118626,0.03339668924500524,100,2
https://comptox.epa.gov/dashboard/chemical/details/DTXSID2021781,"Dibutyl 1,2-benzenedicarboxylate",84-74-2,C16H22O4,278.151809,102,826,12,Inactive,-1.0214736830807237e-18,-0.23216500795338524,0.2708162417906667,0.19620264349362937,-0.7072951455444387
https://comptox.epa.gov/dashboard/chemical/details/DTXSID0026258,Tris(2-chloroethyl) phosphite,140-08-9,C6H12Cl3O3P,267.958964,1,357,0,Inactive,-0.000007665252599516796,-0.01884210656721498,0.021978973200720005,100,2
https://comptox.epa.gov/dashboard/chemical/details/DTXSID7041962,Ethyltriethoxysilane,78-07-9,C8H20O3Si,192.118171,9,357,3,Inactive,-7.170517642894289e-9,-0.28759336755649223,0.3354724109897261,177.35005990081962,2.248831339492997
https://comptox.epa.gov/dashboard/chemical/details/DTXSID4022361,Vinclozolin,50471-44-8,C12H9Cl2NO3,284.995949,112,836,13,Inactive,-4.923697478029404e-17,-0.277914400889967,0.32418207313841735,23.89962226844028,1.3783910370138952
https://comptox.epa.gov/dashboard/chemical/details/DTXSID7041708,"C.I. Acid Orange 24, monosodium salt",1320-07-6,C20H17N4NaO5S, ,47,368,13,Inactive,-6.804348305078749e-16,-0.14194259709728624,0.16557344724236833,0.15454000872891688,-0.8109590675606398
https://comptox.epa.gov/dashboard/chemical/details/DTXSID4041232,"1,3,5-Triisopropylbenzene",717-74-8,C15H24,204.187801,33,361,9,Inactive,2.8658117030288606e-15,0.4225348945974024,0.49287923787059007,0.07327214169370376,-1.1350611141500369
https://comptox.epa.gov/dashboard/chemical/details/DTXSID9026841,Dihexyl hexanedioate,110-33-8,C18H34O4,314.245710,6,467,1,Inactive,-0.000019610114640194775,-0.07164305174664597,0.08357031145854904,100,2
https://comptox.epa.gov/dashboard/chemical/details/DTXSID1044693,Magnesium dibenzoate,553-70-8,C14H10MgO4,266.042951,0,356,0,Inactive,0.0000055511394248125426,0.2103433396255703,0.2453616642113968,100,2
https://comptox.epa.gov/dashboard/chemical/details/DTXSID8021199,Pebulate,1114-71-2,C10H21NOS,203.134385,20,369,5,Inactive,0.00035766268362745973,0.2929081636238429,0.34167202353914494,100,2
https://comptox.epa.gov/dashboard/chemical/details/DTXSID0027222,Terpinolene,586-62-9,C10H16,136.125201,11,363,3,Inactive,0.04266748209014405,0.671186198147637,0.782926442388789,100,2
https://comptox.epa.gov/dashboard/chemical/details/DTXSID6044303,Atorvastatin calcium,134523-03-8,C66H68CaF2N4O10,1154.452942,100,434,23,Inactive,0.00042354216672469704,0.36808269863828746,0.42936174573474983,45,1.6532125137753437
https://comptox.epa.gov/dashboard/chemical/details/DTXSID8022113,"3,4-Dichloro-1-butene",760-23-6,C4H6Cl2,123.984656,24,469,5,Inactive,7.252834432067544e-7,0.43365088354118164,0.5058458359642414,180.7960553150562,2.2571889506216842
https://comptox.epa.gov/dashboard/chemical/details/DTXSID1020352,Cupferron,135-20-6,C6H9N3O2,155.069477,27,367,7,Inactive,-0.000020429187075334692,-0.17900707299976312,0.20880848148088246,100,2
https://comptox.epa.gov/dashboard/chemical/details/DTXSID5024263,Phosphoric acid,7664-38-2,H3O4P,97.976896,5,363,1,Inactive,4.786513777489525e-7,0.04503625086095997,0.05253396414052076,100,2
https://comptox.epa.gov/dashboard/chemical/details/DTXSID6041424,"2,6-Dimethyl-2-heptanol",13254-34-7,C9H20O,144.151415,0,474,0,Inactive,0.00027647046448876143,0.21603635723570508,0.25200246528308257,100,2
https://comptox.epa.gov/dashboard/chemical/details/DTXSID5027304,Dimethyltin dichloride,753-73-1,C2H6Cl2Sn,219.886858,54,356,15,Inactive,-3.7742426841733164e-16,-0.3558415427255147,0.4150826609204856,26.0745348542797,1.416216569753547
https://comptox.epa.gov/dashboard/chemical/details/DTXSID9021477,Sodium tetrafluoroborate,13755-29-8,BF4Na,109.992687,3,357,1,Inactive,1.7617668833430027e-10,0.30525837672724676,0.35607832157458885,0.21140937461994927,-0.674875758488177
https://comptox.epa.gov/dashboard/chemical/details/DTXSID2027963,Isooctadecanoic acid,30399-84-9,, ,22,372,6,Inactive,-2.991964550398231e-8,-0.28218461821142604,0.32916320365770363,183.63473176161077,2.2639548249364965
https://comptox.epa.gov/dashboard/chemical/details/DTXSID8026141,Thioglycolic acid,68-11-1,C2H4O2S,91.993201,2,359,1,Inactive,-2.409741388851998e-7,-0.14839019908443268,0.17309445720900218,100,2
https://comptox.epa.gov/dashboard/chemical/details/DTXSID7021863,Diethyl malonate,105-53-3,C7H12O4,160.073559,2,364,1,Inactive,0.0000032290550297178286,0.1793778054919198,0.20924093416236375,103,2.012837224705172
https://comptox.epa.gov/dashboard/chemical/details/DTXSID1041421,"5,7-Dimethoxy-2H-chromen-2-one",487-06-9,C11H10O4,206.057909,17,370,5,Inactive,-3.4190647642222103e-15,-0.18518964422721643,0.21602033790654243,0.13168663922283788,-0.8804582858289802
https://comptox.epa.gov/dashboard/chemical/details/DTXSID8027036,Neopentyl glycol,126-30-7,C5H12O2,104.083730,7,475,1,Inactive,-0.00267908909483119,-0.21116532227436882,0.2463204919595019,100,2
https://comptox.epa.gov/dashboard/chemical/details/DTXSID8027292,Dibutyltin dichloride,683-18-1,C8H18Cl2Sn,303.980758,203,389,52,Inactive,-0.010339297691724047,-0.36846445710779735,0.4298070600174482,1.235,0.09166695759568456
https://comptox.epa.gov/dashboard/chemical/details/DTXSID5022439,Phenolphthalin,81-90-3,C20H16O4,320.104859,33,642,5,Inactive,-0.00001203689983353614,-0.24623026645169732,0.2872231089577116,100,2
https://comptox.epa.gov/dashboard/chemical/details/DTXSID4027072,Sodium phenolate,139-02-6,C6H5NaO,116.023809,4,366,1,Inactive,0.000037983895370431096,0.00869638658155057,0.010144176126865669,100,2
https://comptox.epa.gov/dashboard/chemical/details/DTXSID1032511,"1,3,5-Triethylhexahydro-s-triazine",7779-27-3,C9H21N3,171.173548,26,476,5,Inactive,0.001644569323859603,0.16047742800357845,0.18719398899634096,97,1.9867717342662448
https://comptox.epa.gov/dashboard/chemical/details/DTXSID9048196,4-tert-Butylbenzenethiol,2396-68-1,C10H14S,166.081622,20,389,5,Inactive,0.000002795480529289185,0.36243207169849134,0.42277039260584104,100.00000000000001,2
https://comptox.epa.gov/dashboard/chemical/details/DTXSID7032688,Phenothrin,26002-80-2,C23H26O3,350.188195,50,482,10,Inactive,7.217931199222173e-10,0.367037601473827,0.42814265897882453,5.97374045853493,0.7762463498592227
https://comptox.epa.gov/dashboard/chemical/details/DTXSID3020625,Finasteride,98319-26-7,C23H36N2O2,372.277678,44,447,10,Inactive,0.00005303094769112595,0.12854178435077945,0.1499416439101534,100,2
https://comptox.epa.gov/dashboard/chemical/details/DTXSID9044825,3-tert-Butylphenol,585-34-2,C10H14O,150.104465,21,480,4,Inactive,-0.00026128038254190247,-0.5206201890010875,0.6072939424787476,0.2242345267748305,-0.6492975155889158
https://comptox.epa.gov/dashboard/chemical/details/DTXSID6034764,Nicosulfuron,111991-09-4,C15H18N6O6S,410.100853,5,465,1,Inactive,0.000009169143453817152,0.3347317264214292,0.3904584457264731,100,2
https://comptox.epa.gov/dashboard/chemical/details/DTXSID2041208,Decyl beta-D-glucopyranoside,58846-77-8,C16H32O6,320.219889,18,356,5,Inactive,0.04473213198954625,0.5034869800901766,0.5873083671848218,100,2
https://comptox.epa.gov/dashboard/chemical/details/DTXSID7035010,Sodium warfarin,129-06-6,C19H15NaO4,330.086803,8,365,2,Inactive,1.6638996086850063e-8,0.42207687024989693,0.49234496083403956,0.23560772987849027,-0.6278104652070746
https://comptox.epa.gov/dashboard/chemical/details/DTXSID7026368,Salicylic acid,69-72-7,C7H6O3,138.031694,7,376,2,Inactive,0.27552149025551537,0.8411498572191436,0.98118594668057,0.9685217073479171,-0.01389064105145889
https://comptox.epa.gov/dashboard/chemical/details/DTXSID7026946,Linalyl acetate,115-95-7,C12H20O2,196.146330,46,472,10,Inactive,0.010536000065026446,0.39532756609240605,0.461142386051962,3.530983167046367,0.5478956471931447
https://comptox.epa.gov/dashboard/chemical/details/DTXSID6020511,"3,3'-Dimethylbenzidine dihydrochloride",612-82-8,C14H18Cl2N2,284.084704,79,401,20,Inactive,0.015916646421645465,0.6149222147329547,0.7172955332743713,0.5590395688246333,-0.2525574516591598
https://comptox.epa.gov/dashboard/chemical/details/DTXSID7027833,2-Ethyl-6-methylaniline,24549-06-2,C9H13N,135.104799,9,356,3,Inactive,0.037772329661474646,0.5562057910243036,0.6488038973455064,2.104424008685804,0.3231332478772047
https://comptox.epa.gov/dashboard/chemical/details/DTXSID1027184,Decamethylcyclopentasiloxane,541-02-6,C10H30O5Si5,370.093957,4,356,1,Inactive,-0.007146681534673755,-0.3211587521621008,0.37462581913370596,100,2
https://comptox.epa.gov/dashboard/chemical/details/DTXSID1021031,4-Nitrosodiphenylamine,156-10-5,C12H10N2O,198.079313,184,374,49,Inactive,7.391626214736439e-7,0.43728281881949105,0.5100824221370214,5.0264233573102555,0.7012590648376351
https://comptox.epa.gov/dashboard/chemical/details/DTXSID1020190,C.I. Acid Blue 74,860-22-0,C16H8N2Na2O8S2,465.951746,18,363,5,Inactive,-0.00045850241500007967,-0.4895459315045976,0.5710463886125572,178.6571899285557,2.252020498755441
https://comptox.epa.gov/dashboard/chemical/details/DTXSID5038888,Basic Blue 7,2390-60-5,C33H40ClN3,513.291076,321,507,63,Inactive,-0.02139998761282167,-0.46038275754621816,0.5370280787918046,3.685,0.5664374921950703
https://comptox.epa.gov/dashboard/chemical/details/DTXSID0021175,Polysorbate 80,9005-65-6,, ,14,356,4,Inactive,0.6881951726317012,0.918411551706827,1.0713103022842974,12.640037761239107,1.1017483713730496
https://comptox.epa.gov/dashboard/chemical/details/DTXSID5022934,Digoxin,20830-75-5,C41H64O14,780.429607,107,370,29,Inactive,0.00013978170213744013,0.259154297412291,0.3022987550440372,0.6107738434006798,-0.21411957002751472
https://comptox.epa.gov/dashboard/chemical/details/DTXSID3038696,Ethyl benzoate,93-89-0,C9H10O2,150.068080,10,356,3,Inactive,0.000029809127155253407,0.4936228099642881,0.5758019928805026,0.7139997553526753,-0.14630193703195069
https://comptox.epa.gov/dashboard/chemical/details/DTXSID5021914,5-Methyl-2-hexanone,110-12-3,C7H14O,114.104465,19,366,5,Inactive,0.000002617017498236235,0.08071305496784678,0.09415030457227457,100,2
https://comptox.epa.gov/dashboard/chemical/details/DTXSID8042187,"N,N'-Dibutylthiourea",109-46-6,C9H20N2S,188.134720,43,361,12,Inactive,0.000007744638682676522,0.3823838874710048,0.44604382132812603,180.48471606559227,2.2564404305662333
https://comptox.epa.gov/dashboard/chemical/details/DTXSID1032303,(Z)-11-Hexadecenal,53939-28-9,C16H30O,238.229666,6,356,2,Inactive,0.0000029271610372741296,0.10188306264807495,0.1188447319072934,100,2
https://comptox.epa.gov/dashboard/chemical/details/DTXSID4026501,alpha-Pinene,80-56-8,C10H16,136.125201,2,355,1,Inactive,1.2302276773161087e-15,0.33886373829537736,0.3952783621152587,23.65454269520087,1.3739145564061197
https://comptox.epa.gov/dashboard/chemical/details/DTXSID2042062,Isobornyl propanoate,2756-56-1,C13H22O2,210.161980,0,360,0,Inactive,-0.0000018687372134634128,-0.04105688245730997,0.04789210357213831,98.5,1.9934362304976116
https://comptox.epa.gov/dashboard/chemical/details/DTXSID5025023,Dicyclopentadiene,77-73-6,C10H12,132.093900,5,475,1,Inactive,0.00006396609915108174,0.009448753362721362,0.011021798236764871,98.5,1.9934362304976116
https://comptox.epa.gov/dashboard/chemical/details/DTXSID7029164,"Sodium 1,4-diisobutyl sulfosuccinate",127-39-9,C12H21NaO7S,332.090568,5,355,1,Inactive,-0.00009380733538841712,-0.37589610862474476,0.4384759457890788,100,2
https://comptox.epa.gov/dashboard/chemical/details/DTXSID3047712,Cornmint oil,68917-18-0,, ,9,354,3,Inactive,0.0000059351988361160706,0.07958465670591972,0.09283404860746713,50,1.6989700043360187
https://comptox.epa.gov/dashboard/chemical/details/DTXSID2029290,(-)-alpha-Pinene,7785-26-4,C10H16,136.125201,8,354,2,Inactive,4.816185925563102e-8,0.2809235539321983,0.3276921952065701,100,2
https://comptox.epa.gov/dashboard/chemical/details/DTXSID3020093,p-Anisidinium chloride,20265-97-8,C7H10ClNO,159.045092,22,374,6,Inactive,1.2885146376559924e-10,0.33120457999248265,0.38634409383273527,0.1890839414130632,-0.7233453535020634
https://comptox.epa.gov/dashboard/chemical/details/DTXSID8021062,N-Nitrosopyrrolidine,930-55-2,C4H8N2O,100.063663,14,361,4,Inactive,0.0021110596444160494,0.44490330178185544,0.5189715763411369,1.837161691623278,0.2641473809598648
https://comptox.epa.gov/dashboard/chemical/details/DTXSID0029210,Butyltin trichloride,1118-46-3,C4H9Cl3Sn,281.879185,7,358,2,Inactive,-2.434705106974116e-9,-0.26788816255032766,0.31248664922257985,47.5398549010723,1.6770578518608237
https://comptox.epa.gov/dashboard/chemical/details/DTXSID2041250,"1,4-Bis(N-isopropylamino)anthraquinone",14233-37-5,C20H22N2O2,322.168128,53,363,15,Inactive,-2.379062096319934e-12,-0.3076800309115791,0.3589031369543863,12.456886470411973,1.095409506392872
https://comptox.epa.gov/dashboard/chemical/details/DTXSID8040775,Terpineol,8000-41-7,, ,4,356,1,Inactive,-9.617786574216266e-8,-0.19855544010222728,0.23161129469766403,100,2
https://comptox.epa.gov/dashboard/chemical/details/DTXSID3036496,Levonorgestrel,797-63-7,C21H28O2,312.208930,85,671,13,Active,0.9999970278005719,2.1173704951277372,2.4698740134175154,0.09865843208851414,-1.0058657907664097
https://comptox.epa.gov/dashboard/chemical/details/DTXSID9021897,3-Methylpyridine,108-99-6,C6H7N,93.057849,7,466,2,Inactive,0.0003496451642063726,0.3629355762222666,0.42335772143741407,100,2
https://comptox.epa.gov/dashboard/chemical/details/DTXSID4020379,Dehydroepiandrosterone,53-43-0,C19H28O2,288.208930,77,423,18,Inactive,0.0016499163177131993,0.27413413075368404,0.3197724570628234,100,2
https://comptox.epa.gov/dashboard/chemical/details/DTXSID6025220,1-Dodecanethiol,112-55-0,C12H26S,202.175522,83,467,18,Inactive,0.00045863459829229453,0.3204142448266309,0.37375736492368117,100,2
https://comptox.epa.gov/dashboard/chemical/details/DTXSID5026251,Triphenylphosphine,603-35-0,C18H15P,262.091137,40,361,11,Inactive,0.0004334169479554904,0.35397697297904424,0.41290767436352305,100,2
https://comptox.epa.gov/dashboard/chemical/details/DTXSID8026698,"4,4'-Dithiodimorpholine",103-34-4,C8H16N2O2S2,236.065320,70,366,19,Inactive,0.0006565620813814526,0.277041010727369,0.3231632794643111,99.99999999999999,2
https://comptox.epa.gov/dashboard/chemical/details/DTXSID3032389,Farnesol,4602-84-0,C15H26O,222.198365,62,382,16,Inactive,0.02663360119901336,0.6160977608670397,0.7186667863709981,100,2
https://comptox.epa.gov/dashboard/chemical/details/DTXSID4048199,4-Butyloxyaniline,4344-55-2,C10H15NO,165.115364,15,358,4,Inactive,-0.001271603072914558,-0.10805235724922133,0.1260411013908349,100,2
https://comptox.epa.gov/dashboard/chemical/details/DTXSID1027899,Ammonium xylene sulfonate,26447-10-9,C8H13NO3S, ,1,360,0,Inactive,0.000005208091403939939,0.28908914978416933,0.33721721364111495,0.00914000034396315,-2.039053787922482
https://comptox.epa.gov/dashboard/chemical/details/DTXSID0048189,Lauryl gallate,1166-52-5,C19H30O5,338.209324,191,376,51,Inactive,-0.002469051438913404,-0.30917097923986003,0.36064230095041017,33.35,1.523095838252568
https://comptox.epa.gov/dashboard/chemical/details/DTXSID7027461,Thiocarbazide,2231-57-4,CH6N4S,106.031317,50,395,13,Inactive,-7.144953774797381e-17,-0.30198697117536955,0.3522622867434036,24.27370579273335,1.3851360838093725
https://comptox.epa.gov/dashboard/chemical/details/DTXSID7025217,(2-Dodecenyl)succinic anhydride,19780-11-1,C16H26O3,266.188195,27,372,7,Inactive,-0.014068056401400172,-0.5780650396559219,0.6743023116628408,5.434517877449986,0.7351610217524885
https://comptox.epa.gov/dashboard/chemical/details/DTXSID9027863,Polypropylene glycol,25322-69-4,(C3H6O)nH2O, ,2,358,1,Inactive,-0.0004244875695221743,-0.3850698005601403,0.44917688989426446,0.7352579044993394,-0.13356029784844506
https://comptox.epa.gov/dashboard/chemical/details/DTXSID0038700,2-Methoxy-4-nitroaniline,97-52-9,C7H8N2O3,168.053492,36,381,9,Inactive,-0.0007000188420851758,-0.49882807375471616,0.5818738380292591,3.339348465950597,0.5236617406905161
https://comptox.epa.gov/dashboard/chemical/details/DTXSID4022446,"2,2′-Methylenebis[phenol]",2467-02-9,C13H12O2,200.083730,93,516,18,Inactive,-6.5431135017715704e-12,-0.4433193433014957,0.5171239177013405,23.704369474187008,1.3748284077662103
https://comptox.epa.gov/dashboard/chemical/details/DTXSID4027525,Potassium 2-ethylhexanoate,3164-85-0,C8H15KO2,182.070911,3,365,1,Inactive,-1.0149394225491464e-13,-0.3187692191104871,0.37183847246860235,0.2774889472732816,-0.5567543106811976
https://comptox.epa.gov/dashboard/chemical/details/DTXSID6024200,m-Cresol,108-39-4,C7H8O,108.057515,3,371,1,Inactive,0.00004620465394962356,0.39669146430081004,0.46273334840344243,100,2
https://comptox.epa.gov/dashboard/chemical/details/DTXSID2034700,"Acetic acid, 2-(4-chloro-2-methylphenoxy)-, sodium salt (1:1)",3653-48-3,C9H8ClNaO3,222.005966,3,360,1,Inactive,1.73588759052984e-8,0.10157161919505667,0.11848143880718223,100,2
https://comptox.epa.gov/dashboard/chemical/details/DTXSID9032533,Chlorfenapyr,122453-73-0,C15H11BrClF3N2O,405.969538,238,435,55,Inactive,5.706236425571964e-12,0.3869370995559177,0.45135506007069975,26.7675537302566,1.4276086831034278
https://comptox.epa.gov/dashboard/chemical/details/DTXSID9022100,4-Propylphenol,645-56-7,C9H12O,136.088815,17,378,4,Inactive,8.18609490429313e-9,0.12323614187752753,0.14375270886108038,100,2
https://comptox.epa.gov/dashboard/chemical/details/DTXSID1024598,Benzyl salicylate,118-58-1,C14H12O3,228.078644,42,377,11,Inactive,1.6176712429830265e-8,0.35667407727727285,0.41605379727068564,100,2
https://comptox.epa.gov/dashboard/chemical/details/DTXSID5037494,Desethylatrazine,6190-65-4,C6H10ClN5,187.062473,3,372,1,Inactive,1.3276166440931986e-7,0.41191505156296787,0.48049138491916765,100,2
https://comptox.epa.gov/dashboard/chemical/details/DTXSID4027868,tert-Nonanethiol,25360-10-5,, ,6,360,2,Inactive,-0.19122442528666098,-0.6668037420532142,0.7778143873906366,0.048358338130277324,-1.315528632402904
https://comptox.epa.gov/dashboard/chemical/details/DTXSID7024031,"(E)-1,2-Dichloroethylene",156-60-5,C2H2Cl2,95.953356,3,360,1,Inactive,0.00006520488498978101,0.014819860011608172,0.01728709605115576,100,2
https://comptox.epa.gov/dashboard/chemical/details/DTXSID4040711,Ethyl 2-methylbenzoate,87-24-1,C10H12O2,164.083730,13,355,4,Inactive,-0.3973730111473439,-0.9213938694714976,1.0747891214912633,2.7566431713729806,0.4403805532900005
https://comptox.epa.gov/dashboard/chemical/details/DTXSID3022536,4-Cumylphenol,599-64-4,C15H16O,212.120115,297,724,41,Inactive,-0.000002464317802137337,-0.3108261859742343,0.36257306937732076,0.003050000006514394,-2.515700159725619
https://comptox.epa.gov/dashboard/chemical/details/DTXSID9026342,2-Phenylethanol,60-12-8,C8H10O,122.073165,1,358,0,Inactive,-0.0011833592388091469,-0.04820589103442728,0.05623129151631325,100,2
https://comptox.epa.gov/dashboard/chemical/details/DTXSID3029653,Ammonium isothiocyanate,1762-95-4,CH4N2S,76.009519,5,375,1,Inactive,-0.008349018161777862,-0.12117040549794694,0.14134306510046424,77.5,1.8893017025063104
https://comptox.epa.gov/dashboard/chemical/details/DTXSID6021793,1-Naphthol,90-15-3,C10H8O,144.057515,57,503,11,Inactive,8.549965843747922e-8,0.1745719637101133,0.20363500749209343,100,2
https://comptox.epa.gov/dashboard/chemical/details/DTXSID0029761,Sodium dichloroisocyanurate dihydrate,51580-86-0,C3H4Cl2N3NaO5,254.942570,2,358,1,Inactive,6.358481893878427e-20,0.18440555122279645,0.21510570773663323,0.5406855368510639,-0.26705524749444
https://comptox.epa.gov/dashboard/chemical/details/DTXSID1027429,Cyclododecanol,1724-39-6,C12H24O,184.182715,34,361,9,Inactive,4.573359068194443e-15,0.2290750890570421,0.26721190782870446,8.442565800149263,0.9264744541496608
https://comptox.epa.gov/dashboard/chemical/details/DTXSID2025135,"1,3-Dimethyl-4-nitrobenzene",89-87-2,C8H9NO2,151.063329,15,355,4,Inactive,-3.860140243353495e-8,-0.12285917910570016,0.14331298867214573,100,2
https://comptox.epa.gov/dashboard/chemical/details/DTXSID5023322,Mifepristone,84371-65-3,C29H35NO2,429.266779,363,736,49,Inactive,3.041510560409626e-12,0.24922169122058513,0.2907125513187774,16.079609860589258,1.2062755072576596
https://comptox.epa.gov/dashboard/chemical/details/DTXSID5021413,"Tris(2,3-dibromopropyl) phosphate",126-72-7,C9H15Br6O4P,691.580824,142,487,29,Inactive,1.405205889901484e-13,0.13532625912137236,0.1578556098264317,0.16816227542925247,-0.7742714247715746
https://comptox.epa.gov/dashboard/chemical/details/DTXSID9047708,Igepal CO-890,NOCAS_47708,, ,10,360,3,Inactive,0.00004984898599005907,0.07895793548669328,0.09210298975093416,49.99999999999999,1.6989700043360187
https://comptox.epa.gov/dashboard/chemical/details/DTXSID9029146,4-Methylmorpholine,109-02-4,C5H11NO,101.084064,4,359,1,Inactive,0.4030195340462125,0.9627557648178906,1.1230370170281225,180.57784747857954,2.2566644718473468
https://comptox.epa.gov/dashboard/chemical/details/DTXSID3020091,Aniline hydrochloride,142-04-1,C6H8ClN,129.034527,12,367,3,Inactive,-0.0005156562421111599,-0.03378492510708693,0.03940949812952641,100.00000000000001,2
https://comptox.epa.gov/dashboard/chemical/details/DTXSID1024124,Thifensulfuron methyl,79277-27-3,C12H13N5O6S2,387.030726,2,469,0,Inactive,-0.02458978070264139,-0.5519390646689657,0.6438268389744456,2.090585218545625,0.3202678753974558
https://comptox.epa.gov/dashboard/chemical/details/DTXSID8033562,Hydroxyflutamide,52806-53-8,C11H11F3N2O4,292.067091,130,676,19,Inactive,7.002929011812934e-10,0.3018149487006796,0.3520616256682927,38.16839114260384,1.5817038541430957
https://comptox.epa.gov/dashboard/chemical/details/DTXSID1041970,Fenchol,1632-73-1,C10H18O,154.135765,12,362,3,Inactive,0.00003112154480071298,0.42064897889420116,0.4906793516449384,100,2
https://comptox.epa.gov/dashboard/chemical/details/DTXSID9020114,Auramine hydrochloride,2465-27-2,C17H22ClN3,303.150225,155,408,38,Inactive,-4.851921612785681e-16,-0.17731291739102734,0.20683227990334532,0.002681294559842982,-2.571655472967008
https://comptox.epa.gov/dashboard/chemical/details/DTXSID6027345,Triphenylborane,960-71-4,C18H15B,242.126680,75,409,18,Inactive,0.0000012900943221910784,0.16008013072275373,0.1867305489740263,99.99999999999999,2
https://comptox.epa.gov/dashboard/chemical/details/DTXSID1040372,Epoxiconazole,133855-98-8,C17H13ClFN3O,329.073118,78,391,20,Inactive,1.3544260966165223e-10,0.48219583758280815,0.562472638286207,172.24413864148616,2.2361444520660476
https://comptox.epa.gov/dashboard/chemical/details/DTXSID1042154,Methyl red,493-52-7,C15H15N3O2,269.116427,108,366,30,Inactive,-0.04080140116619141,-0.6139492364629797,0.7161605718917692,5.394638702286836,0.7319623637812234
https://comptox.epa.gov/dashboard/chemical/details/DTXSID1041188,1-Phenyl-2-nitropropene,705-60-2,C9H9NO2,163.063329,126,371,34,Inactive,-0.24878524012011669,-0.821295207424408,0.9580258602968384,1.514357806959591,0.18022850081053665
https://comptox.epa.gov/dashboard/chemical/details/DTXSID9044902,Calcium neodecanoate,27253-33-4,, ,19,354,5,Inactive,-0.09401623378962759,-0.7221784383295056,0.842407959299009,100,2
https://comptox.epa.gov/dashboard/chemical/details/DTXSID2025395,Hexamethyldisilazane,999-97-3,C6H19NSi2,161.105603,4,363,1,Inactive,0,-0.2963989241478151,0.3457439319392393,24.41282135698751,1.3876179731478442
https://comptox.epa.gov/dashboard/chemical/details/DTXSID1033161,Aldicarb sulfoxide,1646-87-3,C7H14N2O3S,206.072513,13,368,4,Inactive,-0.04260573994757828,-0.43883975174279277,0.5118985559580724,99.5,1.9978230807457253
https://comptox.epa.gov/dashboard/chemical/details/DTXSID5025021,Dicyclohexyl phthalate,84-61-7,C20H26O4,330.183109,170,497,34,Inactive,0.00001901957699187193,0.5580335965111574,0.650935999065045,104.50000000000001,2.019116290447073
https://comptox.epa.gov/dashboard/chemical/details/DTXSID7022411,"4,4'-Methylenebis(2,6-di-t-butylphenol)",118-82-1,C29H44O2,424.334131,10,367,3,Inactive,1.624472508966676e-8,0.15086378719788995,0.17597985256866405,100,2
https://comptox.epa.gov/dashboard/chemical/details/DTXSID0041721,C.I. Acid Yellow 3 disodium salt,8004-92-0,, ,53,375,14,Inactive,9.861763994911796e-7,0.32773513556962647,0.38229705027530064,106.50000000000001,2.027349607774757
https://comptox.epa.gov/dashboard/chemical/details/DTXSID4041521,4-Morpholinepropanamine,123-00-2,C7H16N2O,144.126263,2,359,1,Inactive,-8.386592278217002e-15,-0.48618167818361196,0.5671220485543688,25.068340211884724,1.3991255800418798
https://comptox.epa.gov/dashboard/chemical/details/DTXSID3040776,Morin hydrate,654055-01-3,C15H14O9,338.063782,44,378,12,Inactive,0.0018033223082099196,0.24027292584435606,0.2802739799370668,95,1.9777236052888478
https://comptox.epa.gov/dashboard/chemical/details/DTXSID0048187,1-Methoxy-4-tert-pentylcyclohexane,199584-38-8,C12H24O,184.182715,7,356,2,Inactive,-0.0006932512897836216,-0.22964010382788497,0.2678709872401316,100,2
https://comptox.epa.gov/dashboard/chemical/details/DTXSID3038808,"1,3,5,7-Tetramethyl-1,3,5,7-tetravinylcyclotetrasiloxane",2554-06-5,C12H24O4Si4,344.075165,30,373,8,Inactive,-2.6371185050212625e-13,-0.4904553561161848,0.5721072158133188,2.4435926934815697,0.38802881789008314
https://comptox.epa.gov/dashboard/chemical/details/DTXSID3020043,Allantoin,97-59-6,C4H6N4O3,158.043990,1,366,0,Inactive,-2.519827059378675e-9,-0.4317195595781116,0.5035929818327354,0.832832783819721,-0.07944218749395848
https://comptox.epa.gov/dashboard/chemical/details/DTXSID0041981,2-Fluoroacetic acid,144-49-0,C2H3FO2,78.011707,3,363,1,Inactive,0.004079450698929609,0.3368034130900789,0.39287503039061933,99.99999999999999,2
https://comptox.epa.gov/dashboard/chemical/details/DTXSID8029650,Menthol,1490-04-6,C10H20O,156.151415,3,360,1,Inactive,0,-0.09246711475760934,0.10786120065479454,0.009140000786510581,-2.039053766894485
https://comptox.epa.gov/dashboard/chemical/details/DTXSID9024691,Butyl glycidyl ether,2426-08-6,C7H14O2,130.099380,18,369,5,Inactive,6.20080986617558e-7,0.1420179812288402,0.16566138145509948,100,2
https://comptox.epa.gov/dashboard/chemical/details/DTXSID8024072,Diphenamid,957-51-7,C16H17NO,239.131014,10,366,3,Inactive,-1.0990945021138282e-17,-0.23534910404141127,0.2745304317267862,0.017557372218669324,-1.7555404836651283
https://comptox.epa.gov/dashboard/chemical/details/DTXSID0027014,2-Octanol,123-96-6,C8H18O,130.135765,8,372,2,Inactive,2.5328537838146658e-8,0.0938002916827194,0.10941632719036977,100,2
https://comptox.epa.gov/dashboard/chemical/details/DTXSID5044815,Dibutyl azelate,2917-73-9,C17H32O4,300.230060,7,472,1,Inactive,-0.000003896676668204702,-0.4479143382069895,0.5224838953410498,1.9604474134517031,0.2923551973865209
https://comptox.epa.gov/dashboard/chemical/details/DTXSID7024873,Cyanuric acid,108-80-5,C3H3N3O3,129.017441,7,589,1,Inactive,-0.00022183290436804693,-0.28409387102217454,0.3313903121931078,0.009100001870060673,-2.04095851843089
https://comptox.epa.gov/dashboard/chemical/details/DTXSID4041442,Sodium 2-naphthalenesulfonate,532-02-5,C10H7NaO3S,230.001360,6,370,2,Inactive,-0.06392202735079533,-0.6281384885433702,0.7327120753078364,100.00000000000001,2
https://comptox.epa.gov/dashboard/chemical/details/DTXSID7030307,"3,5-Dichloroaniline",626-43-7,C6H5Cl2N,160.979905,7,361,2,Inactive,-0.1828895228046908,-0.739419590280064,0.8625194481773397,5.084132286540776,0.7062168421509036
https://comptox.epa.gov/dashboard/chemical/details/DTXSID4044901,Triallyl trimellitate,2694-54-4,C18H18O6,330.110338,20,366,5,Inactive,2.908101561763459e-8,0.1687076626841434,0.19679440744395357,100,2
https://comptox.epa.gov/dashboard/chemical/details/DTXSID5042299,4-Isopropylphenol,99-89-8,C9H12O,136.088815,16,363,4,Inactive,4.815944520214659e-7,0.39694500013639,0.463029093325368,168.02053123994264,2.2253623535080655
https://comptox.epa.gov/dashboard/chemical/details/DTXSID4023202,"4,4'-(1H-1,2,4-Triazol-1-ylmethylene)dibenzonitrile",112809-51-5,C17H11N5,285.101445,12,387,3,Inactive,1.0236958865001018e-7,0.4530240866751044,0.5284443236107068,71,1.8512583487190752
https://comptox.epa.gov/dashboard/chemical/details/DTXSID1027134,Bis(2-ethylhexyl) phosphate,298-07-7,C16H35O4P,322.227297,165,483,34,Inactive,0.000005652280810237886,0.23770959753259002,0.27728390427498656,33.35,1.523095838252568
https://comptox.epa.gov/dashboard/chemical/details/DTXSID9048194,Heptanophenone,1671-75-6,C13H18O,190.135765,11,360,3,Inactive,4.3862904773986895e-10,0.24187387355458048,0.2821414562032292,49.002883677577834,1.6902216377511645
https://comptox.epa.gov/dashboard/chemical/details/DTXSID4034576,2-Bromo-4-hydroxyacetophenone,2491-38-5,C8H7BrO2,213.962942,34,369,9,Inactive,-0.00006755436801408298,-0.45067223433457626,0.5257009308069286,100,2
https://comptox.epa.gov/dashboard/chemical/details/DTXSID7020766,Propham,122-42-9,C10H13NO2,179.094629,11,377,3,Inactive,0.00022763972318296536,0.05325211545581411,0.06211762014558995,100,2
https://comptox.epa.gov/dashboard/chemical/details/DTXSID4027282,Phenyl phosphorus dichloride,644-97-3,C6H5Cl2P,177.950593,3,367,1,Inactive,-0.007813393664679402,-0.2086717390606927,0.24341177268060157,100,2
https://comptox.epa.gov/dashboard/chemical/details/DTXSID4021894,Cyclohexanol,108-93-0,C6H12O,100.088815,4,589,1,Inactive,-0.11955495542453866,-0.786358443952533,0.9172727637505995,100,2
https://comptox.epa.gov/dashboard/chemical/details/DTXSID1041346,"2,4-D-ethyl ester",533-23-3,C10H10Cl2O3,248.000700,5,360,1,Inactive,6.550746100570247e-8,0.25282166141640483,0.29491185080660565,100,2
https://comptox.epa.gov/dashboard/chemical/details/DTXSID5048184,Melengestrol acetate,2919-66-6,C25H32O4,396.230060,84,404,21,Inactive,0.0000018771970889850417,0.5103869088666335,0.5953570080904251,12.500797426118352,1.096937717545407
https://comptox.epa.gov/dashboard/chemical/details/DTXSID5041726,C.I. Direct Red 81 disodium salt,2610-11-9,C29H19N5Na2O8S2,675.047043,82,500,16,Inactive,0.00003215554656405008,0.2359107107528393,0.27518553569914667,100,2
https://comptox.epa.gov/dashboard/chemical/details/DTXSID7044394,4-tert-Butylcyclohexanone,98-53-3,C10H18O,154.135765,28,358,8,Inactive,4.007559573015562e-7,0.08605335000945356,0.10037966120948003,100,2
https://comptox.epa.gov/dashboard/chemical/details/DTXSID3041293,2-((Dimethylamino)methyl)phenol,120-65-0,C9H13NO,151.099714,3,357,1,Inactive,0,0.2846500554096125,0.3320390911235608,25.66806181901587,1.4093930765761864
https://comptox.epa.gov/dashboard/chemical/details/DTXSID5047451,"C.I. Acid Yellow 11, sodium salt",6359-82-6,C16H13N4NaO4S,380.055520,31,371,8,Inactive,-0.022899124033119382,-0.3446543272352931,0.40203297836120666,99.99999999999999,2
https://comptox.epa.gov/dashboard/chemical/details/DTXSID8023216,"3,5,3'-Triiodothyronine",6893-02-3,C15H12I3NO4,650.790040,153,711,22,Inactive,-0.0011134628348096686,-0.4314581455763872,0.5032880471738799,80,1.9030899869919435
https://comptox.epa.gov/dashboard/chemical/details/DTXSID0034518,Desmedipham,13684-56-5,C16H16N2O4,300.111007,35,379,9,Inactive,0.009781521993898536,0.31032156061040156,0.3619844331062903,100,2
https://comptox.epa.gov/dashboard/chemical/details/DTXSID2041125,Sodium iodide,7681-82-5,INa,149.894240,6,361,2,Inactive,0.005789719879122526,0.45815769568410236,0.5344325847655431,100,2
https://comptox.epa.gov/dashboard/chemical/details/DTXSID9048190,Methyl abietate,127-25-3,C21H32O2,316.240230,65,364,18,Inactive,0.04254375650219323,0.4866682335176736,0.5676896064656809,100,2
https://comptox.epa.gov/dashboard/chemical/details/DTXSID2027466,"3,4-Epoxycyclohexylmethyl 3,4-epoxycyclohexanecarboxylate",2386-87-0,C14H20O4,252.136159,12,358,3,Inactive,0.0007070790924268344,0.08760775083797878,0.10219284138821746,100,2
https://comptox.epa.gov/dashboard/chemical/details/DTXSID8042052,1H-Indene,95-13-6,C9H8,116.062600,14,361,4,Inactive,3.1554415023165974e-12,0.04439309925695518,0.05178373954020895,100,2
https://comptox.epa.gov/dashboard/chemical/details/DTXSID7041675,(+/-)-Bornyl acetate,76-49-3,C12H20O2,196.146330,0,358,0,Inactive,9.993042030947182e-9,0.26077077638974894,0.3041843482497828,100,2
https://comptox.epa.gov/dashboard/chemical/details/DTXSID1025809,Oleic acid,112-80-1,C18H34O2,282.255880,33,374,9,Inactive,-1.929442884679095e-9,-0.13410428154800616,0.15643019530385233,100.00000000000001,2
https://comptox.epa.gov/dashboard/chemical/details/DTXSID5041641,"2,5-Dimethylbenzenesulfonic acid",609-54-1,C8H10O3S,186.035065,4,357,1,Inactive,-7.535498760153341e-7,-0.0688400897213586,0.0803007074460327,91.99999999999999,1.9637878273455551
https://comptox.epa.gov/dashboard/chemical/details/DTXSID7038864,"2,2'-Methylenebis(ethyl-6-tert-butylphenol)",88-24-4,C25H36O2,368.271530,192,371,52,Inactive,-4.840020586521602e-7,-0.06966175929261784,0.08125916999490591,33.35,1.523095838252568
https://comptox.epa.gov/dashboard/chemical/details/DTXSID1027500,2-Propoxyethanol,2807-30-9,C5H12O2,104.083730,1,357,0,Inactive,-3.0523815692907214e-18,-0.24068344114560197,0.28075283853880456,5.267995249447872,0.7216453746535455
https://comptox.epa.gov/dashboard/chemical/details/DTXSID0023113,2-Methoxyphenol,90-05-1,C7H8O2,124.052429,2,363,1,Inactive,9.039074803360174e-8,0.2843980102809965,0.3317450850840841,100.5,2.002166061756508
https://comptox.epa.gov/dashboard/chemical/details/DTXSID4022369,Fulvestrant,129453-61-8,C32H47F5O3S,606.316607,136,654,21,Inactive,0,-0.10911158355379413,0.12727666953066336,0.050052719489589045,-1.3005723212368787
https://comptox.epa.gov/dashboard/chemical/details/DTXSID2042060,Isoborneol,124-76-5,C10H18O,154.135765,1,363,0,Inactive,0,-0.23863419091044183,0.2783624255645714,2.791104693099436,0.44577612698760355
https://comptox.epa.gov/dashboard/chemical/details/DTXSID2021735,Dimethyl sulfoxide,67-68-5,C2H6OS,78.013936,5,366,1,Inactive,1.5683856268759556e-7,0.12939345702292593,0.15093510452827047,100,2
https://comptox.epa.gov/dashboard/chemical/details/DTXSID3036105,2-tert-Butylcyclohexyl acetate,88-41-5,C12H22O2,198.161980,3,357,1,Inactive,0,-0.226841750089289,0.26460675870988043,26.286140335160667,1.4197268221581518
https://comptox.epa.gov/dashboard/chemical/details/DTXSID6028022,1-(Bromomethyl)-3-phenoxybenzene,51632-16-7,C13H11BrO,261.999328,54,405,13,Inactive,0.0000028078594230808867,0.14599402581711526,0.1702993648535493,100,2
https://comptox.epa.gov/dashboard/chemical/details/DTXSID7029110,"3,7-Dimethyl-3-octanol",78-69-3,C10H22O,158.167065,4,361,1,Inactive,1.4693005336256212e-7,0.029326865219734446,0.03420925268765978,100,2
https://comptox.epa.gov/dashboard/chemical/details/DTXSID8027454,"N,N-Dimethylacetoacetamide",2044-64-6,C6H11NO2,129.078979,4,366,1,Inactive,-0.00002956474696835612,-0.11987391943508413,0.13983073778562194,100,2
https://comptox.epa.gov/dashboard/chemical/details/DTXSID8042422,Styrene glycol,93-56-1,C8H10O2,138.068080,3,355,1,Inactive,0.000002701305306441269,0.34060706771723254,0.39731192404774723,182.80024737971922,2.2619767791197725
https://comptox.epa.gov/dashboard/chemical/details/DTXSID9021639,Nonanal,124-19-6,C9H18O,142.135765,8,489,2,Inactive,5.832959303602501e-7,0.04413002120034451,0.051476863791718896,100,2
https://comptox.epa.gov/dashboard/chemical/details/DTXSID8027402,Dimethyl isophthalate,1459-93-4,C10H10O4,194.057909,25,366,7,Inactive,-5.882018749824089e-10,-0.023861724878240446,0.02783426628816268,100,2
https://comptox.epa.gov/dashboard/chemical/details/DTXSID9026500,2-(4-Tert-Butylbenzyl)propionaldehyde,80-54-6,C14H20O,204.151415,67,469,14,Inactive,0.0000016422254096656956,0.1774916536531891,0.20704077248892946,100,2
https://comptox.epa.gov/dashboard/chemical/details/DTXSID5041512,4-Chlorophenylurea,140-38-5,C7H7ClN2O,170.024691,3,370,1,Inactive,0,-0.2570286911845221,0.2998192741989014,24.414131078338553,1.387641271950139
https://comptox.epa.gov/dashboard/chemical/details/DTXSID7025502,Linalool,78-70-6,C10H18O,154.135765,7,486,1,Inactive,0,0.12581035459397427,0.14675548098244082,0.24159459203821987,-0.6169127913847049
https://comptox.epa.gov/dashboard/chemical/details/DTXSID1033664,17-Methyltestosterone,58-18-4,C20H30O2,302.224580,160,708,23,Active,0.9999999999999889,3.6248668391267254,4.228340967563105,0.008369931304801988,-2.077278106411502
https://comptox.epa.gov/dashboard/chemical/details/DTXSID2029612,Limonene,138-86-3,C10H16,136.125201,4,365,1,Inactive,-3.911534651706341e-12,-0.5066870252336163,0.5910411614028067,27.142318075793128,1.4336469356057684
https://comptox.epa.gov/dashboard/chemical/details/DTXSID8041610,Arabinose,147-81-9,C5H10O5,150.052823,3,365,1,Inactive,2.8462913200173164e-9,0.04783575094340569,0.055799529859937164,100,2
https://comptox.epa.gov/dashboard/chemical/details/DTXSID2022123,2-Hydroxyethyl acrylate,818-61-1,C5H8O3,116.047344,43,370,12,Inactive,0,0.16140932122377769,0.18828102541870842,0.005863944122240938,-2.231810176756772
https://comptox.epa.gov/dashboard/chemical/details/DTXSID5047879,2-Hydroxybenzophenone,117-99-7,C13H10O2,198.068080,32,356,9,Inactive,-2.659368659099679e-19,-0.22972066293211557,0.2679649579639804,1.754118395774774,0.24405890311004044
https://comptox.epa.gov/dashboard/chemical/details/DTXSID5026178,Potassium dichloroisocyanurate,2244-21-5,C3Cl2KN3O3,234.895378,0,355,0,Inactive,1.216008818562487e-7,0.2857618835464963,0.3333360183401224,182.30055784275214,2.260787997605379
https://comptox.epa.gov/dashboard/chemical/details/DTXSID2042276,o-Ethoxyphenol,94-71-3,C8H10O2,138.068080,11,361,3,Inactive,2.707307644265553e-9,0.18339989369711968,0.21393262659907022,100,2
https://comptox.epa.gov/dashboard/chemical/details/DTXSID5044443,"N,N-Dibutyl-N-methylbutan-1-aminium chloride",56375-79-2,C13H30ClN,235.206678,4,359,1,Inactive,3.4494710257926026e-7,0.22578086506329262,0.2633692557018043,98.5,1.9934362304976116
https://comptox.epa.gov/dashboard/chemical/details/DTXSID8022377,17alpha-Estradiol,57-91-0,C18H24O2,272.177630,195,664,29,Active,0.9984606488213189,1.150371187623338,1.3418869813446221,8.223820642789157,0.9150736300198332
https://comptox.epa.gov/dashboard/chemical/details/DTXSID0029214,Methylionone,1335-46-2,, ,24,365,7,Inactive,-0.000044538233556937285,-0.19383040213198852,0.22609962419788232,100,2
https://comptox.epa.gov/dashboard/chemical/details/DTXSID7025427,2-Hydroxy-2-methylpropanenitrile,75-86-5,C4H7NO,85.052764,8,365,2,Inactive,0,-0.3154699040428073,0.3679898816969398,25.83674685901988,1.412237830138916
https://comptox.epa.gov/dashboard/chemical/details/DTXSID3020415,"1,2-Dibromoethane",106-93-4,C2H4Br2,185.867976,6,469,1,Inactive,-1.1353182368419858e-17,-0.17892841649673957,0.2087167301065948,2.170489983444278,0.33655778596144276
https://comptox.epa.gov/dashboard/chemical/details/DTXSID5020233,Ergocalciferol,50-14-6,C28H44O,396.339216,111,397,28,Inactive,4.416385741965004e-8,0.26135303474651184,0.3048635419892691,100,2
https://comptox.epa.gov/dashboard/chemical/details/DTXSID2045232,Tiratricol,51-24-1,C14H9I3O4,621.763490,212,688,31,Inactive,-7.18166667438748e-13,-0.37465054934507686,0.4370230236367668,3.4333164527563285,0.5357138346963446
https://comptox.epa.gov/dashboard/chemical/details/DTXSID4034497,Metconazole,125116-23-6,C17H22ClN3O,319.145140,121,468,26,Inactive,0.4084060780663175,0.8982039455526054,1.0477384987532028,155.54716728556608,2.191862106454369
https://comptox.epa.gov/dashboard/chemical/details/DTXSID2044713,Acid Red 337,67786-14-5,C17H11F3N3NaO4S,433.032006,41,373,11,Inactive,1.2687750530937808e-7,0.19091731677314838,0.2227015633279389,100,2
https://comptox.epa.gov/dashboard/chemical/details/DTXSID1029128,Tetrahydrofurfuryl alcohol,97-99-4,C5H10O2,102.068080,1,359,0,Inactive,-1.1400187439165081e-8,-0.02427449372018916,0.028315753603974203,100,2
https://comptox.epa.gov/dashboard/chemical/details/DTXSID3034583,Ethyl 1-naphthaleneacetate,2122-70-5,C14H14O2,214.099380,22,370,6,Inactive,-4.992157396683765e-10,-0.1234711077742937,0.14402679228851906,100,2
https://comptox.epa.gov/dashboard/chemical/details/DTXSID0041274,"1-Phenyl-1H-pyrrole-2,5-dione",941-69-5,C10H7NO2,173.047678,156,379,41,Inactive,1.410691641692893e-9,0.04508189100322278,0.05258720253295278,100,2
https://comptox.epa.gov/dashboard/chemical/details/DTXSID7021364,2-Methylaniline hydrochloride,636-21-5,C7H10ClN,143.050177,11,360,3,Inactive,-1.043853139619159e-15,-0.21686523938890861,0.25296934117707176,24.12708465678028,1.3825048480602837
https://comptox.epa.gov/dashboard/chemical/details/DTXSID2024664,Butyraldehyde oxime,110-69-0,C4H9NO,87.068414,4,359,1,Inactive,-2.9560698943861226e-7,-0.09100460775296705,0.10615521294337649,100,2
https://comptox.epa.gov/dashboard/chemical/details/DTXSID7032345,Chlorhexidine diacetate,56-95-1,C26H38Cl2N10O4,624.245455,214,391,55,Inactive,-0.0010015562604411422,-0.5437444966196148,0.634268025000771,44.00904069543177,1.64354190195942
https://comptox.epa.gov/dashboard/chemical/details/DTXSID0026838,Isopropyl tetradecanoate,110-27-0,C17H34O2,270.255880,1,369,0,Inactive,-4.810055588277486e-12,-0.28051582191158847,0.32721658325086384,2.044590739411147,0.3106063894078796
https://comptox.epa.gov/dashboard/chemical/details/DTXSID9044823,Sodium methacrylate,5536-61-8,C4H5NaO2,108.018724,0,354,0,Inactive,-2.1598427752372723e-15,-0.2764933983728366,0.32252449965369306,3.5522993710023485,0.550509558935301
https://comptox.epa.gov/dashboard/chemical/details/DTXSID9027360,Ammonium carbamate,1111-78-0,CH6N2O2,78.042927,18,596,3,Inactive,2.3690593362441645e-7,0.13624201367364167,0.15892382078739642,100,2
https://comptox.epa.gov/dashboard/chemical/details/DTXSID8035423,"1,4-Dimethylnaphthalene",571-58-4,C12H12,156.093900,6,360,2,Inactive,6.8608091765873795e-18,0.2947177274258309,0.3437828466664321,5.879589304257996,0.7693469911911436
https://comptox.epa.gov/dashboard/chemical/details/DTXSID5025102,3-(Dimethylamino)propylamine,109-55-7,C5H14N2,102.115698,1,360,0,Inactive,4.293667845106485e-14,0.2161579053436675,0.25214424893120996,1.3507150827231886,0.130563749428596
https://comptox.epa.gov/dashboard/chemical/details/DTXSID4041604,n-Amyl butyrate,540-18-1,C9H18O2,158.130680,6,360,2,Inactive,4.755292988147273e-11,0.19492000894732278,0.22737063064868032,100,2
https://comptox.epa.gov/dashboard/chemical/details/DTXSID0020151,Benzyl acetate,140-11-4,C9H10O2,150.068080,13,365,4,Inactive,5.48759716546756e-8,0.036632028028833766,0.042730591691625644,100.00000000000001,2
https://comptox.epa.gov/dashboard/chemical/details/DTXSID8026228,Triethyl phosphate,78-40-0,C6H15O4P,182.070796,8,355,2,Inactive,6.719567946112565e-9,0.1710468715127407,0.19952305182197053,100.00000000000001,2
https://comptox.epa.gov/dashboard/chemical/details/DTXSID2025050,Diethylenetriamine,111-40-0,C4H13N3,103.110947,4,477,1,Inactive,-0.000003614465956310428,-0.044335452938264505,0.05171649616224042,100,2
https://comptox.epa.gov/dashboard/chemical/details/DTXSID1040792,Pyridoxine hydrochloride,58-56-0,C8H12ClNO3,205.050571,1,366,0,Inactive,-6.306853037848655e-12,-0.19660372299028733,0.22933465233043773,5.395683548813597,0.7320464708304599
https://comptox.epa.gov/dashboard/chemical/details/DTXSID9034282,4-Chlorophenoxyacetic acid,122-88-3,C8H7ClO3,186.008372,0,363,0,Inactive,-4.0145788168574425e-15,-0.19649001554628404,0.22920201467362608,5.2821619239479425,0.7228117103126324
https://comptox.epa.gov/dashboard/chemical/details/DTXSID7041413,R-(-)-Carvone,6485-40-1,C10H14O,150.104465,4,365,1,Inactive,2.729568341713739e-7,0.0912148821114268,0.10640049414231774,100,2
https://comptox.epa.gov/dashboard/chemical/details/DTXSID1041891,Diphenylmethane,101-81-5,C13H12,168.093900,8,363,2,Inactive,-2.1914167719932423e-13,-0.23647386199316672,0.2758424413362608,3.3437092195304388,0.5242285026652211
https://comptox.epa.gov/dashboard/chemical/details/DTXSID9040342,"4-Ethyl-1,3-dioxolan-2-one",4437-85-8,C5H8O3,116.047344,3,359,1,Inactive,-1.0273919690965202e-9,-0.12868254660380457,0.15010584050759201,100,2
https://comptox.epa.gov/dashboard/chemical/details/DTXSID9021847,Diphenyl ether,101-84-8,C12H10O,170.073165,29,473,6,Inactive,1.5750158746029235e-9,0.1857512311972745,0.21667541885095531,100,2
https://comptox.epa.gov/dashboard/chemical/details/DTXSID6044430,"1,2-Diphenylethanone",451-40-1,C14H12O,196.088815,22,379,6,Inactive,8.442884894246837e-14,0.23479883887715036,0.27388855746206764,7.284850952738813,0.8624206705788626
https://comptox.epa.gov/dashboard/chemical/details/DTXSID5029217,1-Propoxy-2-propanol,1569-01-3,C6H14O2,118.099380,7,360,2,Inactive,-8.788718866327843e-11,-0.05335009343304597,0.062231909666677084,100,2
https://comptox.epa.gov/dashboard/chemical/details/DTXSID7041544,Tonalide,21145-77-7,C18H26O,258.198365,98,449,22,Inactive,0.12092726291031515,0.826708785744229,0.9643407005397218,176.7046703763866,2.247248028238446
https://comptox.epa.gov/dashboard/chemical/details/DTXSID1041639,Sodium m-xylene-4-sulfonate,827-21-4,C8H9NaO3S,208.017010,8,359,2,Inactive,-6.021458590954973e-20,-0.1845054773425189,0.21522226973035707,24.592433887379332,1.3908015125349928
https://comptox.epa.gov/dashboard/chemical/details/DTXSID8025886,"Ethyl 2,3-epoxy-3-phenylpropionate",121-39-1,C11H12O3,192.078644,21,363,6,Inactive,0.000002083250912547484,0.06137659379767623,0.07159467575551433,100,2
https://comptox.epa.gov/dashboard/chemical/details/DTXSID7021520,2-[2-(2-Butoxyethoxy)ethoxy]ethanol,143-22-6,C10H22O4,206.151809,19,365,5,Inactive,2.5804077582913802e-8,0.01035601449797974,0.012080101781900061,57,1.7558748556724915
https://comptox.epa.gov/dashboard/chemical/details/DTXSID3024528,Anise oil,8007-70-3,, ,31,363,9,Inactive,8.1266013813234e-7,0.14080325025747206,0.16424441996140746,50,1.6989700043360187
https://comptox.epa.gov/dashboard/chemical/details/DTXSID9025297,2-Ethylhexyl acrylate,103-11-7,C11H20O2,184.146330,41,474,9,Inactive,4.561209188211539e-8,0.07055910821921224,0.08230591112965943,100.00000000000001,2
https://comptox.epa.gov/dashboard/chemical/details/DTXSID4027153,1-Bromo-4-fluorobenzene,460-00-4,C6H4BrF,173.948041,6,470,1,Inactive,1.7972171758187912e-14,0.18200311374807052,0.21230330829764038,100,2
https://comptox.epa.gov/dashboard/chemical/details/DTXSID1048203,Ethyl 4-chlorophenyl ketone,6285-05-8,C9H9ClO,168.034193,2,356,1,Inactive,5.668888768626376e-7,0.03127610946725209,0.03648301050369894,100.00000000000001,2
https://comptox.epa.gov/dashboard/chemical/details/DTXSID4027496,"2,4-D sodium salt",2702-72-9,C8H5Cl2NaO3,241.951344,6,360,2,Inactive,7.904814967685408e-8,0.10197964282572664,0.11895739092069803,100,2
https://comptox.epa.gov/dashboard/chemical/details/DTXSID3026647,4-Hydroxybenzoic acid,99-96-7,C7H6O3,138.031694,5,366,1,Inactive,0,-0.07080947214808883,0.08259795608034345,0.009140000367395058,-2.039053786809096
https://comptox.epa.gov/dashboard/chemical/details/DTXSID6047103,Octadecyl sulfate sodium salt,1120-04-3,C18H37NaO4S,372.231025,111,370,30,Inactive,-0.00043140423684051343,-0.5920227632050228,0.6905837412755219,48.71408936984595,1.6876545885373315
https://comptox.epa.gov/dashboard/chemical/details/DTXSID7022679,Biotin,58-85-5,C10H16N2O3S,244.088164,0,364,0,Inactive,7.10526336959311e-8,0.26112694692213967,0.3045998146711395,175.21051004468387,2.2435601538726333
https://comptox.epa.gov/dashboard/chemical/details/DTXSID3041790,Citronellal,106-23-0,C10H18O,154.135765,1,362,0,Inactive,0,-0.18677673151797292,0.21787164624652577,0.19925171079491344,-0.7005979410204278
https://comptox.epa.gov/dashboard/chemical/details/DTXSID1022394,Biochanin A,491-80-5,C16H12O5,284.068473,152,431,35,Inactive,0.00006601294946195025,0.06747476022887317,0.07870807552781052,100,2
https://comptox.epa.gov/dashboard/chemical/details/DTXSID7042196,Butyl lactate,138-22-7,C7H14O3,146.094294,1,362,0,Inactive,-7.234658740142922e-7,-0.022716424788440014,0.02649829464981595,100,2
https://comptox.epa.gov/dashboard/chemical/details/DTXSID5023875,Ammonium sulfamate,7773-06-0,H6N2O3S,114.009913,6,359,2,Inactive,0,-0.2352717538838643,0.2744402041806394,24.389497623373494,1.3872028547768815
https://comptox.epa.gov/dashboard/chemical/details/DTXSID6032518,"4,5-Dichloro-3H-1,2-dithiol-3-one",1192-52-5,C3Cl2OS2,185.876762,238,493,48,Inactive,2.5339552572599398e-8,0.005335883893325038,0.006224211113294806,33.35,1.523095838252568
https://comptox.epa.gov/dashboard/chemical/details/DTXSID0020107,Aspartame,22839-47-0,C14H18N2O5,294.121572,2,419,0,Inactive,-0.00018300018889535555,-0.07325900812019154,0.0854552950563751,96,1.9822712330395684
https://comptox.epa.gov/dashboard/chemical/details/DTXSID5020443,"2,4-D Butyl ester",94-80-4,C12H14Cl2O3,276.032000,9,373,2,Inactive,1.1002531486757639e-12,0.02509588133527941,0.029273887256125623,100,2
https://comptox.epa.gov/dashboard/chemical/details/DTXSID3040722,4-Cyclohexylcyclohexanol,2433-14-9,C12H22O,182.167065,38,627,6,Inactive,8.459635745442631e-15,0.18148195774477738,0.21169538933757545,2.8770074843109636,0.4589409916750756
https://comptox.epa.gov/dashboard/chemical/details/DTXSID1027550,Sodium chloroacetate,3926-62-3,C2H2ClNaO2,115.964101,2,363,1,Inactive,-8.551129880550156e-10,-0.010504317803557435,0.012253094879420374,100,2
https://comptox.epa.gov/dashboard/chemical/details/DTXSID7037717,Bisphenol AF,1478-61-1,C15H10F6O2,336.058499,417,807,52,Inactive,0,-0.06375547789808912,0.07436960061352196,0.0010200000496834987,-2.9913998070838974
https://comptox.epa.gov/dashboard/chemical/details/DTXSID0024553,Azodicarbonamide,123-77-3,C2H4N4O2,116.033425,12,358,3,Inactive,0,-0.3925006509752603,0.4578448411952438,25.713496397033534,1.4101611339239457
https://comptox.epa.gov/dashboard/chemical/details/DTXSID8045191,Ranitidine,66357-35-5,C13H22N4O3S,314.141262,7,362,2,Inactive,-1.0542325412383062e-12,-0.18646001343699597,0.2175022003892304,100,2
https://comptox.epa.gov/dashboard/chemical/details/DTXSID4027076,Dodecyl sulfate triethanolamine salt,139-96-8,C18H41NO7S,415.260374,22,368,6,Inactive,1.4298861342917336e-11,0.002469546267098114,0.0028806806196994316,33.35,1.523095838252568
https://comptox.epa.gov/dashboard/chemical/details/DTXSID1048209,tert-Butyl phenyl ketone,938-16-9,C11H14O,162.104465,3,358,1,Inactive,0,-0.3697097950870991,0.4312597240269246,25.329879637205913,1.403633126110268
https://comptox.epa.gov/dashboard/chemical/details/DTXSID2026446,Acetyl tributyl citrate,77-90-7,C20H34O8,402.225368,40,598,7,Inactive,-5.83549473746235e-19,-0.2855286307928909,0.33306393326289396,26.194315458776618,1.4182070534287248
https://comptox.epa.gov/dashboard/chemical/details/DTXSID2029167,Metam-sodium,137-42-8,C2H4NNaS2,128.968286,9,363,2,Inactive,2.535919978726213e-7,0.01207202523551969,0.01408179696805106,100,2
https://comptox.epa.gov/dashboard/chemical/details/DTXSID0020656,Gibberellic acid,77-06-5,C19H22O6,346.141638,2,355,1,Inactive,5.5461590843227436e-9,0.1671003569128515,0.19491951461567206,100,2
https://comptox.epa.gov/dashboard/chemical/details/DTXSID4021553,Decanal,112-31-2,C10H20O,156.151415,24,475,5,Inactive,-2.293911010068997e-7,-0.1513904663535719,0.17659421418512222,100,2
https://comptox.epa.gov/dashboard/chemical/details/DTXSID8020834,Methyl carbamate,598-55-0,C2H5NO2,75.032028,12,360,3,Inactive,-7.429371931127619e-11,-0.01248477361986013,0.014563260420436144,100,2
https://comptox.epa.gov/dashboard/chemical/details/DTXSID3021853,1-Piperazineethanol,103-76-4,C6H14N2O,130.110613,21,358,6,Inactive,3.4166266426136127e-9,0.030595930962347483,0.035689594699702995,101.5,2.0064660422492318
https://comptox.epa.gov/dashboard/chemical/details/DTXSID7025506,Linolenic acid,463-40-1,C18H30O2,278.224580,56,375,15,Inactive,-1.4623364576231026e-8,-0.09044106103599239,0.10549784598997587,100,2
https://comptox.epa.gov/dashboard/chemical/details/DTXSID6021957,Phenyl salicylate,118-55-8,C13H10O3,214.062994,11,368,3,Inactive,1.9302999841895057e-11,0.04775390402648836,0.055704056926108324,100,2
https://comptox.epa.gov/dashboard/chemical/details/DTXSID0020076,Amitrole,61-82-5,C2H4N4,84.043596,3,395,1,Inactive,4.1176174754456924e-11,0.1093752672220291,0.127584251714053,100,2
https://comptox.epa.gov/dashboard/chemical/details/DTXSID7027388,Diisooctyl adipate,1330-86-5,C22H42O4, ,8,473,2,Inactive,-1.5721839909509844e-7,-0.1866757921091009,0.21775390226951447,99.99999999999999,2
https://comptox.epa.gov/dashboard/chemical/details/DTXSID5024681,tert-Butylamine,75-64-9,C4H11N,73.089149,1,360,0,Inactive,-1.1660517511184072e-10,-0.014970470794584948,0.017462780778921064,100,2
https://comptox.epa.gov/dashboard/chemical/details/DTXSID0020737,Indole,120-72-9,C8H7N,117.057849,7,364,2,Inactive,0,0.21715759541114268,0.2533103691377634,24.97959148929391,1.397585331740433
https://comptox.epa.gov/dashboard/chemical/details/DTXSID0041646,"C.I. Acid Yellow 34, monosodium salt",6359-90-6,C16H12ClN4NaO4S,414.016548,20,366,5,Inactive,0,-0.04213381773077282,0.049148328900761346,2.6803807145351923,0.428196484505976
https://comptox.epa.gov/dashboard/chemical/details/DTXSID8022589,Aminoglutethimide,125-84-8,C13H16N2O2,232.121178,10,383,3,Inactive,4.6774389957124355e-8,0.13658774723213502,0.15932711266931035,100,2
https://comptox.epa.gov/dashboard/chemical/details/DTXSID5040700,Trimethoxyphenylsilane,2996-92-1,C9H14O3Si,198.071221,3,481,1,Inactive,0,-0.11157276345766451,0.130147590940451,0.009140000197218516,-2.0390537948951715
https://comptox.epa.gov/dashboard/chemical/details/DTXSID4048195,4-(Hexyloxy)phenol,18979-55-0,C12H18O2,194.130680,122,368,33,Inactive,0,0.10175870438286855,0.11869967026206232,0.6187686346766192,-0.20847170876081664
https://comptox.epa.gov/dashboard/chemical/details/DTXSID0027852,Chlorotoluene,25168-05-2,C7H7Cl, ,1,356,0,Inactive,9.571323891125041e-12,0.037645078179396774,0.043912296191108306,100,2
https://comptox.epa.gov/dashboard/chemical/details/DTXSID6021824,Dichlorophen,97-23-4,C13H10Cl2O2,268.005785,191,412,46,Inactive,5.335225367974216e-18,0.24143411945190765,0.28162849107360993,0.1237738200092021,-0.9073712052989221
https://comptox.epa.gov/dashboard/chemical/details/DTXSID3022370,Progesterone,57-83-0,C21H30O2,314.224580,261,660,40,Inactive,5.084031527798282e-16,0.41293922516599624,0.48168606472280556,8.958396480037381,0.9522302795065254
https://comptox.epa.gov/dashboard/chemical/details/DTXSID1026904,2-Butoxyethyl acetate,112-07-2,C8H16O3,160.109944,3,358,1,Inactive,1.1584965396970406e-15,0.21791961804270388,0.25419925462079995,0.013614523007938814,-1.8659975697958444
https://comptox.epa.gov/dashboard/chemical/details/DTXSID0023745,D-Xylose,58-86-6,C5H10O5,150.052823,3,478,1,Inactive,8.162705324523167e-7,0.1035495546686715,0.12078866441448116,100,2
https://comptox.epa.gov/dashboard/chemical/details/DTXSID9036933,Sodium hexafluorosilicate,16893-85-9,F6Na2Si,187.946884,0,353,0,Inactive,-4.756317862206202e-7,-0.07193381381021466,0.08390948009556769,100,2
https://comptox.epa.gov/dashboard/chemical/details/DTXSID1020805,dl-Menthol,89-78-1,C10H20O,156.151415,2,360,1,Inactive,3.1653918782719966e-9,0.09413275912522157,0.10980414439025662,100,2
https://comptox.epa.gov/dashboard/chemical/details/DTXSID8041909,Dysprosium(III) chloride,10025-74-8,Cl3Dy,268.835740,5,360,1,Inactive,0,0.16701593280849686,0.1948210354397643,18.65196277183387,1.2707245399583467
https://comptox.epa.gov/dashboard/chemical/details/DTXSID8034376,Denatonium benzoate,3734-33-6,C28H34N2O3,446.256943,21,479,4,Inactive,7.735820347321962e-19,0.13730635832301613,0.16016535938296061,1.1242503256816816,0.05086302204984092
https://comptox.epa.gov/dashboard/chemical/details/DTXSID9029649,"1,3-Benzenedimethanamine",1477-55-0,C8H12N2,136.100048,13,358,4,Inactive,-3.44504482263331e-10,-0.13722535995303778,0.16007087626363925,100,2
https://comptox.epa.gov/dashboard/chemical/details/DTXSID1041265,2-Hexyl-1-decanol,2425-77-6,C16H34O,242.260966,33,468,7,Inactive,1.9725335442011067e-7,0.2989230891540918,0.3486883243206986,100,2
https://comptox.epa.gov/dashboard/chemical/details/DTXSID0020286,3-Chloro-4-methylaniline,95-74-9,C7H8ClN,141.034527,15,367,4,Inactive,0,0.08100453618333756,0.09449031208687657,0.009140000743453988,-2.039053768940353
https://comptox.epa.gov/dashboard/chemical/details/DTXSID8020337,Clomiphene citrate (1:1),50-41-9,C32H36ClNO8,597.212945,447,806,55,Inactive,-0.9982222668216162,-1.3772727029155456,1.606563455072226,14.053433699719896,1.1477824491270623
https://comptox.epa.gov/dashboard/chemical/details/DTXSID8024284,1-Methoxy-2-propanol,107-98-2,C4H10O2,90.068080,5,593,1,Inactive,1.5979540863909043e-12,0.355162179630973,0.4142901962777863,23.987231951174568,1.3799801346835512
https://comptox.epa.gov/dashboard/chemical/details/DTXSID3020621,"(R,R)-Fenvalerate",67614-33-9,C25H22ClNO3,419.128821,51,374,14,Inactive,-4.181160338813267e-11,-0.1900460759406557,0.2216852768081477,16.118476751518855,1.2073239971671048
https://comptox.epa.gov/dashboard/chemical/details/DTXSID7040285,2-Hydroxyacetophenone,118-93-4,C8H8O2,136.052429,0,357,0,Inactive,0,0.15414948856548208,0.17981256320779884,0.05354903751656355,-1.271248330714514
https://comptox.epa.gov/dashboard/chemical/details/DTXSID2027258,Isopropyl formate,625-55-8,C4H8O2,88.052429,19,362,5,Inactive,-2.1017756636964685e-8,-0.06709820157806295,0.07826882673866199,100.00000000000001,2
https://comptox.epa.gov/dashboard/chemical/details/DTXSID6042232,Hydroxycitronellal,107-75-5,C10H20O2,172.146330,7,358,2,Inactive,0,-0.10795009915600616,0.12592181919262022,3.1617023935115878,0.49992098800652884
https://comptox.epa.gov/dashboard/chemical/details/DTXSID3036286,Citralva,5146-66-7,C10H15N,149.120449,3,362,1,Inactive,0,0.14195605396417665,0.1655891444318357,25.135722472897907,1.4002913726149624
https://comptox.epa.gov/dashboard/chemical/details/DTXSID9022607,Anastrozole,120511-73-1,C17H19N5,293.164046,12,359,3,Inactive,6.055542408963849e-12,0.09486969601129708,0.11066376780932052,34,1.5314789170422551
https://comptox.epa.gov/dashboard/chemical/details/DTXSID6042234,Octyl beta-D-glucopyranoside,29836-26-8,C14H28O6,292.188589,1,355,0,Inactive,-1.76202721108954e-12,-0.05111511675283411,0.05962485018617913,100,2
https://comptox.epa.gov/dashboard/chemical/details/DTXSID9025291,2-Ethylhexaldehyde,123-05-7,C8H16O,128.120115,4,358,1,Inactive,0,-0.061214555689257794,0.07140566126131646,0.009560000715338702,-2.019542075227285
https://comptox.epa.gov/dashboard/chemical/details/DTXSID1030606,Acesulfame potassium,55589-62-3,C4H4KNO4S,200.949810,4,354,1,Inactive,0,-0.1399582570495514,0.16325875081632396,0.34026218758772225,-0.4681863101884003
https://comptox.epa.gov/dashboard/chemical/details/DTXSID3021726,Salicylamide,65-45-2,C7H7NO2,137.047678,1,359,0,Inactive,-1.3304723895124751e-11,-0.10783142903874254,0.12578339266808278,100,2
https://comptox.epa.gov/dashboard/chemical/details/DTXSID9048192,4-Butylchlorobenzene,15499-27-1,C10H13Cl,168.070578,2,355,1,Inactive,9.561065245938324e-9,0.14588983127125232,0.17017782381868604,100.00000000000001,2
https://comptox.epa.gov/dashboard/chemical/details/DTXSID4041440,2-Methylbutyl isovalerate,2445-77-4,C10H20O2,172.146330,21,362,6,Inactive,1.558549985866759e-17,0.1075640545633999,0.1254715052256066,184.21066068430812,2.265314760184365
https://comptox.epa.gov/dashboard/chemical/details/DTXSID7021815,"3,4-Dichloroaniline",95-76-1,C6H5Cl2N,160.979905,26,380,7,Inactive,5.791996341020106e-12,0.13524886500132993,0.15776533099883683,100,2
https://comptox.epa.gov/dashboard/chemical/details/DTXSID4026769,Hexamethyldisiloxane,107-46-0,C6H18OSi2,162.089618,2,354,1,Inactive,4.357754311067757e-8,0.10993354470191119,0.12823547219861622,100,2
https://comptox.epa.gov/dashboard/chemical/details/DTXSID0042406,Sodium methyl sulfate,512-42-5,CH3NaO4S,133.964974,5,355,1,Inactive,1.5554120627161606e-9,0.03373191097954113,0.039347658117931526,99.99999999999999,2
https://comptox.epa.gov/dashboard/chemical/details/DTXSID8029153,Benzyl benzoate,120-51-4,C14H12O2,212.083730,11,364,3,Inactive,3.3199235606558663e-10,0.040810895782478054,0.0476051646083564,100,2
https://comptox.epa.gov/dashboard/chemical/details/DTXSID6022008,1-Nonanol,143-08-8,C9H20O,144.151415,1,365,0,Inactive,1.487298799385096e-8,0.10118321326758023,0.11802837038616718,100,2
https://comptox.epa.gov/dashboard/chemical/details/DTXSID6021113,Peppermint oil,8006-90-4,, ,9,356,3,Inactive,0,0.07271214765149578,0.08481739230685394,0.1708630195821496,-0.7673519228221883
https://comptox.epa.gov/dashboard/chemical/details/DTXSID4047882,Phenylparaben,17696-62-7,C13H10O3,214.062994,65,409,16,Inactive,-4.8375364074651674e-15,-0.034796669699471976,0.040589679719237645,100,2
https://comptox.epa.gov/dashboard/chemical/details/DTXSID1026035,Sodium 2-mercaptobenzothiolate,2492-26-4,C7H4NNaS2,188.968286,58,487,12,Inactive,4.969541961611729e-17,0.15094843253007784,0.17607858980279906,175.42740066847,2.2440974284240855
https://comptox.epa.gov/dashboard/chemical/details/DTXSID4020664,"3-Chloro-1,2-propanediol",96-24-2,C3H7ClO2,110.013457,5,360,1,Inactive,-7.44109355382036e-8,-0.12081864592134099,0.14093274397847402,100,2
https://comptox.epa.gov/dashboard/chemical/details/DTXSID9027364,"N,N-Dimethyloctanamide",1118-92-9,C10H21NO,171.162314,1,355,0,Inactive,0,0.09813905242862407,0.11447741236247587,0.009140000091610333,-2.03905379991323
https://comptox.epa.gov/dashboard/chemical/details/DTXSID3042130,Diphenylmercury(II),587-85-9,C12H10Hg,356.048893,103,378,27,Inactive,0,0.2631352071152552,0.3069424135099212,25.80963274129478,1.4117818247854848
https://comptox.epa.gov/dashboard/chemical/details/DTXSID0020573,17beta-Estradiol,50-28-2,C18H24O2,272.177630,195,671,29,Active,0.9999993228061709,1.3762897006121861,1.605416800837748,9.039386419986153,0.9561389522167397
https://comptox.epa.gov/dashboard/chemical/details/DTXSID3022405,2-Hydroxy-4-methoxybenzophenone,131-57-7,C14H12O3,228.078644,70,522,13,Inactive,5.867910226789231e-14,0.2906146933092778,0.3389967323024324,23.61128326659241,1.3731195915028966
https://comptox.epa.gov/dashboard/chemical/details/DTXSID2034598,Fenoxaprop-P-ethyl,71283-80-2,C18H16ClNO5,361.071700,44,378,12,Inactive,2.528509501823475e-15,0.1638663238370376,0.19114707409528803,10.021606274637097,1.0009373363318819
https://comptox.epa.gov/dashboard/chemical/details/DTXSID5026259,Tris(2-chloroisopropyl)phosphate,13674-84-5,C9H18Cl3O4P,326.000829,22,525,4,Inactive,6.137400433545043e-21,0.13549244073233543,0.15804945764067585,0.45729094113373936,-0.3398074018438909
https://comptox.epa.gov/dashboard/chemical/details/DTXSID4042418,Sodium tridecyl sulfate,3026-63-9,C13H27NaO4S,302.152775,70,380,18,Inactive,-1.4957308209178385e-13,-0.29552478475476646,0.34472426430149544,0.013194904840163044,-1.8795937375046448
https://comptox.epa.gov/dashboard/chemical/details/DTXSID5042243,Oleyl sarcosine,110-25-8,C21H39NO3,353.292994,103,387,27,Inactive,0,-0.12022617337513393,0.14024163557354094,0.0010295352451482867,-2.987358781137834
https://comptox.epa.gov/dashboard/chemical/details/DTXSID7026235,Trimellitic anhydride,552-30-7,C9H4O5,192.005873,2,363,1,Inactive,-1.0924086051246373e-9,-0.008725620520231585,0.010178276982443012,100,2
https://comptox.epa.gov/dashboard/chemical/details/DTXSID1040110,Ethyl propionate,105-37-3,C5H10O2,102.068080,0,360,0,Inactive,-1.3449453851883032e-11,-0.05905022608028727,0.06888101029920703,100,2
https://comptox.epa.gov/dashboard/chemical/details/DTXSID1022396,Chrysin,480-40-0,C15H10O4,254.057909,127,423,30,Inactive,0,-0.0699032441639956,0.08154085768717416,1.5237132537324523,0.18290324519335738
https://comptox.epa.gov/dashboard/chemical/details/DTXSID9029302,2-Propyl-1-heptanol,10042-59-8,C10H22O,158.167065,1,362,0,Inactive,-8.621822868358283e-10,-0.08569464316965612,0.09996123623185353,100,2
https://comptox.epa.gov/dashboard/chemical/details/DTXSID9044663,C.I. Acid Red 1,3734-67-6,C18H13N3Na2O8S2,508.993945,42,361,12,Inactive,1.7459703129332843e-7,0.4433992704695007,0.5172171512831231,0.01041982597333358,-1.9821395343428347
https://comptox.epa.gov/dashboard/chemical/details/DTXSID6024624,Bisphenol A diglycidyl ether,1675-54-3,C21H24O4,340.167459,109,382,29,Inactive,-0.8099231847653087,-0.9195251185947346,1.0726092577221737,100,2
https://comptox.epa.gov/dashboard/chemical/details/DTXSID1021790,2-Nitrophenol,88-75-5,C6H5NO3,139.026943,6,362,2,Inactive,1.3000011481112454e-7,0.11579210855535002,0.13506937993977552,100,2
https://comptox.epa.gov/dashboard/chemical/details/DTXSID0048185,Apomorphine hydrochloride,41372-20-7,C34H38Cl2N2O5,624.215778,155,369,42,Inactive,0.0000017310650829173975,0.16833833620183458,0.19636359484728214,40,1.6020599913279625
https://comptox.epa.gov/dashboard/chemical/details/DTXSID9027528,3-(Methylthio)propanal,3268-49-3,C4H8OS,104.029586,16,474,3,Inactive,0,-0.16295693692435156,0.19008629086960616,0.07110037385927737,-1.1481281156613126
https://comptox.epa.gov/dashboard/chemical/details/DTXSID9044536,Celestolide,13171-00-1,C17H24O,244.182715,64,366,17,Inactive,1.3638360117845535e-15,0.23302294664515885,0.27181701160624366,2.061237138054757,0.3141279587002292
https://comptox.epa.gov/dashboard/chemical/details/DTXSID0044575,"2,2-Dichloro-1-(1-oxa-4-azaspiro[4.5]decan-4-yl)ethanone",71526-07-3,C10H15Cl2NO2,251.047984,31,364,9,Inactive,1.6466508987163742e-8,0.2642599895897271,0.3082544517246966,100,2
https://comptox.epa.gov/dashboard/chemical/details/DTXSID9025796,Nonane,111-84-2,C9H20,128.156501,5,362,1,Inactive,5.67350197227867e-13,0.2061433152010865,0.24046241242451213,160.50816027390096,2.205497116939249
https://comptox.epa.gov/dashboard/chemical/details/DTXSID3041409,2-Chloro-N-phenylacetamide,587-65-5,C8H8ClNO,169.029442,133,365,36,Inactive,1.8953477218766317e-10,0.13739203750986795,0.16026530258968,100.00000000000001,2
https://comptox.epa.gov/dashboard/chemical/details/DTXSID5024057,Dimethylamine,124-40-3,C2H7N,45.057849,0,363,0,Inactive,6.635752687902537e-9,0.15929243092697012,0.1858117115478616,100,2
https://comptox.epa.gov/dashboard/chemical/details/DTXSID5047033,gamma-Cyclodextrin,17465-86-0,C48H80O40,1296.422587,2,359,1,Inactive,0,-0.09882521185158084,0.11527780479815126,0.3422658675808966,-0.4656364086634168
https://comptox.epa.gov/dashboard/chemical/details/DTXSID6023868,Hydramethylnon,67485-29-4,C25H24F6N4,494.190516,203,389,52,Inactive,-0.0344644073545486,-0.8155823654708787,0.9513619344906313,17.13967060877505,1.2340024713697946
https://comptox.epa.gov/dashboard/chemical/details/DTXSID1026033,Sodium ethasulfate,126-92-1,C8H17NaO4S,232.074524,3,355,1,Inactive,1.333323700878171e-19,0.18044340873041642,0.21048394087915354,23.843216914823486,1.3773648498142192
https://comptox.epa.gov/dashboard/chemical/details/DTXSID4021006,N-Nitroso-N-methylurea,684-93-5,C2H5N3O2,103.038176,9,360,2,Inactive,9.208553353214677e-12,0.02885386503934335,0.0336575066155491,100,2
https://comptox.epa.gov/dashboard/chemical/details/DTXSID4048191,"4,4'-Methylenebis(2,6-diethylaniline)",13680-35-8,C21H30N2,310.240899,127,364,35,Inactive,5.354181271568096e-12,0.20880931329151975,0.24357225050836837,60.200378491299624,1.7795992217589234
https://comptox.epa.gov/dashboard/chemical/details/DTXSID2020212,4-Methyl-2-tert-butylphenol,2409-55-4,C11H16O,164.120115,177,480,37,Inactive,-1.701683557708242e-9,-0.05891148741572736,0.06871917418075668,33.35,1.523095838252568
https://comptox.epa.gov/dashboard/chemical/details/DTXSID7024586,Benzothiazole,95-16-9,C7H5NS,135.014270,8,422,2,Inactive,-1.6227716076717923e-16,-0.23305856598162325,0.27185856091171995,23.670860892086473,1.3742140531924416
https://comptox.epa.gov/dashboard/chemical/details/DTXSID1047497,Octyl decyl phthalate,119-07-3,C26H42O4,418.308310,12,368,3,Inactive,2.5000648330899774e-8,0.09790764760266313,0.11420748285909632,100,2
https://comptox.epa.gov/dashboard/chemical/details/DTXSID9021348,Thiourea,62-56-6,CH4N2S,76.009519,5,367,1,Inactive,4.1247239648575733e-16,0.3963511691552961,0.4623364003309483,26.070146110389487,1.4161434651828317
https://comptox.epa.gov/dashboard/chemical/details/DTXSID4032619,Halofenozide,112226-61-6,C18H19ClN2O2,330.113506,37,360,10,Inactive,-3.2418680407286606e-8,-0.1686635158607235,0.19674291098067961,99.5,1.9978230807457253
https://comptox.epa.gov/dashboard/chemical/details/DTXSID8029105,4-Toluenesulfonamide,70-55-3,C7H9NO2S,171.035400,3,359,1,Inactive,-0.24206403475852317,-0.812661266163191,0.9479545254957145,0.009099977691511057,-2.0409596723454473
https://comptox.epa.gov/dashboard/chemical/details/DTXSID5044865,"2,2'-(Tetradecylimino)diethanol",18924-66-8,C18H39NO2,301.298079,156,378,41,Inactive,-0.9785046064639527,-1.387282101363749,1.6182392355622477,167.91308330232746,2.2250845364277296
https://comptox.epa.gov/dashboard/chemical/details/DTXSID5026548,"2,4,6-Tris(dimethylaminomethyl)phenol",90-72-2,C15H27N3O,265.215413,4,357,1,Inactive,-1.4434872659285782e-8,-0.35689092153716706,0.4163067421396653,180.79138052044357,2.257177721041764
https://comptox.epa.gov/dashboard/chemical/details/DTXSID5041643,Sodium 2-formylbenzenesulfonate,1008-72-6,C7H5NaO4S,207.980624,4,369,1,Inactive,-6.375984354727439e-7,-0.5010848327901178,0.5845063062292788,100,2
https://comptox.epa.gov/dashboard/chemical/details/DTXSID0044818,2-Butyloctan-1-ol,3913-02-8,C12H26O,186.198365,45,475,9,Inactive,1.2564574590825222e-9,0.06263275974103706,0.07305997038731651,33.35,1.523095838252568
https://comptox.epa.gov/dashboard/chemical/details/DTXSID1034929,Spiromesifen,283594-90-1,C23H30O4,370.214409,37,374,10,Inactive,0.0000054484338684640655,0.27340739269535214,0.3189247303900631,104,2.0170333392987803
https://comptox.epa.gov/dashboard/chemical/details/DTXSID7021655,Pentanoic acid,109-52-4,C5H10O2,102.068080,3,355,1,Inactive,2.264514263785123e-8,0.045729384163008965,0.053342491478794545,100,2
https://comptox.epa.gov/dashboard/chemical/details/DTXSID9041368,5-Ethyl-5-methylhydantoin,5394-36-5,C6H10N2O2,142.074228,1,360,0,Inactive,0.0000025108002738739713,0.08569654925173237,0.09996345964178505,100,2
https://comptox.epa.gov/dashboard/chemical/details/DTXSID7026867,Decanedioic acid,111-20-6,C10H18O4,202.120509,9,360,2,Inactive,0.000010367241534224884,0.19477521655530924,0.22720173296771343,100,2
https://comptox.epa.gov/dashboard/chemical/details/DTXSID7025003,"2,5-Dichlorophenol",583-78-8,C6H4Cl2O,161.963920,11,484,2,Inactive,0.0001294623739281011,0.19202437984495416,0.2239929321831105,100,2
https://comptox.epa.gov/dashboard/chemical/details/DTXSID1025148,"3,5-Dimethylphenol",108-68-9,C8H10O,122.073165,3,359,1,Inactive,0.0009718013649324179,0.36951554289018784,0.43103313238681984,102.5,2.010723865391773
https://comptox.epa.gov/dashboard/chemical/details/DTXSID6024676,Butyl acrylate,141-32-2,C7H12O2,128.083730,6,368,2,Inactive,8.089829218763998e-16,0.20549935532813088,0.23971124499323043,0.012114041568524603,-1.91671094041765
https://comptox.epa.gov/dashboard/chemical/details/DTXSID8020969,Nitroethane,79-24-3,C2H5NO2,75.032028,4,356,1,Inactive,2.2056383103995994e-8,0.6234508500665992,0.7272440306341649,0.24070160598198284,-0.6185210120648686
https://comptox.epa.gov/dashboard/chemical/details/DTXSID2042436,Sulisobenzone,4065-45-6,C14H12O6S,308.035459,4,359,1,Inactive,-6.222996233794949e-8,-0.07148201377240114,0.08338246360259945,99,1.99563519459755
https://comptox.epa.gov/dashboard/chemical/details/DTXSID6023862,Aldicarb sulfone,1646-88-4,C7H14N2O4S,222.067428,5,363,1,Inactive,-3.9230904124216144e-7,-0.17458576306052154,0.20365110418232965,100,2
https://comptox.epa.gov/dashboard/chemical/details/DTXSID6034186,Spironolactone,52-01-7,C24H32O4S,416.202131,219,692,32,Inactive,0,-0.3055540593566091,0.3564232299617424,24.190800391995136,1.3836502379392353
https://comptox.epa.gov/dashboard/chemical/details/DTXSID2044391,2-Isopropylphenol,88-69-7,C9H12O,136.088815,5,364,1,Inactive,-1.5311996967426487e-9,-0.34145393502995836,0.3982997793018595,178.2155878158687,2.2509456873908023
https://comptox.epa.gov/dashboard/chemical/details/DTXSID6022345,"o,p'-DDT",789-02-6,C14H9Cl5,351.914689,287,710,40,Inactive,0.002356031982194067,0.178047326487188,0.20768895470163812,70.5,1.8481891169913987
https://comptox.epa.gov/dashboard/chemical/details/DTXSID4022288,4-Hexyloxyaniline,39905-57-2,C12H19NO,193.146664,52,365,14,Inactive,0,0.14049939020339264,0.16388997275766423,0.009140000095989975,-2.0390537997051275
https://comptox.epa.gov/dashboard/chemical/details/DTXSID1027891,Calcium dodecylbenzene sulfonate,26264-06-2,, ,156,499,31,Inactive,2.7167587437617873e-20,0.24394649566980764,0.2845591320487242,0.02088346128644729,-1.6801975184560014
https://comptox.epa.gov/dashboard/chemical/details/DTXSID7024821,1-Chloro-4-(trifluoromethyl)benzene,98-56-6,C7H4ClF3,179.995362,3,359,1,Inactive,-7.235853006161884e-15,-0.5147379567621919,0.6004324259982043,23.82333868544659,1.377002624949421
https://comptox.epa.gov/dashboard/chemical/details/DTXSID5040708,4-Hexylaniline,33228-45-4,C12H19N,177.151750,51,368,14,Inactive,0.000001342975473230739,0.3688232199805483,0.4302255503564916,33.35,1.523095838252568
https://comptox.epa.gov/dashboard/chemical/details/DTXSID2026943,Pentaerythritol,115-77-5,C5H12O4,136.073559,8,597,1,Inactive,-3.6108383461328434e-7,-0.08578435205437747,0.10006588000754409,100,2
https://comptox.epa.gov/dashboard/chemical/details/DTXSID4036229,Sodium decyl sulfate,142-87-0,C10H21NaO4S,260.105825,18,363,5,Inactive,5.830731755757307e-7,0.11785427563269238,0.1374748601745163,99.5,1.9978230807457253
https://comptox.epa.gov/dashboard/chemical/details/DTXSID9034317,Benzalkonium chloride,8001-54-5,, ,181,392,46,Inactive,9.36101063108458e-9,0.30077569042706015,0.35084934987189886,13.099999999999998,1.1172712956557642
https://comptox.epa.gov/dashboard/chemical/details/DTXSID5034357,Lufenuron,103055-07-8,C17H8Cl2F8N2O3,509.978423,38,359,11,Inactive,-1.783257258025869e-8,-0.015034491216534477,0.017537459431931964,100,2
https://comptox.epa.gov/dashboard/chemical/details/DTXSID2021234,FD&C Red 4,4548-53-2,C18H14N2Na2O7S2,480.003782,49,362,14,Inactive,0.0000023446586804327926,0.33093517745380396,0.3860298406914157,100,2
https://comptox.epa.gov/dashboard/chemical/details/DTXSID5020029,Acrylonitrile,107-13-1,C3H3N,53.026549,5,367,1,Inactive,0.000018455761507679653,0.04800544463835609,0.05599747445601198,100,2
https://comptox.epa.gov/dashboard/chemical/details/DTXSID7025429,6-Hydroxy-2-naphthyl disulfide,6088-51-3,C20H14O2S2,350.043522,169,408,41,Inactive,2.3962835758557135e-16,0.3171288032196147,0.3699249572905142,26.276707221862196,1.419570942129307
https://comptox.epa.gov/dashboard/chemical/details/DTXSID3035214,1-Octen-3-ol,3391-86-4,C8H16O,128.120115,14,355,4,Inactive,-0.00017789459549425693,-0.26761247459834236,0.31216506426142754,100,2
https://comptox.epa.gov/dashboard/chemical/details/DTXSID7034674,Ipconazole,125225-28-7,C18H24ClN3O,333.160790,176,414,43,Inactive,1.1213149781596708e-11,0.39802323837139375,0.46428683853483277,11,1.041392685158225
https://comptox.epa.gov/dashboard/chemical/details/DTXSID9025403,Hexyl benzoate,6789-88-4,C13H18O2,206.130680,13,356,4,Inactive,-8.047242473699771e-11,-0.16027615631365127,0.18695920924582887,100,2
https://comptox.epa.gov/dashboard/chemical/details/DTXSID7027837,Tripropylene glycol,24800-44-0,C9H20O4, ,6,475,1,Inactive,-5.471050101165823e-7,-0.18933181772042476,0.22085210763861518,100,2
https://comptox.epa.gov/dashboard/chemical/details/DTXSID2027414,"2,3-Dihydro-2,2-dimethyl-7-benzofuranol",1563-38-8,C10H12O2,164.083730,6,472,1,Inactive,-0.0000052647673248968804,-0.07948815200005065,0.0927214776305186,100,2
https://comptox.epa.gov/dashboard/chemical/details/DTXSID5020493,Dimethyl phosphonate,868-85-9,C2H7O3P,110.013281,8,364,2,Inactive,8.53592471778547e-17,0.22782865840484876,0.26575796923625533,0.010915774544817188,-1.9619454428585872
https://comptox.epa.gov/dashboard/chemical/details/DTXSID6041472,"3,5-Dimethyl-1-hexyn-3-ol",107-54-0,C8H14O,126.104465,0,358,0,Inactive,0.0006527849534297693,0.24592905929773098,0.28687175631350087,100,2
https://comptox.epa.gov/dashboard/chemical/details/DTXSID1044487,Methyltrioctylammonium chloride,5137-55-3,C25H54ClN,403.394478,192,384,50,Inactive,0.6358475741365242,1.0686756868808678,1.2465906717184763,2.2899708690892924,0.35982995767864673
https://comptox.epa.gov/dashboard/chemical/details/DTXSID6048202,Isopropyl phenyl ketone,611-70-1,C10H12O,148.088815,3,361,1,Inactive,0,0.2041754337502481,0.23816691465116713,24.46305259373817,1.3885106490166212
https://comptox.epa.gov/dashboard/chemical/details/DTXSID7027916,Neodecanoic acid,26896-20-8,, ,6,362,2,Inactive,-2.3468860246766548e-17,-0.19579812769936775,0.22839494013601905,0.009140000082710955,-2.0390538003360907
https://comptox.epa.gov/dashboard/chemical/details/DTXSID9041237,alpha-Terpinene,99-86-5,C10H16,136.125201,17,463,4,Inactive,0.003028741306192527,0.4657678030263207,0.5433096359982463,100,2
https://comptox.epa.gov/dashboard/chemical/details/DTXSID6025018,Dicyclohexylamine,101-83-7,C12H23N,181.183050,6,370,2,Inactive,2.2286667170468346e-10,0.19784267076824327,0.2307798622867473,100,2
https://comptox.epa.gov/dashboard/chemical/details/DTXSID4041492,3-Phenylhexane,4468-42-2,C12H18,162.140851,12,362,3,Inactive,9.116820255246667e-9,0.18329931703906663,0.21381530576426439,100,2
https://comptox.epa.gov/dashboard/chemical/details/DTXSID7026811,Benzenethiol,108-98-5,C6H6S,110.019021,27,369,7,Inactive,0,0.09368455874595538,0.10928132683324394,0.00914000000709609,-2.0390538039289923
https://comptox.epa.gov/dashboard/chemical/details/DTXSID2042191,"N,N'-Dimethylthiourea",534-13-4,C3H8N2S,104.040819,22,365,6,Inactive,-1.2564871411617226e-12,-0.13154512866852983,0.1534449902072828,99.99999999999999,2
https://comptox.epa.gov/dashboard/chemical/details/DTXSID3021984,1-Dodecanamine,124-22-1,C12H27N,185.214350,52,386,13,Inactive,-2.2824613396857385e-9,-0.10696829704248104,0.12477656495766508,10.2,1.0086001717619175
https://comptox.epa.gov/dashboard/chemical/details/DTXSID4042096,L-Glucitol,6706-59-8,C6H14O6,182.079038,7,356,2,Inactive,0.004111072822002727,0.369893011963369,0.43147344316703723,100,2
https://comptox.epa.gov/dashboard/chemical/details/DTXSID2021997,1-(2-Aminoethyl)piperazine,140-31-8,C6H15N3,129.126597,6,356,2,Inactive,0.0016227072261155316,0.25108470122474424,0.292885718464819,99.99999999999999,2
https://comptox.epa.gov/dashboard/chemical/details/DTXSID5034981,Tributyltin benzoate,4342-36-3,C19H32O2Sn,412.142432,211,374,56,Inactive,-1.4115957554869484e-8,-0.03505680478602011,0.04089312254689667,0.137,-0.8632794328435931
https://comptox.epa.gov/dashboard/chemical/details/DTXSID8042006,Glyceryl monooctanoate,26402-26-6,, ,2,358,1,Inactive,4.248431975423525e-9,0.29460189722672425,0.34364773285455985,100,2
https://comptox.epa.gov/dashboard/chemical/details/DTXSID1021243,Rhodamine 6G,989-38-8,C28H31ClN2O3,478.202321,220,377,58,Inactive,0,0.17707775899909,0.206557971933805,0.10229973128838599,-0.9901255070515198
https://comptox.epa.gov/dashboard/chemical/details/DTXSID4048193,"4,4'-Di-tert-butylbiphenyl",1625-91-8,C20H26,266.203451,6,359,2,Inactive,-3.420606462169304e-11,-0.09181429644812217,0.1070997000190788,100,2
https://comptox.epa.gov/dashboard/chemical/details/DTXSID8044888,Barium bis(2-ethylhexanoate),2457-01-4,C16H30BaO4,424.119656,5,354,1,Inactive,-4.552439925952552e-9,-0.0677782595683946,0.07906210196460951,100,2
https://comptox.epa.gov/dashboard/chemical/details/DTXSID9037539,Endosulfan I,959-98-8,C9H6Cl6O3S,403.816881,103,398,26,Inactive,-1.6212127608759563e-11,-0.027612856109811627,0.032209892363568804,100,2
https://comptox.epa.gov/dashboard/chemical/details/DTXSID4022367,Estrone,53-16-7,C18H22O2,270.161980,121,686,18,Inactive,1.412644826856701e-15,0.40770418528975993,0.475579486313749,26.29485185287267,1.4198707283093486
https://comptox.epa.gov/dashboard/chemical/details/DTXSID5020576,17alpha-Ethinylestradiol,57-63-6,C20H24O2,296.177630,220,734,30,Inactive,0,0.5409428644817664,0.6309999722776648,25.53506797067924,1.4071370182225609
https://comptox.epa.gov/dashboard/chemical/details/DTXSID4021391,Tris(methylphenyl) phosphate,1330-78-5,C21H21O4P, ,100,557,18,Inactive,-0.000060273209712388416,-0.31774977140909866,0.3706493053429191,100,2
https://comptox.epa.gov/dashboard/chemical/details/DTXSID2026238,Trimethylamine,75-50-3,C3H9N,59.073499,1,358,0,Inactive,0.00009657725011953505,0.18034582863803084,0.2103701154834731,100,2
https://comptox.epa.gov/dashboard/chemical/details/DTXSID2022678,Bicalutamide,90357-06-5,C18H14F4N2O4S,430.061041,60,409,15,Inactive,2.297905868227766e-13,0.6384008504171292,0.7446829330139438,14.80795601212856,1.170495115650425
https://comptox.epa.gov/dashboard/chemical/details/DTXSID3024944,"1,2-Dibromo-2,4-dicyanobutane",35691-65-7,C6H6Br2N2,263.889774,257,483,53,Inactive,-0.000004713648484686679,-0.21170699151425115,0.24695233923541865,11.1,1.0453229787866574
https://comptox.epa.gov/dashboard/chemical/details/DTXSID6021907,Propanedinitrile,109-77-3,C3H2N2,66.021798,37,369,10,Inactive,-1.3615901704841477e-10,-0.05502859742165224,0.06418985391517582,100,2
https://comptox.epa.gov/dashboard/chemical/details/DTXSID1022055,tert-Butyl acetate,540-88-5,C6H12O2,116.083730,1,357,0,Inactive,-2.209660186483995e-8,-0.013101335430202915,0.01528246851204575,100,2
https://comptox.epa.gov/dashboard/chemical/details/DTXSID7037551,Fenuron,101-42-8,C9H12N2O,164.094963,4,366,1,Inactive,7.782885356602054e-20,0.163412868579765,0.19061812681904974,24.53803259902765,1.3898397390903252
https://comptox.epa.gov/dashboard/chemical/details/DTXSID3040352,Dinocap,39300-45-3,, ,318,509,62,Inactive,-0.000016117101037705832,-0.29278466496043304,0.3415279646037107,33.35,1.523095838252568
https://comptox.epa.gov/dashboard/chemical/details/DTXSID0021888,2-Pentanone,107-87-9,C5H10O,86.073165,3,359,1,Inactive,-7.322032892297003e-10,-0.15624973626204114,0.18226246378939653,100,2
https://comptox.epa.gov/dashboard/chemical/details/DTXSID4022525,2-Ethylhexyl p-hydroxybenzoate,5153-25-3,C15H22O3,250.156895,190,441,43,Inactive,-5.161728161487709e-10,-0.009315708468770837,0.010866603797746078,33.35,1.523095838252568
https://comptox.epa.gov/dashboard/chemical/details/DTXSID5026706,"1,2-Diphenoxyethane",104-66-5,C14H14O2,214.099380,24,493,5,Inactive,-0.000004570328018913758,-0.18019466045324167,0.21019378055667337,100,2
https://comptox.epa.gov/dashboard/chemical/details/DTXSID7041889,Diphenyl phosphite,4712-55-4,C12H11O3P,234.044581,22,395,6,Inactive,0.000002355080628058031,0.16623776808022678,0.19391332049571697,99.5,1.9978230807457253
https://comptox.epa.gov/dashboard/chemical/details/DTXSID4027650,Diallyldimethylammonium chloride,7398-69-8,C8H16ClN,161.097127,0,355,0,Inactive,0.0004970652178549613,0.12415713369202047,0.14482702899278183,100,2
https://comptox.epa.gov/dashboard/chemical/details/DTXSID7042198,N-Butyl-p-toluenesulfonamide,1907-65-9,C11H17NO2S,227.098000,12,365,3,Inactive,-0.000009682310156739487,-0.10122746898076225,0.11807999386736004,100,2
https://comptox.epa.gov/dashboard/chemical/details/DTXSID9034361,Denatonium saccharide,90823-38-4,C28H33N3O4S,507.219178,17,485,4,Inactive,-1.5402198637361753e-16,-0.11605219379723086,0.13537276462454045,0.04087439344411237,-1.388548679000269
https://comptox.epa.gov/dashboard/chemical/details/DTXSID1041978,Flufenoxuron,101463-69-8,C21H11ClF6N2O3,488.036239,58,379,15,Inactive,7.210578406609388e-13,0.26170180834565415,0.3052703800230804,0.01670702409745373,-1.7771009009834655
https://comptox.epa.gov/dashboard/chemical/details/DTXSID8042189,"N,N-Diisopropylaniline",4107-98-6,C12H19N,177.151750,1,360,0,Inactive,-1.1187690733218505e-7,-0.2199592642016955,0.25657846461558004,100,2
https://comptox.epa.gov/dashboard/chemical/details/DTXSID8026694,2-Ethylhexyl acetate,103-09-3,C10H20O2,172.146330,3,363,1,Inactive,-3.1943463674657287e-9,-0.01995300565090974,0.023274816693703734,100,2
https://comptox.epa.gov/dashboard/chemical/details/DTXSID4025612,2-Methylpentanedinitrile,4553-62-2,C6H8N2,108.068748,1,355,0,Inactive,0,-0.10663256777589492,0.12438494289955439,0.30537765590610055,-0.5151627428908832
https://comptox.epa.gov/dashboard/chemical/details/DTXSID6042494,Trimethoxypropylsilane,1067-25-0,C6H16O3Si,164.086871,1,356,0,Inactive,-2.066073222386246e-12,-0.07418069465238927,0.08653042556359167,100,2
https://comptox.epa.gov/dashboard/chemical/details/DTXSID5047796,Formalin,NOCAS_47796,, ,1,359,0,Inactive,-1.364744880853018e-12,-0.18649557558361685,0.21754368298379867,16.725030300560324,1.2233669132472884
https://comptox.epa.gov/dashboard/chemical/details/DTXSID6041682,Bromophenol blue,115-39-9,C19H10Br4O5S,665.698247,95,385,25,Inactive,1.3179452451123964e-7,0.19875478012457834,0.23184382119322627,93,1.968482948553935
https://comptox.epa.gov/dashboard/chemical/details/DTXSID3041661,2-Hydroxybenzonitrile,611-20-1,C7H5NO,119.037114,6,372,2,Inactive,-3.8388803615257096e-15,-0.25580617666823846,0.29839323334221496,61.3016692586622,1.787472300618831
https://comptox.epa.gov/dashboard/chemical/details/DTXSID4029692,Potassium nitrate,7757-79-1,KNO3,100.951524,9,478,2,Inactive,-4.378343774509664e-20,-0.3020860327362211,0.35237784024499386,0.3413600727065561,-0.46678727764800393
https://comptox.epa.gov/dashboard/chemical/details/DTXSID6021082,C.I. Acid Orange 10,1936-15-8,C16H10N2Na2O7S2,451.972482,31,362,9,Inactive,6.449638630097403e-8,0.027351657577971113,0.03190520904639772,100,2
https://comptox.epa.gov/dashboard/chemical/details/DTXSID7021152,4-Phenylphenol,92-69-3,C12H10O,170.073165,138,539,26,Inactive,0.000001731665958488064,0.24510374475678773,0.28590904197405864,100,2
https://comptox.epa.gov/dashboard/chemical/details/DTXSID4021842,Cyclohexanone oxime,100-64-1,C6H11NO,113.084064,19,362,5,Inactive,-3.145327790661032e-11,-0.046124371616758794,0.053803237130010305,99.99999999999999,2
https://comptox.epa.gov/dashboard/chemical/details/DTXSID6047448,Potassium chlorate,3811-04-9,ClKO3,121.917303,4,366,1,Inactive,-2.3136726836825776e-8,-0.10471720541081389,0.12215070768059894,100,2
https://comptox.epa.gov/dashboard/chemical/details/DTXSID1027479,2-(2H-Benzotriazol-2-yl)-4-methylphenol,2440-22-4,C13H11N3O,225.090212,42,482,9,Inactive,3.993555451283517e-9,0.049663403230498934,0.05793145287475293,100,2
https://comptox.epa.gov/dashboard/chemical/details/DTXSID2036588,"Glycols, polyethylene, mono(p-nonylphenyl) ether",26027-38-3,(C2H4O)nC15H24O, ,156,384,41,Inactive,0,0.3346246024832853,0.3903334876090131,3.392227588178041,0.5304849818435633
https://comptox.epa.gov/dashboard/chemical/details/DTXSID1024704,4-tert-Butyltoluene,98-51-1,C11H16,148.125201,7,358,2,Inactive,-8.848815329979894e-10,-0.32556796920412107,0.3797690902885004,182.4869878111363,2.2612319026374683
https://comptox.epa.gov/dashboard/chemical/details/DTXSID1026906,"N,N-Dimethyldodecan-1-amine",112-18-5,C14H31N,213.245650,31,483,6,Inactive,0.000004097448999933313,0.1941464878849691,0.22646833245611803,33.35,1.523095838252568
https://comptox.epa.gov/dashboard/chemical/details/DTXSID8042424,Sulfaquinoxaline,59-40-5,C14H12N4O2S,300.068097,11,361,3,Inactive,0,0.14438049238330847,0.1684172075706788,24.06421873159816,1.3813717664470524
https://comptox.epa.gov/dashboard/chemical/details/DTXSID3034614,Flucarbazone-sodium,181274-17-9,C12H10F3N4NaO6S,418.017084,22,369,6,Inactive,-1.6715126641944702e-15,-0.21891893087545447,0.25536493478993655,0.2720525108297192,-0.5653472615446598
https://comptox.epa.gov/dashboard/chemical/details/DTXSID4042171,4-Dodecylmorpholine,1541-81-7,C16H33NO,255.256215,31,378,8,Inactive,0.000010049142967414008,0.33917456680275343,0.3956409378925088,33.35,1.523095838252568
https://comptox.epa.gov/dashboard/chemical/details/DTXSID8026513,"1,2,3,6-Tetrahydrophthalimide",85-40-5,C8H9NO2,151.063329,1,359,0,Inactive,9.906460147242548e-12,0.21514599451564953,0.25096387343066884,184.13011291180715,2.265124819476238
https://comptox.epa.gov/dashboard/chemical/details/DTXSID4047597,Poloxalene,9003-11-6,, ,2,358,1,Inactive,3.4205995503092674e-10,0.04361720060631979,0.050878667934337506,13.6,1.1335389083702174
https://comptox.epa.gov/dashboard/chemical/details/DTXSID7037262,Pregnenolone carbonitrile,1434-54-4,C22H31NO2,341.235479,28,374,7,Inactive,0,-0.2268210022648417,0.2645825567515764,14.52482354480106,1.1621108650565375
https://comptox.epa.gov/dashboard/chemical/details/DTXSID6024046,Paraoxon,311-45-5,C10H14NO6P,275.055874,36,376,10,Inactive,6.189112844965485e-10,0.008792881526855369,0.010256735718294229,100,2
https://comptox.epa.gov/dashboard/chemical/details/DTXSID5022489,E-Cinnamic acid,140-10-3,C9H8O2,148.052429,10,389,3,Inactive,-4.895502424627331e-13,-0.12869841257716852,0.1501243478757637,99.99999999999999,2
https://comptox.epa.gov/dashboard/chemical/details/DTXSID8021937,1-Heptanol,111-70-6,C7H16O,116.120115,8,469,2,Inactive,0,-0.21035769547328861,0.24537841004558197,0.008688862870769682,-2.0610370568383347
https://comptox.epa.gov/dashboard/chemical/details/DTXSID9036226,Sodium octyl sulfate,142-31-4,C8H17NaO4S,232.074524,8,359,2,Inactive,8.321640878725825e-8,0.21459479424473848,0.25032090838112053,100,2
https://comptox.epa.gov/dashboard/chemical/details/DTXSID8044175,Clove leaf oil,8000-34-8,, ,71,634,11,Inactive,8.658992262895951e-9,0.3208495619867896,0.37426515444088887,50,1.6989700043360187
https://comptox.epa.gov/dashboard/chemical/details/DTXSID3027877,Diisodecylphenyl phosphite,25550-98-5,, ,27,360,8,Inactive,0,0.17406109098546346,0.20303908378876426,0.10145277512033296,-0.9937360688577086
https://comptox.epa.gov/dashboard/chemical/details/DTXSID7027887,Bis(2-ethylhexyl) tetrabromophthalate,26040-51-7,C24H34Br4O4,701.919062,14,486,3,Inactive,4.689347471210231e-7,0.39212119513126964,0.45740221288316113,73.5,1.866287339084195
https://comptox.epa.gov/dashboard/chemical/details/DTXSID5026623,4-tert-Butylcyclohexanol,98-52-2,C10H20O,156.151415,7,361,2,Inactive,3.817248660103359e-7,0.26697687820190547,0.3114236526727643,177.32374570977183,2.2487668965721612
https://comptox.epa.gov/dashboard/chemical/details/DTXSID2025478,Isopropyl acetate,108-21-4,C5H10O2,102.068080,5,368,1,Inactive,0.0000013558406369760494,0.045425291363740794,0.05298777278203924,100,2
https://comptox.epa.gov/dashboard/chemical/details/DTXSID6022391,Apigenin,520-36-5,C15H10O5,270.052823,169,424,40,Inactive,-3.739048186566523e-8,-0.04225250866697384,0.04928677971020904,100,2
https://comptox.epa.gov/dashboard/chemical/details/DTXSID8029157,alpha-Amylcinnamaldehyde,122-40-7,C14H18O,202.135765,76,478,16,Inactive,-7.130694084078427e-18,-0.1280234556046439,0.1493370228939291,0.13612146965800262,-0.8660733706185788
https://comptox.epa.gov/dashboard/chemical/details/DTXSID2032558,Kresoxim-methyl,143390-89-0,C18H19NO4,313.131408,144,472,31,Inactive,0.0000031011798344255468,0.34846983026824396,0.4064836929673118,100,2
https://comptox.epa.gov/dashboard/chemical/details/DTXSID3022409,"4,4'-Sulfonyldiphenol",80-09-1,C12H10O4S,250.029980,56,429,13,Inactive,0.00006644497813617259,0.3674734670014035,0.4286510881566103,100,2
https://comptox.epa.gov/dashboard/chemical/details/DTXSID5027774,Ethylenediaminetetraacetic acid ferric sodium salt,15708-41-5,C10H12FeN2NaO8,366.984071,4,363,1,Inactive,1.3088500882634584e-8,0.03428866780033309,0.03999710478143765,91.00000000000001,1.9590413923210936
https://comptox.epa.gov/dashboard/chemical/details/DTXSID4020828,4-Methoxyphenol,150-76-5,C7H8O2,124.052429,13,365,4,Inactive,5.4323906255875726e-11,0.08113051527923057,0.09463726440150265,100,2
https://comptox.epa.gov/dashboard/chemical/details/DTXSID8021777,Riboflavin,83-88-5,C17H20N4O6,376.138284,46,371,12,Inactive,-1.7121312047786348e-7,-0.09842458564603239,0.1148104816459419,94,1.9731278535996986
https://comptox.epa.gov/dashboard/chemical/details/DTXSID1040611,"3-Oxa-2,4-disilaheptan-1-ol, 2,2,4-trimethyl-4-(trimethylsiloxy)-, monoether with polyethylene glycol",27306-78-1,(C2H4O)nC11H30O3Si3, ,90,363,25,Inactive,1.35967182782509e-11,0.43711976409845316,0.5098922217827692,9.040504580525997,0.9561926705663627
https://comptox.epa.gov/dashboard/chemical/details/DTXSID2022048,Flavone,525-82-6,C15H10O2,222.068080,70,373,19,Inactive,0.00003234128216275698,0.5549432464519535,0.64733116215948,99.5,1.9978230807457253
https://comptox.epa.gov/dashboard/chemical/details/DTXSID5021916,2-Heptanone,110-43-0,C7H14O,114.104465,27,355,8,Inactive,1.8284842965255726e-10,0.0732196341502549,0.0854093660395236,100,2
https://comptox.epa.gov/dashboard/chemical/details/DTXSID1037565,Mepronil,55814-41-0,C17H19NO2,269.141579,36,364,10,Inactive,2.020935280629531e-9,0.2222172661094184,0.2592123826034641,100,2
https://comptox.epa.gov/dashboard/chemical/details/DTXSID1021087,Oxazepam,604-75-1,C15H11ClN2O2,286.050905,31,370,8,Inactive,6.759106935900474e-7,0.19177751036499954,0.22370496344327548,87,1.9395192526186185
https://comptox.epa.gov/dashboard/chemical/details/DTXSID9034997,Tributyltetradecylphosphonium chloride,81741-28-8,C26H56ClP,434.380816,222,396,56,Inactive,3.0905829764984515e-12,0.21421589635144078,0.2498789309083315,0.39892036502092243,-0.39911379224255106
https://comptox.epa.gov/dashboard/chemical/details/DTXSID5041487,"3,7-Dimethyloctan-3-yl acetate",20780-48-7,C12H24O2,200.177630,3,356,1,Inactive,0,-0.22786752156594553,0.2658033024039239,25.10650347368962,1.3997862337078208
https://comptox.epa.gov/dashboard/chemical/details/DTXSID9024194,(+/-)-2-(4-Chloro-2-methylphenoxy)propionic acid,93-65-2,C10H11ClO3,214.039672,6,472,1,Inactive,-4.022332070547687e-11,-0.052910892242802404,0.061719589499308745,100,2
https://comptox.epa.gov/dashboard/chemical/details/DTXSID1026118,Tetralin,119-64-2,C10H12,132.093900,4,354,1,Inactive,-4.579472076810019e-9,-0.09009236520090805,0.10509109866651807,100,2
https://comptox.epa.gov/dashboard/chemical/details/DTXSID7021029,N-Nitrosodimethylamine,62-75-9,C2H6N2O,74.048013,6,594,1,Inactive,0.0000015953266408153445,0.09808272866502427,0.11441171172086727,100,2
https://comptox.epa.gov/dashboard/chemical/details/DTXSID1041425,(2E)-2-Hexenal,6728-26-3,C6H10O,98.073165,6,356,2,Inactive,-9.94690027170146e-10,-0.1494209944156833,0.17429686113767995,100,2
https://comptox.epa.gov/dashboard/chemical/details/DTXSID1041184,(-)-beta-Pinene,18172-67-3,C10H16,136.125201,6,356,2,Inactive,1.956035278039512e-9,0.00728827898752703,0.008501644334447929,100,2
https://comptox.epa.gov/dashboard/chemical/details/DTXSID9023833,Poly[oxy(dimethylsilylene)],9016-00-6,(C2H6OSi)n, ,4,361,1,Inactive,0,-0.06753686646246115,0.07878052131505615,0.0011800000560117166,-2.928117972078977
https://comptox.epa.gov/dashboard/chemical/details/DTXSID1027926,n-Dodecylphenol,27193-86-8,C18H30O, ,202,406,50,Inactive,0.000014635074787578773,0.013577759723014166,0.015838208748760598,11.1,1.0453229787866574
https://comptox.epa.gov/dashboard/chemical/details/DTXSID3032591,"1-Bromo-3-chloro-5,5-dimethylhydantoin",16079-88-2,C5H6BrClN2O2,239.930118,8,369,2,Inactive,-3.625254320894315e-15,-0.0013645989729550011,0.0015917797805312568,100,2
https://comptox.epa.gov/dashboard/chemical/details/DTXSID7020683,"Hexachloro-1,3-butadiene",87-68-3,C4Cl6,257.813116,83,487,17,Inactive,4.690037332292687e-8,0.22653913991092767,0.2642537694633361,178.44467643401023,2.2515035961144862
https://comptox.epa.gov/dashboard/chemical/details/DTXSID9023380,Norethindrone,68-22-4,C20H26O2,298.193280,156,677,23,Active,0.9999999770060203,1.8939119925010361,2.209213751085116,0.10360753998257358,-0.9846086378951311
https://comptox.epa.gov/dashboard/chemical/details/DTXSID1022508,4-Dodecylphenol,104-43-8,C18H30O,262.229666,200,407,49,Inactive,6.723706848937874e-8,0.071315576478755,0.08318831753917498,11.1,1.0453229787866574
https://comptox.epa.gov/dashboard/chemical/details/DTXSID9037749,5-Chlorosalicylanilide,4638-48-6,C13H10ClNO2,247.040006,126,366,34,Inactive,3.2025816593069936e-16,0.2665264332672087,0.31089821688283376,44.194051515094124,1.6453638175838445
https://comptox.epa.gov/dashboard/chemical/details/DTXSID1048201,Cyclobutyl phenyl ketone,5407-98-7,C11H12O,160.088815,17,360,5,Inactive,-4.727794703948969e-10,-0.07122658552319959,0.0830845112147451,100,2
https://comptox.epa.gov/dashboard/chemical/details/DTXSID4036435,1-Octyl-2-pyrrolidone,2687-94-7,C12H23NO,197.177964,18,367,5,Inactive,4.3440119277894025e-19,0.34347751501655077,0.40066024839994946,16.165036069915065,1.2085766780133094
https://comptox.epa.gov/dashboard/chemical/details/DTXSID2022381,meso-Hexestrol,84-16-2,C18H22O2,270.161980,335,722,46,Inactive,-2.7067594666282627e-12,-0.2769620198387489,0.3230711380353319,0.04864442445087898,-1.3129669307087195
https://comptox.epa.gov/dashboard/chemical/details/DTXSID5028665,DINP branched,68515-48-0,, ,6,383,2,Inactive,0.0000017877815606456795,0.09586819057601728,0.11182849348374355,99.99999999999999,2
https://comptox.epa.gov/dashboard/chemical/details/DTXSID2021103,Pentachloroanisole,1825-21-4,C7H3Cl5O,277.862653,14,354,4,Inactive,4.1336256873599536e-8,0.399228736201638,0.46569302973802695,27.878550227800496,1.4452701853356813
https://comptox.epa.gov/dashboard/chemical/details/DTXSID3047473,Polymethylene polyphenyl polyisocyanate,9016-87-9,, ,11,373,3,Inactive,3.638828185073406e-12,0.0013158443024140548,0.0015349083477428484,25.35,1.4039779636693548
https://comptox.epa.gov/dashboard/chemical/details/DTXSID8044202,Octyl acetate,112-14-1,C10H20O2,172.146330,3,355,1,Inactive,6.955445348176356e-9,0.03898688293343158,0.045477486931555795,100,2
https://comptox.epa.gov/dashboard/chemical/details/DTXSID0042086,Laurocapram,59227-89-3,C18H35NO,281.271865,61,362,17,Inactive,0.0000018368292317718598,0.11495878497063079,0.13409732319703632,11.1,1.0453229787866574
https://comptox.epa.gov/dashboard/chemical/details/DTXSID4020292,2-Chloroacetaldehyde,107-20-0,C2H3ClO,77.987242,35,358,10,Inactive,-0.000003773027246579335,-0.3037686884166347,0.35434062736616423,100,2
https://comptox.epa.gov/dashboard/chemical/details/DTXSID5020106,L-Ascorbic acid,50-81-7,C6H8O6,176.032088,5,419,1,Inactive,2.4700798053999795e-9,0.12602793458434286,0.14700928406758232,100,2
https://comptox.epa.gov/dashboard/chemical/details/DTXSID5047611,gamma-Heptalactone,105-21-5,C7H12O2,128.083730,1,359,0,Inactive,-1.2416134186651454e-18,-0.20618846520004977,0.24051507907373662,0.20850738573934408,-0.6808785568579371
https://comptox.epa.gov/dashboard/chemical/details/DTXSID7047433,Equilin,474-86-2,C18H20O2,268.146330,137,571,24,Inactive,-2.300518151157575e-19,-0.23069432247375,0.26910071403753133,0.4727346410462406,-0.32538257230253587
https://comptox.epa.gov/dashboard/chemical/details/DTXSID4020618,"4-(5,6,7,8-Tetrahydroimidazo(1,5-a)pyridin-5-yl)benzonitrile monohydrochloride",102676-31-3,C14H14ClN3,259.087625,24,405,6,Inactive,-5.473488523731755e-7,-0.4765838278482363,0.5559263314219334,0.0036353188665624136,-2.43945748964264
https://comptox.epa.gov/dashboard/chemical/details/DTXSID7042273,"2,4-Diisopropylphenol",2934-05-6,C12H18O,178.135765,68,377,18,Inactive,-1.1885908032926945e-15,-0.6569121285033814,0.7662760008334806,8.133801910309945,0.9102935914387583
https://comptox.epa.gov/dashboard/chemical/details/DTXSID3037541,Endosulfan sulfate,1031-07-8,C9H6Cl6O4S,419.811796,149,516,29,Inactive,0.0000030673680095082748,0.343574367075228,0.400773224557605,100,2
https://comptox.epa.gov/dashboard/chemical/details/DTXSID9041289,Myristyltrimethylammonium chloride,4574-04-3,C17H38ClN,291.269278,177,375,47,Inactive,0.03317969168280794,0.7618619552212347,0.8886980570204207,155.94259168710815,2.1929647476995644
https://comptox.epa.gov/dashboard/chemical/details/DTXSID9027738,Methylcyclopentadienylmanganese tricarbonyl,12108-13-3,C9H6MnO3,216.969738,10,381,3,Inactive,4.3972088183065027e-13,0.0682145094526197,0.07957097948740646,61.49999999999999,1.7888751157754168
https://comptox.epa.gov/dashboard/chemical/details/DTXSID6041719,"C.I. Acid Yellow 17, disodium salt",6359-98-4,C16H10Cl2N4Na2O7S2,549.916335,23,365,6,Inactive,1.5060775537867274e-8,0.0013372274577720604,0.0015598514079513178,100,2
https://comptox.epa.gov/dashboard/chemical/details/DTXSID8027826,Dicyclohexyl sodium sulfosuccinate,23386-52-9,C16H25NaO7S,384.121869,11,361,3,Inactive,-1.5599581454716247e-12,-0.014482101043959021,0.0168931063838231,99,1.99563519459755
https://comptox.epa.gov/dashboard/chemical/details/DTXSID1041920,2-(2-Ethylhexyloxy)ethanol,1559-35-9,C10H22O2,174.161980,3,358,1,Inactive,1.0206352548082221e-8,0.1055342509918935,0.1231037764293747,100,2
https://comptox.epa.gov/dashboard/chemical/details/DTXSID4029565,"1,2-Benzenedicarboxylic acid, diundecyl ester, branched and linear",85507-79-5,, ,6,360,2,Inactive,-2.7128543585266697e-18,-0.2453050582636655,0.28614387050327994,24.679215106743975,1.3923313433583484
https://comptox.epa.gov/dashboard/chemical/details/DTXSID1048207,Diphenyl phosphate,838-85-7,C12H11O4P,250.039496,3,360,1,Inactive,1.1898989011918124e-9,0.013376585610507403,0.015603542820527378,100,2
https://comptox.epa.gov/dashboard/chemical/details/DTXSID1042491,Triethoxypentylsilane,2761-24-2,C11H26O3Si,234.165121,8,357,2,Inactive,0,0.06328173395058348,0.07381698695065546,0.009140002992596541,-2.0390536620705504
https://comptox.epa.gov/dashboard/chemical/details/DTXSID9024986,"4,4'-Dichlorodiphenyl sulfone",80-07-9,C12H8Cl2O2S,285.962206,46,510,9,Inactive,-3.53533668306475e-7,-0.03906440266684881,0.04556791228485832,101,2.0043213737826426
https://comptox.epa.gov/dashboard/chemical/details/DTXSID8020466,"N,N'-Diethylthiourea",105-55-5,C5H12N2S,132.072120,2,358,1,Inactive,7.988217201228749e-9,0.15692593873800398,0.1830512416282454,100,2
https://comptox.epa.gov/dashboard/chemical/details/DTXSID8041379,"2,6-Di-tert-butyl-4-methoxyphenol",489-01-0,C15H24O2,236.177630,37,363,10,Inactive,5.737861575816112e-10,0.03979357804090387,0.04641848204189743,100,2
https://comptox.epa.gov/dashboard/chemical/details/DTXSID0038887,Fluorescein,2321-07-5,C20H12O5,332.068473,78,499,16,Inactive,4.779031969707422e-10,0.050809510091614246,0.05926836559710456,100,2
https://comptox.epa.gov/dashboard/chemical/details/DTXSID0020652,Gemfibrozil,25812-30-0,C15H22O3,250.156895,23,391,6,Inactive,3.5744712520439764e-7,0.05347558183468608,0.06237828959541861,100,2
https://comptox.epa.gov/dashboard/chemical/details/DTXSID2025347,Furfuryl alcohol,98-00-0,C5H6O2,98.036779,21,467,4,Inactive,-9.929819330034381e-10,-0.2853570517934567,0.33286378949356976,100,2
https://comptox.epa.gov/dashboard/chemical/details/DTXSID6040795,Chloramine-T trihydrate,7080-50-4,C7H13ClNNaO5S,281.010066,5,357,1,Inactive,1.0723289627555449e-7,0.46933976044860903,0.5474762590973424,105,2.0211892990699383
https://comptox.epa.gov/dashboard/chemical/details/DTXSID1026241,"3,3,5-Trimethylcyclohexyl salicylate",118-56-9,C16H22O3,262.156895,30,372,8,Inactive,-6.634261270535459e-17,-0.22020267358892803,0.2568623972204458,38.71392862679414,1.5878672450561027
https://comptox.epa.gov/dashboard/chemical/details/DTXSID0044571,3-Isopropylphenol,618-45-1,C9H12O,136.088815,12,375,3,Inactive,-5.963707263594614e-9,-0.04203711579250878,0.04903552785582611,104.5,2.019116290447073
https://comptox.epa.gov/dashboard/chemical/details/DTXSID9032531,Bromuconazole,116255-48-2,C13H12BrCl2N3O,374.954080,110,437,25,Inactive,-1.4238089944178697e-10,-0.07689893474877832,0.08970120299330918,99.5,1.9978230807457253
https://comptox.epa.gov/dashboard/chemical/details/DTXSID1040794,Sodium 2-phenylphenate tetrahydrate,6152-33-6,C12H17NaO5,264.097368,55,384,14,Inactive,8.296981241783336e-8,0.02314623290621326,0.026999657969691622,102,2.0086001717619175
https://comptox.epa.gov/dashboard/chemical/details/DTXSID9040710,Octamethyltrisiloxane,107-51-7,C8H24O2Si3,236.108410,0,355,0,Inactive,-0.000020487652910537517,-0.1924827060287325,0.2245275613061609,100,2
https://comptox.epa.gov/dashboard/chemical/details/DTXSID1021403,Trimethyl orthophosphate,512-56-1,C3H9O4P,140.023846,18,362,5,Inactive,1.9774075797371043e-10,0.02894448439743636,0.03376321244179988,100,2
https://comptox.epa.gov/dashboard/chemical/details/DTXSID9021138,"1,4-Benzenediamine",106-50-3,C6H8N2,108.068748,66,382,17,Inactive,9.162578354217286e-10,0.03571692859894325,0.0416631449189514,100,2
https://comptox.epa.gov/dashboard/chemical/details/DTXSID6031380,Glycoluril,496-46-8,C4H6N4O2,142.049075,8,360,2,Inactive,6.498411083807394e-10,0.12057175201806022,0.14064474674927507,100,2
https://comptox.epa.gov/dashboard/chemical/details/DTXSID4021977,4-Ethylphenol,123-07-9,C8H10O,122.073165,5,365,1,Inactive,-7.287678447761197e-15,-0.20298365552032502,0.23677672711118908,101,2.0043213737826426
https://comptox.epa.gov/dashboard/chemical/details/DTXSID9042415,Sodium 4-methylbenzenesulfonate,657-84-1,C7H7NaO3S,194.001360,2,360,1,Inactive,2.3187366093649375e-16,0.19197026000022188,0.2239298023726111,181.19412374856665,2.2581441090971226
https://comptox.epa.gov/dashboard/chemical/details/DTXSID0022436,"4,4-Bis(4-hydroxyphenyl)valeric acid",126-00-1,C17H18O4,286.120509,33,518,6,Inactive,3.463726296903488e-8,0.011007002847535355,0.012839467802775862,100,2
https://comptox.epa.gov/dashboard/chemical/details/DTXSID5041302,(Dicyclopentadienyloxy)ethyl methacrylate,68169-03-9,C16H22O3, ,11,359,3,Inactive,-0.0000015452550375114915,-0.2302834146432039,0.26862139755753367,106,2.0253058652647704
https://comptox.epa.gov/dashboard/chemical/details/DTXSID4020870,"2,2'-Methylenebis(4-methyl-6-tert-butylphenol)",119-47-1,C23H32O2,340.240230,209,375,56,Inactive,0.00000117307490247699,0.2359493016530279,0.27523055127943813,100,2
https://comptox.epa.gov/dashboard/chemical/details/DTXSID4038924,Hexyl salicylate,6259-76-3,C13H18O3,222.125594,68,475,14,Inactive,1.1897389388377804e-7,0.04226374130037819,0.04929988237193569,100,2
https://comptox.epa.gov/dashboard/chemical/details/DTXSID3021356,dl-alpha-Tocopheryl acetate,52225-20-4,C31H52O3,472.391646,3,361,1,Inactive,2.4948861769725076e-10,0.04066436375162916,0.04743423767045876,100.00000000000001,2
https://comptox.epa.gov/dashboard/chemical/details/DTXSID1032309,"2,4-D-Butotyl",1929-73-3,C14H18Cl2O4,320.058215,9,359,3,Inactive,-4.9110540997854424e-8,-0.084928202508569,0.09906719719806062,99.99999999999999,2
https://comptox.epa.gov/dashboard/chemical/details/DTXSID0022353,"3-Chloro[1,1′-biphenyl]-4-ol",92-04-6,C12H9ClO,204.034193,115,414,28,Inactive,1.570961216867408e-7,0.1554227470664935,0.1812977959959422,33.35,1.523095838252568
https://comptox.epa.gov/dashboard/chemical/details/DTXSID9022360,"4-(1,1,3,3-Tetramethylbutyl)phenol",140-66-9,C14H22O,206.167065,315,709,44,Inactive,0,0.10547801513610405,0.12303817833062143,0.6837967001288633,-0.16507299935586703
https://comptox.epa.gov/dashboard/chemical/details/DTXSID1029170,4-Methylpent-3-en-2-one,141-79-7,C6H10O,98.073165,11,391,3,Inactive,3.266506701732482e-7,0.14326540387797534,0.16711647719386458,100,2
https://comptox.epa.gov/dashboard/chemical/details/DTXSID8034324,Phoxim,14816-18-3,C12H15N2O3PS,298.054101,75,412,18,Inactive,-1.6921365494581368e-12,-0.26203961434271483,0.3056644245493627,173.95687435223155,2.2404415956834947
https://comptox.epa.gov/dashboard/chemical/details/DTXSID7029320,4-(Dimethylamino)benzoic acid 2-ethylhexyl ester,21245-02-3,C17H27NO2,277.204179,30,377,8,Inactive,-2.336558918601281e-15,-0.22406141253622153,0.261363545731022,0.009724585960069473,-2.0121288803966015
https://comptox.epa.gov/dashboard/chemical/details/DTXSID2027412,"3,6,9,12-Tetraoxahexadecan-1-ol",1559-34-8,C12H26O5,250.178024,6,355,2,Inactive,-0.00009914236642520034,-0.16816846987273135,0.19616544887662082,100,2
https://comptox.epa.gov/dashboard/chemical/details/DTXSID3026514,Phthalimide,85-41-6,C8H5NO2,147.032028,3,359,1,Inactive,2.2635576036221095e-7,0.00006270284695533772,0.00007314172584280829,100,2
https://comptox.epa.gov/dashboard/chemical/details/DTXSID5023902,Benz(a)anthracene,56-55-3,C18H12,228.093900,160,663,24,Inactive,-3.621003346578727e-15,-0.2754117690322801,0.3212627987815322,0.579961632568925,-0.23660073629008357
https://comptox.epa.gov/dashboard/chemical/details/DTXSID2029325,Methyl (2-pentyl-3-oxocyclopentyl)acetate,24851-98-7,C13H22O3,226.156895,7,371,2,Inactive,0,-0.25467482003234027,0.2970735264881984,25.738382981606566,1.4105812587989501
https://comptox.epa.gov/dashboard/chemical/details/DTXSID0025864,4-Ethoxyaniline,156-43-4,C8H11NO,137.084064,23,368,6,Inactive,-1.0388840915769469e-10,-0.2907550871845136,0.33916049919390734,48.80097097510513,1.6884284630874462
https://comptox.epa.gov/dashboard/chemical/details/DTXSID6041422,7-(Dimethylamino)-4-methylcoumarin,87-01-4,C12H13NO2,203.094629,96,409,23,Inactive,-8.556788905745023e-7,-0.10164508630186306,0.11856713684555559,100,2
https://comptox.epa.gov/dashboard/chemical/details/DTXSID1021871,4-Chlorophenol,106-48-9,C6H5ClO,128.002893,13,362,4,Inactive,-3.744628439276992e-8,-0.032320275899434626,0.037701011577419834,100.00000000000001,2
https://comptox.epa.gov/dashboard/chemical/details/DTXSID5041516,2-Ethyl-3-hydroxy-4-pyrone,4940-11-8,C7H8O3,140.047344,8,361,2,Inactive,-5.040501469550041e-10,-0.06602552083300386,0.07701756423972225,100,2
https://comptox.epa.gov/dashboard/chemical/details/DTXSID8021931,1-Hexanol,111-27-3,C6H14O,102.104465,1,358,0,Inactive,1.5639742799009783e-10,0.25762677464441697,0.30051692763218024,169.43810761536383,2.229011092333791
https://comptox.epa.gov/dashboard/chemical/details/DTXSID2041709,"C.I. Acid Orange 8, monosodium salt",5850-86-2,C17H13N2NaO4S,364.049372,46,370,12,Inactive,-3.968794518820172e-15,-0.266272065469532,0.31060150149231636,23.370304667149547,1.3686643741123552
https://comptox.epa.gov/dashboard/chemical/details/DTXSID0042038,Heptyl butyrate,5870-93-9,C11H22O2,186.161980,5,356,1,Inactive,-4.8217758492340605e-8,-0.09349761628631933,0.10906326186817435,100,2
https://comptox.epa.gov/dashboard/chemical/details/DTXSID6048208,Methyl 2-methylbenzoate,89-71-4,C9H10O2,150.068080,2,363,1,Inactive,-6.405587707012276e-7,-0.11499064429766905,0.1341344865201854,100,2
https://comptox.epa.gov/dashboard/chemical/details/DTXSID3032416,Cybutryne,28159-98-0,C11H19N5S,253.136117,43,373,12,Inactive,-2.5251461156826356e-9,-0.08433037923252325,0.09836984726449009,100,2
https://comptox.epa.gov/dashboard/chemical/details/DTXSID6023159,Iopanoic acid,96-83-3,C11H12I3NO2,570.800210,52,366,14,Inactive,-0.0005866045623210987,-0.32878922756675966,0.38352662933926773,88.5,1.9469432706978254
https://comptox.epa.gov/dashboard/chemical/details/DTXSID7027540,N-Butylbenzenesulfonamide,3622-84-2,C10H15NO2S,213.082350,17,420,4,Inactive,0,-0.11702073190821459,0.1365025466427691,0.1395775194496805,-0.8551845241566065
https://comptox.epa.gov/dashboard/chemical/details/DTXSID0047741,Dibenzothiophene,132-65-0,C12H8S,184.034671,18,471,4,Inactive,-2.0037300968891977e-8,-0.10956542017512182,0.12780606166110714,100,2
https://comptox.epa.gov/dashboard/chemical/details/DTXSID0041357,"Ethyl (2E,4Z)-deca-2,4-dienoate",3025-30-7,C12H20O2,196.146330,121,367,33,Inactive,-4.651092358954363e-10,-0.15508878921053115,0.1809082402559732,103.5,2.0149403497929366
https://comptox.epa.gov/dashboard/chemical/details/DTXSID4029353,Acetylcedrene,32388-55-9,C17H26O,246.198365,64,383,17,Inactive,-0.000004998327139002426,-0.2572338078605686,0.30005853905550145,100.00000000000001,2
https://comptox.epa.gov/dashboard/chemical/details/DTXSID7040360,"Ethyl 5,5-diphenyl-2-isoxazoline-3-carboxylate",163520-33-0,C18H17NO3,295.120843,26,480,5,Inactive,6.3068889237892346e-15,0.16984762638462791,0.19812415428162078,184.53870519494268,2.2660874690839785
https://comptox.epa.gov/dashboard/chemical/details/DTXSID0032316,"4-Chloro-3,5-dimethylphenol",88-04-0,C8H9ClO,156.034193,53,409,13,Inactive,0,0.18499597970985027,0.21579443178389435,1.5782407055422876,0.19817324039217926
https://comptox.epa.gov/dashboard/chemical/details/DTXSID7042061,Isobornyl acetate,125-12-2,C12H20O2,196.146330,2,358,1,Inactive,8.344369735279754e-10,0.2444532202831524,0.28515021705597215,182.35909367386327,2.260927425088281
https://comptox.epa.gov/dashboard/chemical/details/DTXSID2024666,"1,4-Butanediol",110-63-4,C4H10O2,90.068080,2,476,0,Inactive,1.9695479786304062e-9,0.006949856766046909,0.008106880993634324,100,2
https://comptox.epa.gov/dashboard/chemical/details/DTXSID8042503,Tripropylene glycol butyl ether,55934-93-5,C13H28O4,248.198759,2,354,1,Inactive,-4.666342224797582e-10,-0.04955506653476012,0.05780508009770681,100,2
https://comptox.epa.gov/dashboard/chemical/details/DTXSID5041273,Pyrazolone T,118-47-8,C10H8N2O6S,284.010307,4,362,1,Inactive,2.4064931955100895e-12,0.1980193681001503,0.2309859764974259,183.36575490201002,2.2633182307572244
https://comptox.epa.gov/dashboard/chemical/details/DTXSID2047696,Cremophor EL,61791-12-6,, ,17,363,5,Inactive,-5.4465941685913694e-12,-0.038156543849015095,0.044508911553914364,50.00000000000001,1.6989700043360187
https://comptox.epa.gov/dashboard/chemical/details/DTXSID6026799,"2,4,6-Trichloro-s-triazine",108-77-0,C3Cl3N3,182.915780,14,354,4,Inactive,0,0.1840842086278469,0.21473086746824546,24.98240268004033,1.3976342042744594
https://comptox.epa.gov/dashboard/chemical/details/DTXSID9020372,Mitotane,53-19-0,C14H10Cl4,317.953661,160,417,38,Inactive,2.9903705757771705e-7,0.5143495137449692,0.5999793143126776,100,2
https://comptox.epa.gov/dashboard/chemical/details/DTXSID5026912,2-[2-(2-Methoxyethoxy)ethoxy]ethanol,112-35-6,C7H16O4,164.104859,1,419,0,Inactive,8.824355489693138e-15,0.16820782380798022,0.19621135452337493,0.14078518828107003,-0.8514430340161346
https://comptox.epa.gov/dashboard/chemical/details/DTXSID2025505,Linoleic acid,60-33-3,C18H32O2,280.240230,74,383,19,Inactive,4.5394264423015025e-12,0.1192405597887675,0.13909193532512465,100,2
https://comptox.epa.gov/dashboard/chemical/details/DTXSID6025436,8-Hydroxyquinoline sulfate,134-31-6,C18H16N2O6S,388.072907,94,366,26,Inactive,0.00003116158555262049,0.279946385589069,0.32655234618015594,95.5,1.9800033715837464
https://comptox.epa.gov/dashboard/chemical/details/DTXSID4022153,Tetrabutyltin,1461-25-2,C16H36Sn,348.183903,187,377,50,Inactive,0.0012969086336081963,0.6379227034425412,0.7441251833003973,33.35,1.523095838252568
https://comptox.epa.gov/dashboard/chemical/details/DTXSID5021251,Saccharin,81-07-2,C7H5NO3S,182.999014,11,515,2,Inactive,-0.00009789579212659478,-0.0834026180815193,0.09728763082537573,100,2
https://comptox.epa.gov/dashboard/chemical/details/DTXSID5020366,Cyproterone acetate,427-51-0,C24H29ClO4,416.175437,176,698,25,Inactive,8.983915068709748e-9,0.2686926052424583,0.31342501693156094,16.127897702300892,1.2075777600861695
https://comptox.epa.gov/dashboard/chemical/details/DTXSID3027875,Glyceryl monooleate,25496-72-4,, ,28,369,8,Inactive,-3.2300895550087425e-10,-0.03194750281919703,0.03726617858720908,99.99999999999999,2
https://comptox.epa.gov/dashboard/chemical/details/DTXSID1041267,1-Ethoxy-2-propanol,1569-02-4,C5H12O2,104.083730,4,357,1,Inactive,7.360097660603441e-9,0.04336669389118766,0.05058645642609407,100,2
https://comptox.epa.gov/dashboard/chemical/details/DTXSID6025272,Ethyl anthranilate,87-25-2,C9H11NO2,165.078979,13,368,4,Inactive,-1.010641925459346e-8,-0.15646684643742556,0.18251571884393916,100,2
https://comptox.epa.gov/dashboard/chemical/details/DTXSID8024523,"4-Androstene-3,17-dione",63-05-8,C19H26O2,286.193280,144,699,21,Active,0.9999998348367537,3.460797194018878,4.036956722918637,0.34190898574749434,-0.4660894853125846
https://comptox.epa.gov/dashboard/chemical/details/DTXSID8041957,Ethyl orthoformate,122-51-0,C7H16O3,148.109944,2,362,1,Inactive,2.4250122613159593e-12,0.12120494868534866,0.14138335909771246,100,2
https://comptox.epa.gov/dashboard/chemical/details/DTXSID4025296,2-Ethyl-2-hexenal,645-62-5,C8H14O,126.104465,5,367,1,Inactive,-4.799227538382872e-8,-0.01835615158807168,0.021412115592455996,100,2
https://comptox.epa.gov/dashboard/chemical/details/DTXSID9048198,4-Propylcyclohexanone,40649-36-3,C9H16O,140.120115,2,360,1,Inactive,-1.3404271226514985e-10,-0.07981393356700323,0.09310149587867979,100,2
https://comptox.epa.gov/dashboard/chemical/details/DTXSID7038810,Divinyltetramethyldisiloxane,2627-95-4,C8H18OSi2,186.089618,3,356,1,Inactive,0,0.07799160352779708,0.09097578116882507,0.2536534247556324,-0.5957592695877278
https://comptox.epa.gov/dashboard/chemical/details/DTXSID2020929,Niacinamide,98-92-0,C6H6N2O,122.048013,3,359,1,Inactive,0,0.149343884834135,0.174206914219042,0.9486024339954493,-0.02291576533728199
https://comptox.epa.gov/dashboard/chemical/details/DTXSID4022442,Bisphenol B,77-40-7,C16H18O2,242.130680,234,687,34,Inactive,0,-0.09054108148219575,0.10561451801381704,0.0030500000120375495,-2.515700158939168
https://comptox.epa.gov/dashboard/chemical/details/DTXSID5048211,Ethyl 4-methylbenzoate,94-08-6,C10H12O2,164.083730,2,356,1,Inactive,1.3395449994730146e-11,0.3248408986179265,0.3789209757280612,0.009250847141653694,-2.0338184951420986
https://comptox.epa.gov/dashboard/chemical/details/DTXSID5041728,C.I. Direct Yellow 12,2870-32-8,C30H26N4Na2O8S2,680.098745,48,376,13,Inactive,3.85030132320285e-10,0.05023985340063429,0.0586038714706121,81.5,1.9111576087399766
https://comptox.epa.gov/dashboard/chemical/details/DTXSID0042167,Monopotassium phthalate,877-24-7,C8H5KO4,203.982490,3,366,1,Inactive,0,0.11943749145466101,0.13932165251686254,0.06959208201369102,-1.1574401703517825
https://comptox.epa.gov/dashboard/chemical/details/DTXSID6040747,17alpha-Hydroxyprogesterone,68-96-2,C21H30O3,330.219495,86,652,13,Inactive,-1.0570859648647531e-11,-0.3781465941708033,0.44110109607835135,26.634841401984954,1.4254501151081642
https://comptox.epa.gov/dashboard/chemical/details/DTXSID1024255,Phenmedipham,13684-63-4,C16H16N2O4,300.111007,32,377,8,Inactive,-0.000043411639667863445,-0.0689663434146936,0.08044798007355992,100.00000000000001,2
https://comptox.epa.gov/dashboard/chemical/details/DTXSID9026922,Tetraethylene glycol,112-60-7,C8H18O5,194.115424,10,364,3,Inactive,-1.0270169198410586e-7,-0.033564931101217735,0.039152879139390175,100.00000000000001,2
https://comptox.epa.gov/dashboard/chemical/details/DTXSID3041611,Ascorbyl palmitate,137-66-6,C22H38O7,414.261754,50,371,13,Inactive,-4.40978441981189e-9,-0.020568181282072537,0.023992407832615418,100,2
https://comptox.epa.gov/dashboard/chemical/details/DTXSID2020688,Hexachlorocyclopentadiene,77-47-4,C5Cl6,269.813116,183,616,30,Inactive,0.000003674301556864399,0.20670653852602722,0.2411194021470112,11.1,1.0453229787866574
https://comptox.epa.gov/dashboard/chemical/details/DTXSID9044538,C.I. Disperse Orange 37,13301-61-6,C17H15Cl2N5O2,391.060280,75,377,20,Inactive,0.00003706284456308394,0.20500125263653526,0.23913021730024225,100,2
https://comptox.epa.gov/dashboard/chemical/details/DTXSID1041550,(S)-(-)-beta-Citronellol,7540-51-4,C10H20O,156.151415,5,354,1,Inactive,7.979988731482255e-9,0.4844171178904306,0.5650637211982138,170.17600498668506,2.2308983240416307
https://comptox.epa.gov/dashboard/chemical/details/DTXSID3041663,Benzyl cinnamate,103-41-3,C16H14O2,238.099380,28,376,7,Inactive,-6.73570599280093e-8,-0.011390993499192162,0.013287385885182686,100,2
https://comptox.epa.gov/dashboard/chemical/details/DTXSID1020354,Cyanoguanidine,461-58-5,C2H4N4,84.043596,1,357,0,Inactive,5.347801273984545e-7,0.07123291924055206,0.08309189938036524,100,2
https://comptox.epa.gov/dashboard/chemical/details/DTXSID3021770,"2,2',6,6'-Tetrachlorobisphenol A",79-95-8,C15H12Cl4O2,363.959140,241,566,43,Inactive,1.5530200694435115e-7,0.09099074499511314,0.1061390422895129,33.35,1.523095838252568
https://comptox.epa.gov/dashboard/chemical/details/DTXSID6032516,2-Hydroxyethyl octyl sulfide,3547-33-9,C10H22OS,190.139137,19,361,5,Inactive,6.037792954683937e-7,0.47816237148364416,0.5577676737439837,160.1281297303417,2.2044676311919873
https://comptox.epa.gov/dashboard/chemical/details/DTXSID7034549,1-Methyl-2-nitro-3-((tetrahydrofuran-3-yl)methyl)guanidine,165252-70-0,C7H14N4O3,202.106590,6,417,1,Inactive,0.000008970399399067674,0.2185703844352574,0.2549583617328864,95.5,1.9800033715837464
https://comptox.epa.gov/dashboard/chemical/details/DTXSID0041484,(3Z)-3-Hexenyl acetate,3681-71-8,C8H14O2,142.099380,2,363,1,Inactive,0.00002379810993818189,0.2697842305397371,0.3146983779046841,99.99999999999999,2
https://comptox.epa.gov/dashboard/chemical/details/DTXSID7026102,Tetrachlorophthalic anhydride,117-08-8,C8Cl4O3,283.860155,6,360,2,Inactive,-2.978310866254763e-7,-0.08285001713988224,0.09664303191900574,100,2
https://comptox.epa.gov/dashboard/chemical/details/DTXSID8027246,2-Pyrrolidinone,616-45-5,C4H7NO,85.052764,7,365,2,Inactive,0.0001277498870772372,0.225691764997324,0.26326532210207004,100,2
https://comptox.epa.gov/dashboard/chemical/details/DTXSID9029304,Glyceryl stearate,11099-07-3,, ,2,362,1,Inactive,5.673281534889927e-8,0.1875215772745332,0.21874049521857192,100,2
https://comptox.epa.gov/dashboard/chemical/details/DTXSID1020516,"1,1-Dimethylhydrazine",57-14-7,C2H8N2,60.068748,5,362,1,Inactive,5.838716074693292e-8,0.005058167160679459,0.0059002596165534885,100,2
https://comptox.epa.gov/dashboard/chemical/details/DTXSID8022408,Phenol red,143-74-8,C19H14O5S,354.056195,43,373,12,Inactive,-1.228189050616368e-7,-0.16057921261063554,0.18731271888159945,100,2
https://comptox.epa.gov/dashboard/chemical/details/DTXSID7035272,"2,6-Diisopropylnaphthalene",24157-81-1,C16H20,212.156501,17,354,5,Inactive,1.0404415871396894e-12,0.2325893033493505,0.27131117462123117,23.61601855437389,1.3732066813547967
https://comptox.epa.gov/dashboard/chemical/details/DTXSID9032535,Trinexapac-ethyl,95266-40-3,C13H16O5,252.099774,2,357,1,Inactive,0.000009292735221904993,0.12343215764932478,0.1439813576790818,100,2
https://comptox.epa.gov/dashboard/chemical/details/DTXSID0027721,4-(2-Phenylpropan-2-yl)-N-[4-(2-phenylpropan-2-yl)phenyl]aniline,10081-67-1,C30H31N,405.245650,48,375,13,Inactive,0.0000029794236859032747,0.1625498576042374,0.18961144027710797,100,2
https://comptox.epa.gov/dashboard/chemical/details/DTXSID0041567,"(9Z,12R)-12-Hydroxyoctadec-9-enoic acid",141-22-0,C18H34O3,298.250795,67,372,18,Inactive,-0.004738504814958158,-0.479885999140087,0.5597782539269286,100,2
https://comptox.epa.gov/dashboard/chemical/details/DTXSID3021980,Ethyl hexanoate,123-66-0,C8H16O2,144.115030,4,362,1,Inactive,-0.00002311966816471664,-0.08092095847936819,0.09439282022156058,100,2
https://comptox.epa.gov/dashboard/chemical/details/DTXSID6041715,"C.I. Acid Violet 12, disodium salt",6625-46-3,C19H15N3Na2O9S2,539.004510,48,367,13,Inactive,0.000018721199501264344,0.25999115280599355,0.30327493157745467,95,1.9777236052888478
https://comptox.epa.gov/dashboard/chemical/details/DTXSID3041530,"7-Ethyl-2-methyl-4-undecanolsulfate, sodium salt",139-88-8,C14H29NaO4S,316.168425,15,367,4,Inactive,0,-0.16947042111702054,0.1976841512257874,0.009140000113874454,-2.039053798855332
https://comptox.epa.gov/dashboard/chemical/details/DTXSID2023723,Tromethamine,77-86-1,C4H11NO3,121.073893,2,364,1,Inactive,-2.961395962473732e-15,-0.2842092827702548,0.3315249378894999,26.5503544565433,1.4240703234398329
https://comptox.epa.gov/dashboard/chemical/details/DTXSID5041306,"2,2',4,4'-Tetrahydroxybenzophenone",131-55-5,C13H10O5,246.052823,146,737,20,Inactive,0,-0.14385302265240163,0.16780192376265893,0.1532877475371341,-0.8144925574070114
https://comptox.epa.gov/dashboard/chemical/details/DTXSID6025226,Econazole nitrate,24169-02-6,C18H16Cl3N3O4,443.020639,184,376,49,Inactive,0.0000015142038764468557,0.3204398261447172,0.37378720506404195,11.05,1.0433622780211296
https://comptox.epa.gov/dashboard/chemical/details/DTXSID0037730,"1,4-Dihydroxy-2-naphthoic acid",31519-22-9,C11H8O4,204.042259,156,391,40,Inactive,-6.774005323442958e-18,-0.3568956698747774,0.4163122809887697,8.403513261801216,0.924460889779177
https://comptox.epa.gov/dashboard/chemical/details/DTXSID0029848,"Acetic acid, C8-10-branched alkyl esters, C9-rich",108419-33-6,, ,2,354,1,Inactive,-1.010444230439903e-15,-0.16326590037440417,0.1904466910915497,5.096781166135928,0.7072959872516746
https://comptox.epa.gov/dashboard/chemical/details/DTXSID8020381,Deltamethrin,52918-63-5,C22H19Br2NO3,502.973169,107,552,19,Inactive,3.75807815675519e-8,0.16092614105329603,0.1877174045740724,100,2
https://comptox.epa.gov/dashboard/chemical/details/DTXSID7032630,N-Benzyl-1H-purin-6-amine,1214-39-7,C12H11N5,225.101445,16,370,4,Inactive,-2.0719220438123484e-12,-0.34165210409888663,0.398530939901639,0.1590727765918264,-0.7984041383142692
https://comptox.epa.gov/dashboard/chemical/details/DTXSID8042507,1-Phenylurea,64-10-8,C7H8N2O,136.063663,1,355,0,Inactive,-8.108348310104634e-13,-0.13525129979375217,0.15776817113973118,0.008730000028661023,-2.05898575486862
https://comptox.epa.gov/dashboard/chemical/details/DTXSID9036515,Testosterone propionate,57-85-2,C22H32O3,344.235145,263,673,39,Active,0.999999954185216,5.362063335181249,6.254748954109732,0.3395635715282644,-0.46907890715850964
https://comptox.epa.gov/dashboard/chemical/details/DTXSID1027390,Phenolsulfonic acid,1333-39-7,C6H6O4S, ,5,365,1,Inactive,7.495989403423661e-8,0.033497214642324497,0.03907388912678448,100,2
https://comptox.epa.gov/dashboard/chemical/details/DTXSID0020494,Dimethyl methylphosphonate,756-79-6,C3H9O3P,124.028931,2,366,1,Inactive,0.00003310118570928593,0.06108043876079435,0.07124921631361673,100,2
https://comptox.epa.gov/dashboard/chemical/details/DTXSID6027713,Poly(oxyethylene) monoleate,9004-96-0,(C2H4O)nC18H34O2, ,42,362,12,Inactive,-1.9974689244038403e-11,-0.2523212550795755,0.29432813595352336,0.22746638751982226,-0.6430827695262358
https://comptox.epa.gov/dashboard/chemical/details/DTXSID6023523,Propofol,2078-54-8,C12H18O,178.135765,22,363,6,Inactive,-1.0757401262192328e-19,-0.20758606312026973,0.24214535152359873,24.40650881140244,1.3875056609256085
https://comptox.epa.gov/dashboard/chemical/details/DTXSID5021388,"2,4,5-Trichlorophenoxyacetic acid",93-76-5,C8H5Cl3O3,253.930427,20,470,4,Inactive,3.6647794970230494e-13,0.15217322518737153,0.1775072880693685,179.13251599856707,2.2531744258100033
https://comptox.epa.gov/dashboard/chemical/details/DTXSID7028774,Alkyl (C12-C14) glycidyl ether,68609-97-2,, ,24,358,7,Inactive,1.3070445960484212e-13,0.25136133632902047,0.293208408261821,43.8643494812121,1.6421116930513617
https://comptox.epa.gov/dashboard/chemical/details/DTXSID1038795,"1,1,1,3,5,5,5-Heptamethyltrisiloxane",1873-88-7,C7H22O2Si3,222.092760,3,354,1,Inactive,1.2858267333869786e-13,0.32638756501320954,0.3807251338316742,177.97346573260054,2.2503552576745682
https://comptox.epa.gov/dashboard/chemical/details/DTXSID2025892,N-Phenyl-1-naphthylamine,90-30-2,C16H13N,219.104799,234,485,48,Inactive,0.874631495394565,1.1151367614133365,1.3007866666505188,57.42150741865388,1.759074589327505
https://comptox.epa.gov/dashboard/chemical/details/DTXSID0034192,17beta-Trenbolone,10161-33-8,C18H22O2,270.161980,189,717,26,Active,0.9999999947777746,3.7791883416838754,4.408354181950725,0.055805220720411275,-1.2533251698078403
https://comptox.epa.gov/dashboard/chemical/details/DTXSID8027032,2-Amino-2-methylpropan-1-ol,124-68-5,C4H11NO,89.084064,3,355,1,Inactive,0.000005040813144305189,0.2378741298524368,0.27747582822126426,94.5,1.975431808509263
https://comptox.epa.gov/dashboard/chemical/details/DTXSID4034601,"(2R,6S)-Fenpropimorph",67564-91-4,C20H33NO,303.256215,65,375,17,Inactive,0.004680943338814873,0.4331044467715204,0.505208427451906,33.35,1.523095838252568
https://comptox.epa.gov/dashboard/chemical/details/DTXSID8020044,Allyl alcohol,107-18-6,C3H6O,58.041865,15,354,4,Inactive,0.00005805208322629632,0.2530384631239449,0.2951647460390413,100,2
https://comptox.epa.gov/dashboard/chemical/details/DTXSID6029755,"1,2-Propanediol monobutyl ether",29387-86-8,, ,1,362,0,Inactive,-3.636914408962535e-10,-0.08831726103015294,0.10302047206973412,100,2
https://comptox.epa.gov/dashboard/chemical/details/DTXSID4029698,Sodium persulfate,7775-27-1,Na2O8S2,237.882998,6,362,2,Inactive,0.0000015971714596934077,0.40245620975167595,0.4694578186913887,177.7791221396691,2.2498807573545325
https://comptox.epa.gov/dashboard/chemical/details/DTXSID2022171,1-Decanamine,2016-57-1,C10H23N,157.183050,15,357,4,Inactive,3.011431687304374e-8,0.1520265011108371,0.17733613711368598,33.35,1.523095838252568
https://comptox.epa.gov/dashboard/chemical/details/DTXSID6022137,(Z)-3-Hexen-1-ol,928-96-1,C6H12O,100.088815,2,362,1,Inactive,1.569287436355308e-9,0.17454267284656164,0.2036008402346941,100,2
https://comptox.epa.gov/dashboard/chemical/details/DTXSID8021517,Maleic acid,110-16-7,C4H4O4,116.010959,3,360,1,Inactive,2.690325752906049e-8,0.1983676298516982,0.231392217470366,100,2
https://comptox.epa.gov/dashboard/chemical/details/DTXSID4040343,Benzyl bromoacetate,5437-45-6,C9H9BrO2,227.978593,16,355,5,Inactive,0.0002512447911471888,0.356324221664698,0.415645697087966,100,2
https://comptox.epa.gov/dashboard/chemical/details/DTXSID0047957,Octylparaben,1219-38-1,C15H22O3,250.156895,154,406,38,Inactive,0.00012129661492361273,0.16502062156966535,0.19249354131967053,11.1,1.0453229787866574
https://comptox.epa.gov/dashboard/chemical/details/DTXSID3020673,"C.I. Food Green 3, disodium salt",2353-45-9,C37H34N2Na2O10S3,808.117097,84,381,22,Inactive,7.418208713512198e-7,0.10263256741508579,0.11971901552994346,66,1.8195439355418688
https://comptox.epa.gov/dashboard/chemical/details/DTXSID2041200,"N,N′-Disalicylidene-1,2-diaminopropane",94-91-7,C17H18N2O2,282.136828,37,496,7,Inactive,-0.00010148466229131636,-0.1639323527716734,0.19122409564166637,100,2
https://comptox.epa.gov/dashboard/chemical/details/DTXSID7030060,"2,2-Dichloropropane",594-20-7,C3H6Cl2,111.984656,5,357,1,Inactive,-0.000034464569067509824,-0.003602445378582564,0.004202186743317363,100,2
https://comptox.epa.gov/dashboard/chemical/details/DTXSID5027433,"N-[3-(Trimethoxysilyl)propyl]ethane-1,2-diamine",1760-24-3,C8H22N2O3Si,222.139969,9,354,3,Inactive,0,0.11928546858616962,0.13914432061713308,0.08563711825209752,-1.0673379554395963
https://comptox.epa.gov/dashboard/chemical/details/DTXSID2029298,"alpha-Sulfo-omega-(dodecyloxy)poly(oxy-1,2-ethanediyl) sodium salt",9004-82-4,(C2H4O)nC12H25NaO4S, ,64,379,17,Inactive,1.0851458303722377e-7,0.04195756558238274,0.04894273398852498,33.35,1.523095838252568
https://comptox.epa.gov/dashboard/chemical/details/DTXSID7032559,lambda-Cyhalothrin,91465-08-6,C23H19ClF3NO3,449.100556,92,551,17,Inactive,0.000004945471473957743,0.2018589241358764,0.23546474849199273,85,1.9294189257142929
https://comptox.epa.gov/dashboard/chemical/details/DTXSID0034722,Topramezone,210631-68-8,C16H17N3O5S,363.088892,3,428,1,Inactive,3.291148134131406e-9,0.1664068704796945,0.19411057535640994,78.27652127805803,1.8936315167392361
https://comptox.epa.gov/dashboard/chemical/details/DTXSID6041636,(+/-)-alpha-Methylbenzyl acetate,93-92-5,C10H12O2,164.083730,2,361,1,Inactive,0,-0.07230718498811622,0.08434501075578052,0.009140000000898835,-2.03905380422346
https://comptox.epa.gov/dashboard/chemical/details/DTXSID5048182,Cyclohexylphenylketone,712-50-5,C13H16O,188.120115,27,609,4,Inactive,0,-0.12314446698527523,0.14364577177350982,0.00914000079387801,-2.0390537665444155
https://comptox.epa.gov/dashboard/chemical/details/DTXSID4044537,Sodium triisopropyl naphthalene sulfonate,1323-19-9,, ,26,364,7,Inactive,-0.0007317161612518743,-0.19960971495324772,0.23284108705735115,34.35,1.5359267413955693
https://comptox.epa.gov/dashboard/chemical/details/DTXSID0020814,Mestranol,72-33-3,C21H26O2,310.193280,137,539,25,Inactive,-0.03994297714269701,-0.5109871332517639,0.5960571588738919,0.0045068811052206914,-2.346123898780068
https://comptox.epa.gov/dashboard/chemical/details/DTXSID1025300,2-Ethylhexyl diphenyl phosphate,1241-94-7,C20H27O4P,362.164696,151,559,27,Inactive,0.00007776453289390668,0.03912951606302596,0.04564386587234495,100,2
https://comptox.epa.gov/dashboard/chemical/details/DTXSID1027633,Irganox 1010,6683-19-8,C73H108O12,1176.784079,12,361,3,Inactive,9.799823038046423e-10,0.32194474220990343,0.3755426621700756,0.0042350556091180856,-2.3731408827182636
https://comptox.epa.gov/dashboard/chemical/details/DTXSID9041491,3-Phenyl-2-propen-1-ol,104-54-1,C9H10O,134.073165,10,369,3,Inactive,-6.248916483456015e-11,-0.05607416396585062,0.06540948819399321,100,2
https://comptox.epa.gov/dashboard/chemical/details/DTXSID9041653,Methyl 3-methylorsellinate,4707-47-5,C10H12O4,196.073559,47,405,12,Inactive,5.456666405557486e-8,0.10752668637405982,0.12542791591518979,100,2
https://comptox.epa.gov/dashboard/chemical/details/DTXSID7026285,Veratraldehyde,120-14-9,C9H10O3,166.062994,10,357,3,Inactive,-3.630938042208463e-19,-0.24373927662949477,0.28431741482260253,23.351823362029155,1.3683207969000433
https://comptox.epa.gov/dashboard/chemical/details/DTXSID6043915,"17-((1-Oxohexyl)oxy)pregn-4-ene-3,20-dione",630-56-8,C27H40O4,428.292660,161,407,40,Inactive,0.000006893287532916037,0.40898149020876284,0.47706943917458045,99.5,1.9978230807457253
https://comptox.epa.gov/dashboard/chemical/details/DTXSID5048188,4-Thiocresol,106-45-6,C7H8S,124.034671,30,357,8,Inactive,0.0004039406378210348,0.5391489686312039,0.6289074255295745,100,2
https://comptox.epa.gov/dashboard/chemical/details/DTXSID9047178,2-Ethylhexyl octadecanoate,22047-49-0,C26H52O2,396.396731,4,465,1,Inactive,4.0451374560845383e-7,0.13985699442621174,0.16314062981553898,100,2
https://comptox.epa.gov/dashboard/chemical/details/DTXSID8047185,Isopentyl benzoate,94-46-2,C12H16O2,192.115030,2,357,1,Inactive,0.000004618148880206529,0.0034542792015431006,0.004029353603732543,100,2
https://comptox.epa.gov/dashboard/chemical/details/DTXSID1027920,"N,N,N',N'-Tetrabutyl-1,6-hexanediamine",27090-63-7,C22H48N2,340.381750,2,355,1,Inactive,7.805948573404156e-10,0.07202408512320486,0.08401477993356234,100,2
https://comptox.epa.gov/dashboard/chemical/details/DTXSID5022510,4-Chloro-2-methylphenol,1570-64-5,C7H7ClO,142.018542,16,371,4,Inactive,-1.1117998144586292e-8,-0.3858587832140844,0.4500972237510448,0.002540174587443572,-2.5951364330817785
https://comptox.epa.gov/dashboard/chemical/details/DTXSID6032431,S-Metolachlor,87392-12-9,C15H22ClNO2,283.133907,44,364,12,Inactive,-0.00001804093907011545,-0.020895035177949564,0.024373676932883222,100.00000000000001,2
https://comptox.epa.gov/dashboard/chemical/details/DTXSID3034165,Nilutamide,63612-50-0,C12H10F3N3O4,317.062340,116,648,18,Inactive,-4.26206445535327e-21,-0.2019759717173573,0.23560128235817168,2.4319756015199876,0.3859592136194522
https://comptox.epa.gov/dashboard/chemical/details/DTXSID0035748,Chloroallyl methenamine chloride,51229-78-8,C9H16Cl2N4,250.075202,36,360,10,Inactive,2.673700240945754e-7,0.012858221905921936,0.01499888102590969,100,2
https://comptox.epa.gov/dashboard/chemical/details/DTXSID2036112,2-(8-Heptadecenyl)-2-imidazoline-1-ethanol,95-38-5,C22H42N2O,350.329714,157,376,42,Inactive,-1.3099583231071454e-18,-0.09850925099328656,0.11490924222728617,0.5766762399874894,-0.23906794186965938
https://comptox.epa.gov/dashboard/chemical/details/DTXSID7025130,Dimethylnaphthalene,28804-88-8,C12H12, ,17,359,5,Inactive,4.22129115083373e-7,0.11380106096453066,0.13274685928722169,100,2
https://comptox.epa.gov/dashboard/chemical/details/DTXSID2026789,Propylene carbonate,108-32-7,C4H6O3,102.031694,9,354,3,Inactive,8.910690127662911e-7,0.1857780714780007,0.21670672754824333,100,2
https://comptox.epa.gov/dashboard/chemical/details/DTXSID6020014,Dehydroacetic acid,520-45-6,C8H8O4,168.042259,2,362,1,Inactive,-0.15750324824130868,-0.8520605243899095,0.9939130406757551,0.009139815380747764,-2.0390625766876433
https://comptox.epa.gov/dashboard/chemical/details/DTXSID8022406,"2,4-Dihydroxybenzophenone",131-56-6,C13H10O3,214.062994,95,584,16,Inactive,0.000014774145353588636,0.01170477565849187,0.013653407043459772,100,2
https://comptox.epa.gov/dashboard/chemical/details/DTXSID2021739,1-Propanol,71-23-8,C3H8O,60.057515,2,363,1,Inactive,-1.893026521411896e-8,-0.45129935545413163,0.526432456139892,37.36056049204048,1.572413382996343
https://comptox.epa.gov/dashboard/chemical/details/DTXSID7029611,Ethylenebis(oxyethylene) dibenzoate,120-56-9,C20H22O6,358.141638,18,392,5,Inactive,-0.06064987248775181,-0.6567772224768149,0.7661186354172548,0.10926498471518355,-0.9615189906700818
https://comptox.epa.gov/dashboard/chemical/details/DTXSID1048122,Benzyl-C8-18-alkyldimethylammonium chlorides,63449-41-2,, ,182,372,49,Inactive,-0.99997767034621,-1.8458602010612042,2.1531622139316053,171.72653971893268,2.234837418997741
https://comptox.epa.gov/dashboard/chemical/details/DTXSID4026842,Methyl decanoate,110-42-9,C11H22O2,186.161980,7,362,2,Inactive,-0.0243050896105634,-0.4676537165405477,0.5455095196704995,100,2
https://comptox.epa.gov/dashboard/chemical/details/DTXSID2032639,Pyridate,55512-33-9,C19H23ClN2O2S,378.116877,31,365,8,Inactive,0.00009142853525950427,0.43516766595398904,0.5076151349480622,100,2
https://comptox.epa.gov/dashboard/chemical/details/DTXSID6023602,Butanedioic acid,110-15-6,C4H6O4,118.026609,0,365,0,Inactive,-0.00013843470723923617,-0.07944519620987428,0.09267137048577159,100.00000000000001,2
https://comptox.epa.gov/dashboard/chemical/details/DTXSID0027191,"1,3-Cyclopentadiene",542-92-7,C5H6,66.046950,0,359,0,Inactive,0.0000017857204266087805,0.26067674609928,0.30407466363320873,100,2
https://comptox.epa.gov/dashboard/chemical/details/DTXSID6048206,4-Chloropentylbenzene,79098-20-7,C11H15Cl,182.086228,11,361,3,Inactive,0.0000013759877892060885,0.24661554274322423,0.2876725267155475,100,2
https://comptox.epa.gov/dashboard/chemical/details/DTXSID6036467,"Disodium 4,4'-bis(2-sulfostyryl)biphenyl",27344-41-8,C28H20Na2O6S2,562.049669,60,376,16,Inactive,-0.0012517278447160265,-0.5712545551167708,0.666358005826551,0.13247775360696432,-0.8778570447226236
https://comptox.epa.gov/dashboard/chemical/details/DTXSID5027198,N-Methylphthalimide,550-44-7,C9H7NO2,161.047678,1,366,0,Inactive,0.0000023314965555751713,0.06291750653744514,0.07339212232504802,100,2
https://comptox.epa.gov/dashboard/chemical/details/DTXSID9020827,Methoxychlor,72-43-5,C16H15Cl3O2,344.013763,233,840,28,Inactive,7.714932080254075e-20,0.2797872990149765,0.326366774596846,0.24715618352014435,-0.6070285195949353
https://comptox.epa.gov/dashboard/chemical/details/DTXSID3041954,3-Octanone,106-68-3,C8H16O,128.120115,1,355,0,Inactive,0,-0.10824158331590068,0.1262618301418154,0.009240000261457226,-2.0343280164909943
https://comptox.epa.gov/dashboard/chemical/details/DTXSID7022043,"2,6-Pyridinedicarboxylic acid",499-83-2,C7H5NO4,167.021858,2,358,1,Inactive,2.8284562004671346e-7,0.12283694174235339,0.1432870491939186,100,2
https://comptox.epa.gov/dashboard/chemical/details/DTXSID0021460,Zearalenone,17924-92-4,C18H22O5,318.146724,163,429,38,Inactive,0.0000020012384774497505,0.42806605159513034,0.49933123149393394,39.4,1.5954962218255742
https://comptox.epa.gov/dashboard/chemical/details/DTXSID4035708,Methylbenzethonium chloride,25155-18-4,C28H44ClNO2, ,207,395,52,Inactive,3.183718327345696e-7,0.142937544232077,0.16673403490456473,3.685,0.5664374921950703
https://comptox.epa.gov/dashboard/chemical/details/DTXSID6020278,"1-Chloro-2,4-dinitrobenzene",97-00-7,C6H3ClN2O4,201.978134,173,372,47,Inactive,-0.00003707626263160823,-0.13296670464468777,0.15510323262148976,3.705,0.5687882123153469
https://comptox.epa.gov/dashboard/chemical/details/DTXSID3021518,Fumaric acid,110-17-8,C4H4O4,116.010959,7,363,2,Inactive,0.0000013102753381589227,0.2596494262410332,0.302876313780318,100,2
https://comptox.epa.gov/dashboard/chemical/details/DTXSID6021666,Tetradecanoic acid,544-63-8,C14H28O2,228.208930,21,372,6,Inactive,0.000001688360828461153,0.16601836010675045,0.1936573851016644,100,2
https://comptox.epa.gov/dashboard/chemical/details/DTXSID5048180,4-Propylaniline,2696-84-6,C9H13N,135.104799,8,357,2,Inactive,3.098191639635258e-8,0.011871833695167668,0.01384827719229181,100,2
https://comptox.epa.gov/dashboard/chemical/details/DTXSID4027527,"1,2,5,6,9,10-Hexabromocyclododecane",3194-55-6,C12H18Br6,635.650879,173,475,36,Inactive,-4.98173681565013e-16,-0.3308054951391967,0.3858785686397907,0.16372310147452593,-0.7858900369285862
https://comptox.epa.gov/dashboard/chemical/details/DTXSID0048181,4-tert-Butylaniline,769-92-6,C10H15N,149.120449,8,357,2,Inactive,-0.000009550281627473729,-0.14119260303844067,0.1646985928697289,99.99999999999999,2
https://comptox.epa.gov/dashboard/chemical/details/DTXSID1024049,Diflubenzuron,35367-38-5,C14H9ClF2N2O2,310.032062,12,360,3,Inactive,2.661872219220551e-7,0.3705363311921103,0.4322238632985429,0.054441350811772635,-1.264071107516814
https://comptox.epa.gov/dashboard/chemical/details/DTXSID8027793,N-(Cyclohexylthio)phthalimide,17796-82-6,C14H15NO2S,261.082350,145,361,40,Inactive,2.0726339099391524e-7,0.05329479498220613,0.062167405033677875,100,2
https://comptox.epa.gov/dashboard/chemical/details/DTXSID1032513,"(3,5-Dimethyl-1H-pyrazol-1-yl)methanol",85264-33-1,C6H10N2O,126.079313,1,362,0,Inactive,3.849650679460553e-9,0.15211196898367657,0.17743583382646913,100,2
https://comptox.epa.gov/dashboard/chemical/details/DTXSID9040716,4-(2-Methylbutan-2-yl)cyclohexanol,5349-51-9,C11H22O,170.167065,30,648,5,Inactive,0,0.12289799003044363,0.1433582609070622,0.23694618788581395,-0.6253502740651212
https://comptox.epa.gov/dashboard/chemical/details/DTXSID5044788,Naphthalene-2-sulfonic acid,120-18-3,C10H8O3S,208.019415,16,359,4,Inactive,-5.153586219604919e-16,-0.3773315916183262,0.44015041048512893,23.241758073543572,1.3662689762467155
https://comptox.epa.gov/dashboard/chemical/details/DTXSID0038881,C.I. Acid Orange 7,633-96-5,C16H11N2NaO4S,350.033722,85,373,23,Inactive,0.000012316841116193387,0.12492100658897834,0.14571807277661256,100,2
https://comptox.epa.gov/dashboard/chemical/details/DTXSID2038788,"1,4-Cyclohexanedicarboxylic acid",1076-97-7,C8H12O4,172.073559,7,366,2,Inactive,-9.239936894563024e-18,-0.3947428681613646,0.4604603465936333,24.705978325128306,1.3928020560717114
https://comptox.epa.gov/dashboard/chemical/details/DTXSID8042426,Sulfosuccinic acid,5138-18-1,C4H6O7S,197.983424,4,361,1,Inactive,0,-0.17222128153802196,0.20089297966842626,0.009140000029757346,-2.0390538028522243
https://comptox.epa.gov/dashboard/chemical/details/DTXSID1029124,"1,2,4,5-Tetramethylbenzene",95-93-2,C10H14,134.109550,3,359,1,Inactive,0.0004152418821179611,0.23595367704734105,0.2752356550969974,100,2
https://comptox.epa.gov/dashboard/chemical/details/DTXSID7042356,2-(3-Phenylpropyl)pyridine,2110-18-1,C14H15N,197.120449,20,370,5,Inactive,-1.3998151636361292e-14,-0.5422427070904254,0.6325162149418784,0.8164455782388778,-0.08807275870227206
https://comptox.epa.gov/dashboard/chemical/details/DTXSID8021804,Benzocaine,94-09-7,C9H11NO2,165.078979,17,365,5,Inactive,6.977039541981104e-18,0.232508489395549,0.27121690662001213,0.1680893861322532,-0.774459708867037
https://comptox.epa.gov/dashboard/chemical/details/DTXSID2041252,"1,4-Diamino-9,10-anthracenedione",128-95-0,C14H10N2O2,238.074228,81,378,21,Inactive,0,-0.10472951570265848,0.12216506741121505,0.009140000178747288,-2.0390537957728467
https://comptox.epa.gov/dashboard/chemical/details/DTXSID8041298,gamma-Caprolactone,695-06-7,C6H10O2,114.068080,5,356,1,Inactive,8.259108993581085e-9,0.03017991156619445,0.035204315671776405,100,2
https://comptox.epa.gov/dashboard/chemical/details/DTXSID6020307,Chloromethyl methyl ether,107-30-2,C2H5ClO,80.002893,19,388,5,Inactive,0.000014211235879550279,0.04087848633611894,0.0476840077547846,35,1.5440680443502757
https://comptox.epa.gov/dashboard/chemical/details/DTXSID0042169,Monotridecyl phosphate,5116-94-9,C13H29O4P,280.180346,44,385,11,Inactive,0,-0.08939831568806623,0.10428150258508705,0.001020000009115276,-2.99139982435699
https://comptox.epa.gov/dashboard/chemical/details/DTXSID3029572,Benoxacor,98730-04-2,C11H11Cl2NO2,259.016684,130,481,27,Inactive,7.868034930557316e-7,0.09993668906803255,0.11657432267243763,100,2
https://comptox.epa.gov/dashboard/chemical/details/DTXSID5041514,(4Z)-4-Decenal,21662-09-9,C10H18O,154.135765,7,372,2,Inactive,6.939120312252119e-7,0.01089409134388541,0.012707758595850282,100,2
https://comptox.epa.gov/dashboard/chemical/details/DTXSID9022526,Benzyl 4-hydroxybenzoate,94-18-8,C14H12O3,228.078644,101,385,26,Inactive,0.0003004426279559578,0.2642877600415321,0.3082868454495605,100,2
https://comptox.epa.gov/dashboard/chemical/details/DTXSID5044784,1-Methyltrimethylene dimethacrylate,1189-08-8,C12H18O4,226.120509,7,357,2,Inactive,-9.062739642885587e-15,-0.25118693317096186,0.2930049701630385,0.4941627724550951,-0.3061299750940078
https://comptox.epa.gov/dashboard/chemical/details/DTXSID3020889,4-Methylstyrene,622-97-9,C9H10,118.078250,6,355,2,Inactive,9.895640622587085e-14,0.34253298000829724,0.3995584655626913,0.47640795521923235,-0.322020995134329
https://comptox.epa.gov/dashboard/chemical/details/DTXSID0025234,Eosin,17372-87-1,C20H6Br4Na2O5,687.674414,96,370,26,Inactive,4.0397512875030985e-8,0.08592794640110263,0.10023338019056176,93,1.968482948553935
https://comptox.epa.gov/dashboard/chemical/details/DTXSID1022479,2-Ethylphenol,90-00-6,C8H10O,122.073165,16,361,4,Inactive,-2.0024455349852163e-12,-0.3518585657973679,0.41043659107417946,0.10374768419187572,-0.9840215886295015
https://comptox.epa.gov/dashboard/chemical/details/DTXSID5038830,"alpha,alpha-Dimethylphenethyl butyrate",10094-34-5,C14H20O2,220.146330,8,355,2,Inactive,0.000918747477287993,0.17766682568624564,0.2072451074663552,100,2
https://comptox.epa.gov/dashboard/chemical/details/DTXSID2040151,Imidazolidinyl urea,39236-46-9,C11H16N8O8,388.109110,14,355,4,Inactive,-2.4217149447392856e-14,-0.27956704563363444,0.3261098530499576,23.692392036987318,1.3746089102803887
https://comptox.epa.gov/dashboard/chemical/details/DTXSID0035160,alpha-Ionone,127-41-3,C13H20O,192.151415,7,362,2,Inactive,0,-0.4890480699096018,0.5704656421543496,23.820749396030937,1.3769554201795677
https://comptox.epa.gov/dashboard/chemical/details/DTXSID5035589,Didecylmethyl(3-(trimethoxysilyl)propyl)ammonium chloride,68959-20-6,C27H60ClNO3Si,509.403099,160,377,42,Inactive,-1.7803321686529308e-7,-0.33875341327346614,0.39514966999204487,11.1,1.0453229787866574
https://comptox.epa.gov/dashboard/chemical/details/DTXSID2025216,Divinylbenzene,1321-74-0,C10H10, ,9,359,3,Inactive,-0.946434696831252,-1.0873522957001316,1.2683765948186663,24.533246984152093,1.3897550310428803
https://comptox.epa.gov/dashboard/chemical/details/DTXSID3022247,Nerolidol,7212-44-4,C15H26O,222.198365,69,355,19,Inactive,-0.000013773738589692177,-0.3174178095315609,0.3702620778753302,100,2
https://comptox.epa.gov/dashboard/chemical/details/DTXSID0029133,4-Hydroxyacetophenone,99-93-4,C8H8O2,136.052429,4,355,1,Inactive,2.0187476209714362e-7,0.11252552561553048,0.1312589705974811,100,2
https://comptox.epa.gov/dashboard/chemical/details/DTXSID2022628,Atenolol,29122-68-7,C14H22N2O3,266.163043,1,365,0,Inactive,0,0.10273173572150937,0.11983469354829397,0.009140000144160585,-2.039053797416262
https://comptox.epa.gov/dashboard/chemical/details/DTXSID0040707,4-Pentylaniline,33228-44-3,C11H17N,163.136100,53,613,9,Inactive,0.00004518636341625793,0.3106532771578261,0.3623713744007826,100,2
https://comptox.epa.gov/dashboard/chemical/details/DTXSID6045400,Ronidazole,7681-76-7,C6H8N4O4,200.054555,1,357,0,Inactive,-2.593806986130663e-13,-0.5515152832637042,0.6433325057046502,24.422495398211247,1.3877900364436426
https://comptox.epa.gov/dashboard/chemical/details/DTXSID4042335,Butyl (2S)-2-hydroxypropanoate,34451-19-9,C7H14O3,146.094294,0,354,0,Inactive,-4.249716779680562e-13,-0.20503095488548798,0.23916486443119886,0.43071317347634,-0.365811845022658
https://comptox.epa.gov/dashboard/chemical/details/DTXSID7027756,3-Phenoxybenzenemethanol,13826-35-2,C13H12O2,200.083730,49,411,12,Inactive,0.000008417177171063306,0.36373662681749286,0.42429213232730545,177.95745227461973,2.2503161795496283
https://comptox.epa.gov/dashboard/chemical/details/DTXSID4041818,2-sec-Butylcyclohexan-1-one,14765-30-1,C10H18O,154.135765,0,354,0,Inactive,2.2318790229618953e-14,0.3591092164565203,0.4188943426507776,26.61361441295414,1.425103860383938
https://comptox.epa.gov/dashboard/chemical/details/DTXSID3032412,Imazamethabenz-methyl,81405-85-8,C16H20N2O3, ,5,357,1,Inactive,0.0000010915306678765385,0.04169617586555443,0.048637827657557205,100,2
https://comptox.epa.gov/dashboard/chemical/details/DTXSID5022308,Genistein,446-72-0,C15H10O5,270.052823,188,671,28,Inactive,-0.0003989307349261868,-0.24066827021923487,0.28073514193026117,100,2
https://comptox.epa.gov/dashboard/chemical/details/DTXSID5037028,Hexadecyltrimethylammonium bromide,57-09-0,C19H42BrN,363.250063,205,379,54,Inactive,1.4763571008847358e-13,0.701090846651629,0.817809668725585,26.043700984167756,1.4157027004334435
https://comptox.epa.gov/dashboard/chemical/details/DTXSID6021959,"2,4,6-Tribromophenol",118-79-6,C6H3Br3O,327.773404,84,489,17,Inactive,1.3588461518449402e-13,0.15413326282027917,0.17979363617234748,184.0059968372991,2.2648319770905596
https://comptox.epa.gov/dashboard/chemical/details/DTXSID0022480,3-Ethylphenol,620-17-7,C8H10O,122.073165,6,361,2,Inactive,-8.146115171697819e-13,-0.13707458793264174,0.15989500345536903,4.465365203921504,0.6498569838431167
https://comptox.epa.gov/dashboard/chemical/details/DTXSID5027356,Tris(2-methoxyethoxy)vinylsilane,1067-53-4,C11H24O6Si,280.134215,10,358,3,Inactive,0.0000022962920318159383,0.19358023141922934,0.22580780463027056,0.009140000627428464,-2.039053774453399
https://comptox.epa.gov/dashboard/chemical/details/DTXSID5022437,Nordihydroguaiaretic acid,500-38-9,C18H22O4,302.151809,154,395,39,Inactive,0.0000188494095612186,0.14812496628240354,0.17278506798933319,33.35,1.523095838252568
https://comptox.epa.gov/dashboard/chemical/details/DTXSID7047487,Sodium nonyl sulfate,1072-15-7,C9H19NaO4S,246.090175,10,360,3,Inactive,-0.0022710086537774564,-0.3843936678497301,0.44838819343565867,100,2
https://comptox.epa.gov/dashboard/chemical/details/DTXSID1044435,Procaine hydrochloride,51-05-8,C13H21ClN2O2,272.129156,6,361,2,Inactive,0.00005220744026397217,0.2240433286637133,0.26134245122400357,86.5,1.9370161074648142
https://comptox.epa.gov/dashboard/chemical/details/DTXSID5027770,2-Acrylamido-2-methyl-1-propanesulfonic acid,15214-89-8,C7H13NO4S,207.056529,25,363,7,Inactive,5.948450042864047e-14,0.16617352167048594,0.19383837823207467,184.2799634007044,2.265478117326715
https://comptox.epa.gov/dashboard/chemical/details/DTXSID2044553,Sodium 2-methylbenzenesulfonate,15046-75-0,C7H7NaO3S,194.001360,3,354,1,Inactive,0.000002392693334352117,0.07525869309595791,0.08778789106072664,103,2.012837224705172
https://comptox.epa.gov/dashboard/chemical/details/DTXSID5044578,"Sodium 2,5-dimethylbenzenesulfonate",827-19-0,C8H9NaO3S,208.017010,0,355,0,Inactive,0,-0.2661696784208774,0.3104820688699366,25.27067004900973,1.4026167573425345
https://comptox.epa.gov/dashboard/chemical/details/DTXSID6042074,Isopropyl-o-cresol,499-75-2,C10H14O,150.104465,20,374,5,Inactive,-5.245946410489569e-16,-0.37827423862362825,0.44124999100142437,27.21691271524074,1.4348388605154858
https://comptox.epa.gov/dashboard/chemical/details/DTXSID0020575,Estragole,140-67-0,C10H12O,148.088815,6,355,2,Inactive,0.000004488805398710822,0.2073754128111745,0.24189963178510712,100,2
https://comptox.epa.gov/dashboard/chemical/details/DTXSID5026461,2-Methylpropanenitrile,78-82-0,C4H7N,69.057849,6,354,2,Inactive,1.8315268848965316e-7,0.13149978513069344,0.15339209779849738,99.99999999999999,2
https://comptox.epa.gov/dashboard/chemical/details/DTXSID9047205,2-Ethylhexyl trans-4-methoxycinnamate,83834-59-7,C18H26O3,290.188195,9,355,3,Inactive,5.544912060565458e-7,0.08835400295478427,0.10306333085380553,100,2
https://comptox.epa.gov/dashboard/chemical/details/DTXSID3047180,Triisodecyl trimellitate,36631-30-8,, ,7,358,2,Inactive,-5.71052295300768e-13,-0.4533624611499627,0.528839031255958,20.981636615692903,1.3218393611427028
https://comptox.epa.gov/dashboard/chemical/details/DTXSID9041815,"3,3,5-Trimethylcyclohexanol",116-02-9,C9H18O,142.135765,4,354,1,Inactive,0.00044137263755063874,0.39435077035901234,0.4600029716679996,100,2
https://comptox.epa.gov/dashboard/chemical/details/DTXSID9047594,Sodium 4-octylbenzenesulfonate,6149-03-7,C14H21NaO3S,292.110910,55,368,15,Inactive,-4.7206514296941916e-8,-0.6339060117364806,0.7394397857813816,0.4475907348142373,-0.3491189120022601
https://comptox.epa.gov/dashboard/chemical/details/DTXSID1020770,Kepone,143-50-0,C10Cl10O,485.683442,450,770,58,Inactive,0.00020547847316461173,0.31338883406963924,0.3655623515794385,3.5750000000000006,0.5532760461370996
https://comptox.epa.gov/dashboard/chemical/details/DTXSID5020499,"N,N-Dimethylacetamide",127-19-5,C4H9NO,87.068414,5,375,1,Inactive,0.00034340956886282786,0.03062380806378121,0.03572211282941105,100,2
https://comptox.epa.gov/dashboard/chemical/details/DTXSID7044718,C.I. Acid Orange 156,68555-86-2,C21H19N4NaO5S,462.097385,69,389,18,Inactive,-6.632971973218369e-14,-0.3248107263943797,0.37888578038032367,0.05923879879107318,-1.227393756425266
https://comptox.epa.gov/dashboard/chemical/details/DTXSID2029616,Imidazole,288-32-4,C3H4N2,68.037448,6,357,2,Inactive,3.4638733620072266e-7,0.23120710509652348,0.2696988656021416,100,2
https://comptox.epa.gov/dashboard/chemical/details/DTXSID1025306,5-Ethylidene-2-norbornene,16219-75-3,C9H12,120.093900,16,361,4,Inactive,-0.0000011517566513406814,-0.05228403893453963,0.060988376563327215,100,2
https://comptox.epa.gov/dashboard/chemical/details/DTXSID5048186,Tetrac,67-30-1,C14H8I4O4,747.660140,280,747,37,Inactive,0.00021183734501420686,0.06375307913888699,0.07436680250472077,67,1.8260748027008264
https://comptox.epa.gov/dashboard/chemical/details/DTXSID1035288,"(8E,10E)-8,10-Dodecadien-1-ol",33956-49-9,C12H22O,182.167065,61,369,17,Inactive,-0.0001312128850047744,-0.013953794908700502,0.016276846925402086,100,2
https://comptox.epa.gov/dashboard/chemical/details/DTXSID0042379,Dimethoxydimethylsilane,1112-39-6,C4H12O2Si,120.060656,6,364,2,Inactive,-1.6435907431833075e-10,-0.05906324589816294,0.06889619767898045,100,2
https://comptox.epa.gov/dashboard/chemical/details/DTXSID0041270,"3,5,5-Trimethylhexyl acetate",58430-94-7,C11H22O2,186.161980,8,487,2,Inactive,-0.00021750050354764661,-0.5761583099370204,0.6720781462679973,0.013259617358555733,-1.8774690084701249
https://comptox.epa.gov/dashboard/chemical/details/DTXSID9021922,2-(Ethylamino)ethanol,110-73-6,C4H11NO,89.084064,3,359,1,Inactive,0.000007545386111103461,0.08559385657300864,0.09984367050751138,100,2
https://comptox.epa.gov/dashboard/chemical/details/DTXSID7020843,"Methyl (9Z,12Z)-octadecadienoate",112-63-0,C19H34O2,294.255880,188,493,38,Inactive,0.0042487610165436425,0.6909275508212281,0.80595436974983,181.19243939644434,2.25814007194505
https://comptox.epa.gov/dashboard/chemical/details/DTXSID2040731,Diisopropyl phthalate,605-45-8,C14H18O4,250.120509,23,368,6,Inactive,-1.319096787577056e-10,-0.08938082574083744,0.10426110088106036,100,2
https://comptox.epa.gov/dashboard/chemical/details/DTXSID8027377,Dimethylaniline,1300-73-8,C8H11N, ,15,467,3,Inactive,0,-0.2858316033725012,0.3334173452438767,0.4060492301992162,-0.39142130852204404
https://comptox.epa.gov/dashboard/chemical/details/DTXSID3041299,Dihydrojasmone lactone,7011-83-8,C11H20O2,184.146330,7,355,2,Inactive,-4.534348047058161e-19,-0.14083964866165155,0.16428687803514544,0.29191927913546156,-0.5347372220874949
https://comptox.epa.gov/dashboard/chemical/details/DTXSID0048210,Phenyl benzoate,93-99-2,C13H10O2,198.068080,10,360,3,Inactive,3.42573431965608e-9,0.2413057531574846,0.2814787541354955,180.87313708392873,2.257374071102428
https://comptox.epa.gov/dashboard/chemical/details/DTXSID9044904,C.I. Acid Blue 22,28631-66-5,, ,13,364,4,Inactive,0.00008821751004226758,0.3709385149343564,0.43269300328886506,70,1.845098040014257
https://comptox.epa.gov/dashboard/chemical/details/DTXSID6020359,Cyclohexanone,108-94-1,C6H10O,98.073165,7,594,1,Inactive,-1.2200288903476046e-17,-0.2872464939259799,0.33506778923462294,0.5314951377854238,-0.2745007041277382
https://comptox.epa.gov/dashboard/chemical/details/DTXSID3036288,2-Octyl-1-dodecanol,5333-42-6,C20H42O,298.323566,3,359,1,Inactive,-7.611021042417642e-7,-0.13651955635318444,0.15924756925437203,100,2
https://comptox.epa.gov/dashboard/chemical/details/DTXSID2029246,Triethoxyoctylsilane,2943-75-1,C14H32O3Si,276.212071,45,607,7,Inactive,4.784118687423906e-19,0.1967607547537089,0.2295178270146267,24.30270908842098,1.3856546882721237
https://comptox.epa.gov/dashboard/chemical/details/DTXSID8021640,Nonanedioic acid,123-99-9,C9H16O4,188.104859,0,360,0,Inactive,1.8334520877821622e-7,0.09086899303658616,0.10599702085342487,100,2
https://comptox.epa.gov/dashboard/chemical/details/DTXSID8040484,Forskolin,66575-29-9,C22H34O7,410.230453,97,381,25,Inactive,3.098533243033209e-17,0.224866752006657,0.26230295951551796,4.128313667666513,0.615772687398578
https://comptox.epa.gov/dashboard/chemical/details/DTXSID0025816,Oxalic acid,144-62-7,C2H2O4,89.995309,7,360,2,Inactive,0.0005707565588860253,0.21253463412243215,0.24791776922277664,100,2
https://comptox.epa.gov/dashboard/chemical/details/DTXSID9025451,"4-(2,6,6-Trimethyl-cyclohex-1-enyl)-but-3-en-2-one",14901-07-6,C13H20O,192.151415,13,354,4,Inactive,-2.536916374542947e-12,-0.4728400640469403,0.5515592993193932,0.13571457968909925,-0.8673734939880329
https://comptox.epa.gov/dashboard/chemical/details/DTXSID5035616,Sodium 2-nitrophenolate,824-39-5,C6H4NNaO3,161.008887,3,363,1,Inactive,-2.066307520119344e-15,-0.3165226297345567,0.36921786699062925,23.83511384178231,1.3772172305546402
https://comptox.epa.gov/dashboard/chemical/details/DTXSID6048200,"2,4,6-Trimethylbenzoic acid",480-63-7,C10H12O2,164.083730,4,355,1,Inactive,-0.00006202609555393903,-0.10893397846597529,0.12706949643929183,100,2
https://comptox.epa.gov/dashboard/chemical/details/DTXSID8020591,Ethyl methylphenylglycidate,77-83-8,C12H14O3,206.094294,12,354,3,Inactive,-3.088296539100967e-14,-0.23805312498187112,0.27768462277079414,0.04395889476337035,-1.3569532353614584
https://comptox.epa.gov/dashboard/chemical/details/DTXSID5032654,"N,N'-Bis(1-formamido-2,2,2-trichloroethyl)piperazine",26644-46-2,C10H14Cl6N4O2,431.924792,19,376,5,Inactive,-0.00012916598533410658,-0.3434148369690351,0.40058713560220005,100,2
https://comptox.epa.gov/dashboard/chemical/details/DTXSID3041794,Cloquintocet-mexyl,99607-70-2,C18H22ClNO3,335.128821,54,380,14,Inactive,0.0000044176861740658146,0.23752721406278396,0.2770711572882937,100,2
https://comptox.epa.gov/dashboard/chemical/details/DTXSID6034005,Sulfamic acid,5329-14-6,H3NO3S,96.983364,2,357,1,Inactive,6.2495777229093005e-9,0.1090153336582082,0.12716439578525657,100,2
https://comptox.epa.gov/dashboard/chemical/details/DTXSID9029223,"1,1-Bis(3,4-dimethylphenyl)ethane",1742-14-9,C18H22,238.172151,45,387,12,Inactive,-0.0000023153144202908875,-0.010723485756364025,0.012508750293745138,100,2
https://comptox.epa.gov/dashboard/chemical/details/DTXSID1021792,Salicylaldehyde,90-02-8,C7H6O2,122.036779,8,357,2,Inactive,-1.3791601344813211e-12,-0.3016768233757505,0.3519005049993204,0.11810297040682476,-0.9277391793122254
https://comptox.epa.gov/dashboard/chemical/details/DTXSID8020179,Diisopropanolamine,110-97-4,C6H15NO2,133.110279,10,355,3,Inactive,0.000009049314030988238,0.4946391384495912,0.5769875214975879,175.82433917449092,2.2450789938180677
https://comptox.epa.gov/dashboard/chemical/details/DTXSID2021602,Hexadecanoic acid,57-10-3,C16H32O2,256.240230,6,360,2,Inactive,-0.000056533881699038726,-0.01488781973431609,0.017366369826558595,100,2
https://comptox.epa.gov/dashboard/chemical/details/DTXSID0048183,(-)-Enterolactone,77756-20-8,C18H18O4,298.120509,35,478,7,Inactive,-0.000008799636203175179,-0.13023812363539347,0.15192039270572244,33.5,1.5250448070368452
https://comptox.epa.gov/dashboard/chemical/details/DTXSID8032675,Sulprofos,35400-43-2,C12H19O2PS3,322.028480,34,387,9,Inactive,-1.7227939536978513e-16,-0.29139206418718633,0.33990352123453094,0.31059935758930296,-0.5077994468550757
https://comptox.epa.gov/dashboard/chemical/details/DTXSID3042394,Sodium 1-naphthalenesulfonate,130-14-3,C10H7NaO3S,230.001360,2,355,1,Inactive,-0.00015695754862174463,-0.04133882596383193,0.04822098552341362,99.99999999999999,2
https://comptox.epa.gov/dashboard/chemical/details/DTXSID4022109,gamma-Decanolactone,706-14-9,C10H18O2,170.130680,6,361,2,Inactive,0.006598788227142049,0.6136609092816568,0.7158242435004225,179.26893808374902,2.2535050459064943
https://comptox.epa.gov/dashboard/chemical/details/DTXSID5021415,Triisopropanolamine,122-20-3,C9H21NO3,191.152144,2,354,1,Inactive,1.809770585214683e-10,0.02612209641450989,0.030470948404470212,100,2
https://comptox.epa.gov/dashboard/chemical/details/DTXSID5032315,"4,5-Dichloro-2-octyl-3(2H)-isothiazolone",64359-81-5,C11H17Cl2NOS,281.040791,161,376,43,Inactive,-0.014725862040727244,-0.5398213038420826,0.6296916922743299,0.00007755906666951562,-4.110367425775875
https://comptox.epa.gov/dashboard/chemical/details/DTXSID8041955,Ethyl diethanolamine,139-87-7,C6H15NO2,133.110279,3,359,1,Inactive,-0.0007384561928004286,-0.31895414902365987,0.37205418983497734,100,2
https://comptox.epa.gov/dashboard/chemical/details/DTXSID5033836,4-Nonylphenol,104-40-5,C15H24O,220.182715,211,648,33,Inactive,0.001794288105818265,0.5321789815739115,0.6207770629188382,60.88622644430514,1.784519058547879
https://comptox.epa.gov/dashboard/chemical/details/DTXSID3026641,"1,3-Benzenedicarbonyl dichloride",99-63-8,C8H4Cl2O2,201.958835,9,364,2,Inactive,-6.836201216077449e-14,-0.1746418703426352,0.20371655230223823,0.009140000035764002,-2.039053802566813
https://comptox.epa.gov/dashboard/chemical/details/DTXSID6025141,"1,3-Dimethylolurea",140-95-4,C3H8N2O3,120.053492,3,363,1,Inactive,0.000004366481387750658,0.047643190942039663,0.05557491213503168,100,2
https://comptox.epa.gov/dashboard/chemical/details/DTXSID9021764,1-Amino-2-propanol,78-96-6,C3H9NO,75.068414,1,360,0,Inactive,-2.6134569719019066e-10,-0.2630736691211359,0.3068706305636381,0.047192973758875614,-1.326122655706865
https://comptox.epa.gov/dashboard/chemical/details/DTXSID9033923,Procymidone,32809-16-8,C13H11Cl2NO2,283.016684,63,696,9,Inactive,-7.220433162535724e-20,-0.1717222804232296,0.20031090398118678,3.373749837478085,0.528112876643529
https://comptox.epa.gov/dashboard/chemical/details/DTXSID5024922,"1,6-Hexanediamine",124-09-4,C6H16N2,116.131349,7,362,2,Inactive,0.0012977597783699372,0.5379232118626973,0.6274776026448826,182.18751228819423,2.2605186057314293
https://comptox.epa.gov/dashboard/chemical/details/DTXSID1025857,"1,10-Phenanthroline",66-71-7,C12H8N2,180.068748,122,367,33,Inactive,-5.38656546061011e-8,-0.25412843856615785,0.29643618248636117,100,2
https://comptox.epa.gov/dashboard/chemical/details/DTXSID3021483,Phenylacetaldehyde,122-78-1,C8H8O,120.057515,27,364,7,Inactive,0.000008584815537805405,0.024774359713258663,0.028898838155928832,33.35,1.523095838252568
https://comptox.epa.gov/dashboard/chemical/details/DTXSID5032579,Triclopyr 2-butoxyethyl ester,64700-56-7,C13H16Cl3NO4,355.014491,8,357,2,Inactive,-8.537260437725301e-11,-0.2414472669344719,0.28164382737191107,16.257231942889458,1.211046601881308
https://comptox.epa.gov/dashboard/chemical/details/DTXSID3042007,Glyceryl monoricinoleate,1323-38-2,, ,52,364,14,Inactive,-1.8399899378934785e-13,-0.12021118325498145,0.14022414987214488,4.8911657243263775,0.6894123780004151
https://comptox.epa.gov/dashboard/chemical/details/DTXSID1022421,Melatonin,73-31-4,C13H16N2O2,232.121178,11,374,3,Inactive,-0.0000015431301958023425,-0.3991588753716067,0.46561153835565094,0.011534909697030452,-1.937985801076558
https://comptox.epa.gov/dashboard/chemical/details/DTXSID0021597,Heptanal,111-71-7,C7H14O,114.104465,14,469,3,Inactive,0.0012299457476132821,0.18672991338129652,0.2178170337451238,100,2
https://comptox.epa.gov/dashboard/chemical/details/DTXSID3022320,Triphenylethylene,58-72-0,C20H16,256.125201,65,436,15,Inactive,0.000001135577608692978,0.02314775994774105,0.027001439235745706,100,2
https://comptox.epa.gov/dashboard/chemical/details/DTXSID6024917,Diacetone alcohol,123-42-2,C6H12O2,116.083730,19,584,3,Inactive,2.0276290261659346e-18,0.11807940783451201,0.13773747277639078,1.6834756145188672,0.22620682992719812
https://comptox.epa.gov/dashboard/chemical/details/DTXSID6024834,(2E)-3-Phenylprop-2-enal,14371-10-9,C9H8O,132.057515,12,357,3,Inactive,0,-0.20351530606638618,0.23739688776373302,24.790309034851628,1.3942819406965925
https://comptox.epa.gov/dashboard/chemical/details/DTXSID3044833,Terpinyl propionate,80-27-3,C13H22O2,210.161980,10,363,3,Inactive,5.086595519019807e-7,0.3445323603724506,0.4018907062431593,180.97032604810596,2.257607368846672
https://comptox.epa.gov/dashboard/chemical/details/DTXSID6041426,"3,4-Dihydro-2H-pyran",110-87-2,C5H8O,84.057515,0,354,0,Inactive,0,-0.15919872051984568,0.18570240006936692,0.15314504544144952,-0.8148970489536863
https://comptox.epa.gov/dashboard/chemical/details/DTXSID3020047,Allyl isothiocyanate,57-06-7,C4H5NS,99.014270,6,357,2,Inactive,-2.591407943203233e-18,-0.3052351963264131,0.3560512820603558,1.4466140355957735,0.1603526744706395
https://comptox.epa.gov/dashboard/chemical/details/DTXSID7026314,Pyrithione zinc,13463-41-7,C10H8N2O2S2Zn,315.931862,182,383,48,Inactive,-9.970350505135208e-12,-0.27300788089496864,0.3184587071711265,0.0012598171042210722,-2.899692499638787
https://comptox.epa.gov/dashboard/chemical/details/DTXSID9041861,Diethyl phosphite,762-04-9,C4H11O3P,138.044581,2,359,1,Inactive,-5.945952832627071e-9,-0.2819002945336627,0.32883154528014386,163.88821447465858,2.2145477237190385
https://comptox.epa.gov/dashboard/chemical/details/DTXSID6026298,m-Xylene,108-38-3,C8H10,106.078250,6,358,2,Inactive,0.000019808322002714522,0.10128250376735877,0.11814419094083466,100,2
https://comptox.epa.gov/dashboard/chemical/details/DTXSID9035175,Kinetin,525-79-1,C10H9N5O,215.080710,6,369,2,Inactive,-1.880003050708637e-14,-0.17302865966964062,0.20183477151396068,0.009140000063307584,-2.0390538012580577
https://comptox.epa.gov/dashboard/chemical/details/DTXSID8021856,4-Butylaniline,104-13-2,C10H15N,149.120449,19,358,5,Inactive,0.00010467063621936334,0.09251091591728396,0.10791229390762244,100,2
https://comptox.epa.gov/dashboard/chemical/details/DTXSID0026171,Tolyltriazole,29385-43-1,C7H7N3, ,12,365,3,Inactive,-2.873917358383745e-8,-0.07674066109529541,0.08951657966704407,100,2
https://comptox.epa.gov/dashboard/chemical/details/DTXSID6020197,Bromocriptine mesylate,22260-51-1,C33H44BrN5O8S,749.209398,75,366,20,Inactive,-1.4020153079610686e-10,-0.052595889869523044,0.06135214498370894,40.4,1.606381365110605
https://comptox.epa.gov/dashboard/chemical/details/DTXSID2041703,Butylnaphthalenesulfonic acid sodium salt,25638-17-9,, ,18,365,5,Inactive,-2.8556412354984285e-18,-0.15486437823565602,0.18064646895215783,0.008640000028528152,-2.063486256087123
https://comptox.epa.gov/dashboard/chemical/details/DTXSID7042011,N-Dodecanoyl-N-methylglycine,97-78-9,C15H29NO3,271.214744,59,480,12,Inactive,-1.2378195493014043e-16,-0.2900609201253728,0.3383507659968653,0.14997274283731837,-0.8239876656843841
https://comptox.epa.gov/dashboard/chemical/details/DTXSID0029559,Diazolidinyl urea,78491-02-8,C8H14N4O7,278.086249,4,359,1,Inactive,-0.0000019128464941028794,-0.13697245175352082,0.15977586346771877,74.5,1.8721562727482928
https://comptox.epa.gov/dashboard/chemical/details/DTXSID6042490,Triethoxymethylsilane,2031-67-6,C7H18O3Si,178.102521,2,472,0,Inactive,-2.2887109533162042e-12,-0.3774701061484262,0.4403119851548251,0.018478263128059825,-1.733338852885896
https://comptox.epa.gov/dashboard/chemical/details/DTXSID2041389,2'-Acetonaphthone,93-08-3,C12H10O,170.073165,10,372,3,Inactive,-5.499719200324877e-16,-0.1253701333746176,0.14624197096974068,0.009140000057117568,-2.039053801552181
https://comptox.epa.gov/dashboard/chemical/details/DTXSID7020768,Kaempferol,520-18-3,C15H10O6,286.047738,97,410,24,Inactive,0.00000691786384015971,0.09755740762307283,0.11379893431927275,65.5,1.816241299991783
https://comptox.epa.gov/dashboard/chemical/details/DTXSID5027142,"1,2-Dichloro-4-(trifluoromethyl)benzene",328-84-7,C7H3Cl2F3,213.956390,3,360,1,Inactive,-9.828417696440425e-14,-0.14932571496593083,0.1741857193996148,0.009140000015490478,-2.039053803530126
https://comptox.epa.gov/dashboard/chemical/details/DTXSID9037745,4-tert-Butylphenyl salicylate,87-18-3,C17H18O3,270.125594,40,361,11,Inactive,3.1279847333843893e-19,0.24937727055402448,0.2908940317699175,26.03987733519622,1.4156389340907443
https://comptox.epa.gov/dashboard/chemical/details/DTXSID8024993,"Dichloro-1,3,5-triazinetrione",2782-57-2,C3HCl2N3O3,196.939496,5,362,1,Inactive,-3.6957462116018406e-16,-0.18645305327613562,0.21749408148869892,3.3083933634123746,0.5196171409660345
https://comptox.epa.gov/dashboard/chemical/details/DTXSID8020915,1-Naphthaleneacetic acid,86-87-3,C12H10O2,186.068080,6,365,2,Inactive,-1.31206813003513e-19,-0.19752993874029856,0.23041506608751747,1.8042851767452202,0.2563051811541906
https://comptox.epa.gov/dashboard/chemical/details/DTXSID1024176,Methacrylonitrile,126-98-7,C4H5N,67.042199,6,362,2,Inactive,5.3996073565667584e-8,0.2082349021737021,0.24290221042979898,183.152806137858,2.2628135770046653
https://comptox.epa.gov/dashboard/chemical/details/DTXSID2047517,"Hexanedioic acid, di-C7-9-branched and linear alkyl esters",68515-75-3,, ,16,362,4,Inactive,0,-0.2235881981111051,0.26081154974635196,0.36390886297482816,-0.43900736707331955
https://comptox.epa.gov/dashboard/chemical/details/DTXSID0042325,4-Propylanisole,104-45-0,C10H14O,150.104465,1,358,0,Inactive,0,-0.18499088025545243,0.21578848336346967,0.5990571975007897,-0.2225317095421485
https://comptox.epa.gov/dashboard/chemical/details/DTXSID4024721,D-Camphor,464-49-3,C10H16O,152.120115,0,375,0,Inactive,-4.014016370448013e-13,-0.2843880543926581,0.33173347172215994,0.009140114693884427,-2.039048354527811
https://comptox.epa.gov/dashboard/chemical/details/DTXSID6021240,Retinol acetate,127-47-9,C22H32O2,328.240230,66,382,17,Inactive,0.0000028475062836923735,0.06146490308211411,0.07169768692303484,100,2
https://comptox.epa.gov/dashboard/chemical/details/DTXSID4044828,Ethyl undec-10-enoate,692-86-4,C13H24O2,212.177630,7,355,2,Inactive,-0.0000636423760952447,-0.033703240582740455,0.03931421462366574,100.00000000000001,2
https://comptox.epa.gov/dashboard/chemical/details/DTXSID8029159,"2,6,8-Trimethyl-4-nonanol",123-17-1,C12H26O,186.198365,10,362,3,Inactive,-0.00012042051935504129,-0.08708789083676212,0.10158643419090609,100,2
https://comptox.epa.gov/dashboard/chemical/details/DTXSID8042399,Sodium abietate,14351-66-7,C20H29NaO2,324.206524,60,362,17,Inactive,0.00004921643408694921,0.18820136490288433,0.21953345507220673,100,2
https://comptox.epa.gov/dashboard/chemical/details/DTXSID2026496,alpha-Terpinyl acetate,80-26-2,C12H20O2,196.146330,46,467,10,Inactive,-1.629693374361792e-14,-0.26032827435204076,0.30366817770412974,3.755968479628867,0.574721938977276
https://comptox.epa.gov/dashboard/chemical/details/DTXSID3047633,Ethyl oleate,111-62-6,C20H38O2,310.287180,5,355,1,Inactive,-4.499856331369522e-15,-0.2057865224285592,0.24004622017139998,1.4289483605355362,0.15501653450147418
https://comptox.epa.gov/dashboard/chemical/details/DTXSID5041275,1-Monolaurin,142-18-7,C15H30O4,274.214409,37,364,10,Inactive,0.0000062266476994315685,0.16928672629172165,0.19746987456686113,100,2
https://comptox.epa.gov/dashboard/chemical/details/DTXSID8026488,Camphene,79-92-5,C10H16,136.125201,3,362,1,Inactive,0.00007987570804553487,0.28896444120308323,0.33707174335880796,100,2
https://comptox.epa.gov/dashboard/chemical/details/DTXSID2021943,2-Undecanone,112-12-9,C11H22O,170.167065,3,359,1,Inactive,1.0792215842058982e-9,0.20784926344121787,0.24245236989120555,101.5,2.0064660422492318
https://comptox.epa.gov/dashboard/chemical/details/DTXSID0042454,"(+/-)-2,3-Dihydroxypropyl tetradecanoate",589-68-4,C17H34O4,302.245710,13,363,4,Inactive,1.1394711345461303e-9,0.22618247165347502,0.2638377224547846,100,2
https://comptox.epa.gov/dashboard/chemical/details/DTXSID0026880,"1,2-Ethanediol diacetate",111-55-7,C6H10O4,146.057909,5,365,1,Inactive,7.500141378694911e-9,0.07670070974062498,0.08946997714144529,100,2
https://comptox.epa.gov/dashboard/chemical/details/DTXSID2027094,Bis(2-ethylhexyl) maleate,142-16-5,C20H36O4,340.261360,47,471,10,Inactive,0.0000013361429853980106,0.2735986167096981,0.31914778971050856,100,2
https://comptox.epa.gov/dashboard/chemical/details/DTXSID1034260,Oxytetracycline,79-57-2,C22H24N2O9,460.148180,54,503,11,Inactive,1.9217243233362705e-9,0.11815761009740594,0.13782869428786296,100,2
https://comptox.epa.gov/dashboard/chemical/details/DTXSID4027656,2-Ethylhexyl thioglycolate,7659-86-1,C10H20O2S,204.118401,20,360,6,Inactive,4.0523138358788257e-10,0.15217893580090638,0.177513949395765,100,2
https://comptox.epa.gov/dashboard/chemical/details/DTXSID4024274,Propachlor,1918-16-7,C11H14ClNO,211.076392,225,478,47,Inactive,3.247686009291382e-8,0.5107064065138087,0.5957296962609281,34.51402122182144,1.5379955618040215
https://comptox.epa.gov/dashboard/chemical/details/DTXSID2027333,3-Aminopropyltriethoxysilane,919-30-2,C9H23NO3Si,221.144720,4,367,1,Inactive,9.540851425101364e-8,0.1635379495955238,0.19076403153960075,100.00000000000001,2
https://comptox.epa.gov/dashboard/chemical/details/DTXSID4025080,Diisobutyl ketone,108-83-8,C9H18O,142.135765,4,363,1,Inactive,5.019569378792939e-9,0.08957353000695477,0.10448588688816356,100,2
https://comptox.epa.gov/dashboard/chemical/details/DTXSID6041557,Dihydromyrcenol,53219-21-9,, ,6,359,2,Inactive,5.139966567776768e-9,0.0004662122341412377,0.000543828056777233,100,2
https://comptox.epa.gov/dashboard/chemical/details/DTXSID3029154,Cyclopentanone,120-92-3,C5H8O,84.057515,2,363,1,Inactive,1.8122124360619508e-7,0.11475230544195571,0.1338564685977346,100,2
https://comptox.epa.gov/dashboard/chemical/details/DTXSID4042094,Levomenol,23089-26-1,C15H26O,222.198365,29,360,8,Inactive,-7.599556716488913e-12,-0.00901525992302029,0.010516136056164749,33.35,1.523095838252568
https://comptox.epa.gov/dashboard/chemical/details/DTXSID4024193,Thitrol,94-81-5,C11H13ClO3,228.055322,11,363,3,Inactive,1.735466477103032e-12,0.0508431704298141,0.05930762976688211,99.5,1.9978230807457253
https://comptox.epa.gov/dashboard/chemical/details/DTXSID2024163,Linuron,330-55-2,C9H10Cl2N2O2,248.011933,128,799,16,Inactive,9.06832668567194e-21,0.12275044871202617,0.14318615665364826,0.15207190934156287,-0.8179510012306113
https://comptox.epa.gov/dashboard/chemical/details/DTXSID4022523,Heptyl p-hydroxybenzoate,1085-12-7,C14H20O3,236.141245,135,374,36,Inactive,0.000030392752150289002,0.03038913377912872,0.03544836956217733,11.1,1.0453229787866574
https://comptox.epa.gov/dashboard/chemical/details/DTXSID1032648,Z-Tetrachlorvinphos,22248-79-9,C10H9Cl4O4P,363.899257,144,515,28,Inactive,3.705176244128136e-10,0.013171235842626005,0.015364006066558874,100,2
https://comptox.epa.gov/dashboard/chemical/details/DTXSID9047590,2-Phenylethyl benzoate,94-47-3,C15H14O2,226.099380,14,358,4,Inactive,-1.395460602875505e-9,-0.1167864382211675,0.1362292473356913,100,2
https://comptox.epa.gov/dashboard/chemical/details/DTXSID7029661,"3,5,5-Trimethyl-1-hexanol",3452-97-9,C9H20O,144.151415,4,359,1,Inactive,-3.9249986258162715e-13,-0.06670036956060967,0.07780476295583588,99.99999999999999,2
https://comptox.epa.gov/dashboard/chemical/details/DTXSID3047425,4-Butylphenol,1638-22-8,C10H14O,150.104465,61,415,15,Inactive,-1.0613651756720897e-10,-0.06197301602424282,0.07229039139045453,100,2
https://comptox.epa.gov/dashboard/chemical/details/DTXSID7021788,3-(Trifluoromethyl)-4-nitrophenol,88-30-2,C7H4F3NO3,207.014327,108,373,29,Inactive,-1.741004018086538e-8,-0.015677709036502438,0.018287761271955524,100,2
https://comptox.epa.gov/dashboard/chemical/details/DTXSID9020374,"p,p'-DDE",72-55-9,C14H8Cl4,315.938011,232,712,33,Inactive,0,-0.2767583279289356,0.32283353514252267,0.2361523383082513,-0.6268077498148152
https://comptox.epa.gov/dashboard/chemical/details/DTXSID3041247,"1,3-Diphenyl-1,3-propanedione",120-46-7,C15H12O2,224.083730,73,363,20,Inactive,1.6800144958989956e-12,0.0739793836339327,0.08629559993706827,100.00000000000001,2
https://comptox.epa.gov/dashboard/chemical/details/DTXSID2023193,Lactose,63-42-3,C12H22O11,342.116212,1,363,0,Inactive,7.621393401587671e-11,0.02218194894674984,0.025874838341518627,100,2
https://comptox.epa.gov/dashboard/chemical/details/DTXSID2026997,4-Methoxybenzaldehyde,123-11-5,C8H8O2,136.052429,1,364,0,Inactive,-0.000007747711185068873,-0.15851789899995644,0.18490823420013466,100,2
https://comptox.epa.gov/dashboard/chemical/details/DTXSID7044390,N-Methylhydrazinecarbothioamide,6610-29-3,C2H7N3S,105.036068,63,359,18,Inactive,2.1543798355663344e-8,0.012568251852362617,0.014660636254102648,100,2
https://comptox.epa.gov/dashboard/chemical/details/DTXSID4025662,Methyl styryl ketone,122-57-6,C10H10O,146.073165,28,359,8,Inactive,0,-0.23539532323673054,0.2745843455740335,0.0179075365962533,-1.7469641526342505
https://comptox.epa.gov/dashboard/chemical/details/DTXSID8021224,C.I. Acid Red 114,6459-94-5,C37H28N4Na2O10S3,830.076295,99,378,26,Inactive,2.1358588516797765e-9,0.001350680099500279,0.0015755436688441565,70,1.845098040014257
https://comptox.epa.gov/dashboard/chemical/details/DTXSID7020425,Dichlone,117-80-6,C10H4Cl2O2,225.958835,174,375,46,Inactive,2.8626608491162394e-9,0.025920444063168343,0.030235724619370203,11.1,1.0453229787866574
https://comptox.epa.gov/dashboard/chemical/details/DTXSID0023296,C.I. Basic Blue 9,61-73-4,C16H18ClN3S,319.090997,169,385,44,Inactive,-6.51943068268206e-7,-0.2986166316510116,0.34833084724013264,100,2
https://comptox.epa.gov/dashboard/chemical/details/DTXSID8024311,Sodium fluoroacetate,62-74-8,C2H2FNaO2,99.993652,2,363,1,Inactive,2.233702548461698e-7,0.039807383762575727,0.04643458616409629,100,2
https://comptox.epa.gov/dashboard/chemical/details/DTXSID7029162,"3-Bromo-1-chloro-5,5-dimethylhydantoin",126-06-7,C5H6BrClN2O2,239.930118,15,364,4,Inactive,0,-0.21374694571422737,0.24933190855438153,24.976560902507185,1.3975326388464848
https://comptox.epa.gov/dashboard/chemical/details/DTXSID9042382,Tetrapropyl orthosilicate,682-01-9,C12H28O4Si,264.175686,10,476,2,Inactive,-6.122036115037094e-18,-0.26192352084240944,0.30552900360145074,0.19491511903679973,-0.7101544725314838
https://comptox.epa.gov/dashboard/chemical/details/DTXSID6020147,1H-Benzotriazole,95-14-7,C6H5N3,119.048347,9,607,1,Inactive,0,-0.13610682464050555,0.15876612524917566,24.89991132740099,1.396197800505816
https://comptox.epa.gov/dashboard/chemical/details/DTXSID0048509,PharmaGSID_48509,NOCAS_48509,C25H39N3O2,413.304228,158,637,25,Inactive,1.955693229761296e-8,0.1335359457625256,0.15576724198950143,100.00000000000001,2
https://comptox.epa.gov/dashboard/chemical/details/DTXSID9022364,5alpha-Dihydrotestosterone,521-18-6,C19H30O2,290.224580,145,709,20,Active,0.9999999144240573,3.5844240523158346,4.181165195347399,0.21593231766994156,-0.6656823537965566
https://comptox.epa.gov/dashboard/chemical/details/DTXSID9021390,"1,2,3-Trichloropropane",96-18-4,C3H5Cl3,145.945683,7,610,1,Inactive,0,-0.21626003013755152,0.2522633756381893,25.916976319227494,1.413584331902496
https://comptox.epa.gov/dashboard/chemical/details/DTXSID6024882,Cycloheximide,66-81-9,C15H23NO4,281.162708,259,632,41,Inactive,1.0548149232809563e-9,0.41862251715792964,0.4883155210384767,2.5192070307693637,0.4012638596879021
https://comptox.epa.gov/dashboard/chemical/details/DTXSID1048176,YM 218,387816-82-2,C74H80F4N8O12,1348.583183,149,625,24,Inactive,-0.000008518384730703,-0.3675049209699648,0.428687778636499,34.45,1.5371892262436446
https://comptox.epa.gov/dashboard/chemical/details/DTXSID6025355,Glutaraldehyde,111-30-8,C5H8O2,100.052429,83,597,14,Inactive,0,-0.08675486928398823,0.10119797063150689,0.009140000693454069,-2.03905377131614
https://comptox.epa.gov/dashboard/chemical/details/DTXSID4027367,1-Tetradecene,1120-36-1,C14H28,196.219101,13,590,2,Inactive,6.772792447490462e-8,0.14242641265678935,0.16613780925669389,100,2
https://comptox.epa.gov/dashboard/chemical/details/DTXSID7026994,n-Dodecylbenzene,123-01-3,C18H30,246.234751,12,605,2,Inactive,-2.0371501166115173e-9,-0.18139093050161437,0.21158920772083964,100,2
https://comptox.epa.gov/dashboard/chemical/details/DTXSID7044928,Isopropyl triethanolamine titanate,36673-16-2,C18H42N2O8Ti,462.242058,52,631,8,Inactive,2.0586232385025424e-13,0.39833293819063775,0.4646480977179899,27.847347152785254,1.4447838288891899
https://comptox.epa.gov/dashboard/chemical/details/DTXSID6048171,FR145237,146011-65-6,C30H22ClF3N2O2,534.132190,75,614,12,Inactive,7.192041939545936e-9,0.08146419330213708,0.09502649372132257,88.5,1.9469432706978254
https://comptox.epa.gov/dashboard/chemical/details/DTXSID1048178,FR130739,136042-19-8,C24H22N7Na,431.183438,99,621,16,Inactive,-1.9835453610005201e-19,-0.1666466854521012,0.19439031514202554,24.132168126934012,1.3825963423507048
https://comptox.epa.gov/dashboard/chemical/details/DTXSID3047429,Dexamethasone sodium phosphate,2392-39-4,C22H28FNa2O8P,516.130122,87,736,12,Inactive,0,0.2332584509438979,0.27209172306975093,0.008600000007776087,-2.065501548363745
https://comptox.epa.gov/dashboard/chemical/details/DTXSID3024657,3-Bromo-1-propanol,627-18-9,C3H7BrO,137.968028,3,592,1,Inactive,0,0.08750501911286299,0.10207300670704055,0.005700630584104668,-2.2440771015117553
https://comptox.epa.gov/dashboard/chemical/details/DTXSID1044697,4-Ethyloct-1-yn-3-ol,5877-42-9,C10H18O,154.135765,33,584,6,Inactive,0,-0.3646848434995482,0.4253982097698157,25.475186786624814,1.4061173769808413
https://comptox.epa.gov/dashboard/chemical/details/DTXSID8021272,Sodium chlorite,7758-19-2,ClNaO2,89.948451,12,639,2,Inactive,-7.660294685802865e-11,-0.015839092415544934,0.018476012036293545,100.00000000000001,2
https://comptox.epa.gov/dashboard/chemical/details/DTXSID3024940,Dibromoacetonitrile,3252-43-5,C2HBr2N,196.847575,17,602,3,Inactive,1.266398658379046e-11,0.06027282528080699,0.07030714993850833,100,2
https://comptox.epa.gov/dashboard/chemical/details/DTXSID6034924,Sodium trichloroacetate,650-51-1,C2Cl3NaO2,183.886157,15,576,3,Inactive,6.374097041580737e-10,0.057254754778826425,0.066786625816416,100,2
https://comptox.epa.gov/dashboard/chemical/details/DTXSID9022310,Daidzein,486-66-8,C15H10O4,254.057909,101,668,15,Inactive,1.4397333012511343e-7,0.3152849435800768,0.3677741286950637,100,2
https://comptox.epa.gov/dashboard/chemical/details/DTXSID1048172,PharmaGSID_48172,NOCAS_48172,C27H28N4O7S,552.167870,137,665,21,Inactive,8.290961028108185e-9,0.22950720115251566,0.26771595869649045,149.01108200204132,2.173218568233508
https://comptox.epa.gov/dashboard/chemical/details/DTXSID1048174,FR167356,174185-16-1,C19H17Cl2NO3,377.058549,208,624,33,Inactive,0,0.1203394440045869,0.1403737636941571,4.376816897223112,0.6411583784182411
https://comptox.epa.gov/dashboard/chemical/details/DTXSID4048513,PharmaGSID_48513,825643-57-0,C30H30F7N3O3,613.217539,324,619,52,Inactive,0.000007623157339453671,0.25893439172156457,0.3020422390719021,9.05,0.9566485792052033
https://comptox.epa.gov/dashboard/chemical/details/DTXSID7020005,Acetamide,60-35-5,C2H5NO,59.037114,8,608,1,Inactive,4.3428208526805316e-8,0.14216584668612398,0.16583386381058127,100,2
https://comptox.epa.gov/dashboard/chemical/details/DTXSID6048175,Difpas-pyrazole,151506-44-4,C18H16F2N2O2S,362.090055,84,632,13,Inactive,3.7561496933250016e-8,0.33722737982220513,0.39336957984081794,100,2
https://comptox.epa.gov/dashboard/chemical/details/DTXSID9048512,Ro 23-7637,107071-66-9,C33H40N2O,480.314064,292,601,49,Inactive,0,0.391818210053442,0.4570487863232361,24.70293540102073,1.3927485626815201
https://comptox.epa.gov/dashboard/chemical/details/DTXSID9048514,PharmaGSID_48514,NOCAS_48514,C17H15ClNNaO4S,387.030801,60,606,10,Inactive,1.5150846450172412e-11,0.36651846757196244,0.4275370987631467,100,2
https://comptox.epa.gov/dashboard/chemical/details/DTXSID7042190,"N,N-Dimethyldecylamine oxide",2605-79-0,C12H27NO,201.209264,27,608,4,Inactive,6.096487838433296e-10,0.08843641238778087,0.10315945995236771,100,2
https://comptox.epa.gov/dashboard/chemical/details/DTXSID5021885,"2-Methyl-2,4-pentanediol",107-41-5,C6H14O2,118.099380,11,609,2,Inactive,7.392478462553635e-9,0.18930605913324,0.22082206071708851,104.5,2.019116290447073
https://comptox.epa.gov/dashboard/chemical/details/DTXSID3025469,Isopentyl alcohol,123-51-3,C5H12O,88.088815,3,599,1,Inactive,0.000013024847942480846,0.2767647237303631,0.3228409957280825,100,2
https://comptox.epa.gov/dashboard/chemical/details/DTXSID9044742,"2,2'-[Ethane-1,2-diylbis(oxy)]diethanamine",929-59-9,C6H16N2O2,148.121178,34,586,6,Inactive,7.202974408212802e-12,0.09423306522855873,0.10992114962792747,100,2
https://comptox.epa.gov/dashboard/chemical/details/DTXSID2037714,4-Heptylphenol,1987-50-4,C13H20O,192.151415,162,611,27,Inactive,0,0.15029184867386675,0.17531269672559935,0.022303726088475917,-1.6516225771094293
https://comptox.epa.gov/dashboard/chemical/details/DTXSID5044576,"Citric acid, triethyl ester, acetate",77-89-4,C14H22O8,318.131468,13,585,2,Inactive,1.4469612390749526e-13,0.02959085269051204,0.034517189251167084,100,2
https://comptox.epa.gov/dashboard/chemical/details/DTXSID7048168,Fabesetron hydrochloride,129299-90-7,C18H20ClN3O,329.129490,293,679,43,Inactive,8.632950830221529e-16,0.1721648621135017,0.20082716744010098,17.2823109001469,1.2376018136104798
https://comptox.epa.gov/dashboard/chemical/details/DTXSID9048516,PharmaGSID_48516,NOCAS_48516,C15H10ClFNNaO3S,360.995164,68,596,11,Inactive,0,0.12435428504665563,0.1450570024474247,1.0227540225580969,0.00977119628221692
https://comptox.epa.gov/dashboard/chemical/details/DTXSID8040721,4-Cyclohexylcyclohexanone,92-68-2,C12H20O,180.151415,58,627,9,Inactive,0,0.158373431015658,0.18473971493484284,0.7146224694789769,-0.14592333263775495
https://comptox.epa.gov/dashboard/chemical/details/DTXSID5048506,PharmaGSID_48506,588941-45-1,C19H22ClN3O3S,407.107040,159,604,26,Inactive,6.338441840773511e-8,0.40223607754821344,0.46920103849628375,100,2
https://comptox.epa.gov/dashboard/chemical/details/DTXSID1020932,Nicotinic acid,59-67-6,C6H5NO2,123.032028,2,612,0,Inactive,-1.8768699844613985e-9,-0.01480094700736374,0.017265034377109356,100,2
https://comptox.epa.gov/dashboard/chemical/details/DTXSID8044593,1-Benzylquinolinium chloride,15619-48-4,C16H14ClN,255.081477,130,624,21,Inactive,6.763069158551717e-10,0.179050309808448,0.20885891642858748,100,2
https://comptox.epa.gov/dashboard/chemical/details/DTXSID7025055,Bis(2-ethylhexyl) decanedioate,122-62-3,C26H50O4,426.370910,23,606,4,Inactive,-8.687906796479208e-11,-0.10017970967367978,0.11685780177068439,100,2
https://comptox.epa.gov/dashboard/chemical/details/DTXSID9048510,PharmaGSID_48510,460081-99-6,C21H16F4N2O4,436.104620,129,623,21,Inactive,6.355880628280985e-9,0.14267523514780742,0.16642805614826695,100,2
https://comptox.epa.gov/dashboard/chemical/details/DTXSID3048520,Piragliatin,625114-41-2,C19H20ClN3O4S,421.086305,71,587,12,Inactive,-6.645967445793128e-14,-0.02342625971930704,0.027326304133087186,100,2
https://comptox.epa.gov/dashboard/chemical/details/DTXSID9048518,PharmaGSID_48518,NOCAS_48518,C13H9BrFNO3S2,388.919127,65,593,11,Inactive,6.530792431138769e-10,0.04393798405178062,0.05125285596505834,100,2
https://comptox.epa.gov/dashboard/chemical/details/DTXSID2048167,FR 409,138472-01-2,C8H13N3O4,215.090606,20,596,3,Inactive,-8.490776549474377e-7,-0.03990728918576669,0.04655112401569413,100,2
https://comptox.epa.gov/dashboard/chemical/details/DTXSID0041141,O-Chloroacetylcarbamoylfumagillol,129298-91-5,C19H28ClNO6,401.160515,104,617,17,Inactive,4.068812370537422e-15,0.24845754840651044,0.28982119268155926,2.1228581141165455,0.32692096811067095
https://comptox.epa.gov/dashboard/chemical/details/DTXSID3037094,4-Hydroxytamoxifen,68392-35-8,C26H29NO2,387.219829,361,715,50,Inactive,1.0512065476322597e-12,0.265034918631607,0.3091583922996626,1.1416571571188414,0.05753570362439107
https://comptox.epa.gov/dashboard/chemical/details/DTXSID0048507,PharmaGSID_48507,NOCAS_48507,C18H19ClF2N4O3,412.111375,103,636,16,Inactive,2.501983405846262e-7,0.2549587353090842,0.2974047084734276,100,2
https://comptox.epa.gov/dashboard/chemical/details/DTXSID5027061,2-Naphthalenol,135-19-3,C10H8O,144.057515,99,626,16,Inactive,1.1320637377951429e-9,0.14691958695452947,0.17137901501698968,100,2
https://comptox.epa.gov/dashboard/chemical/details/DTXSID7048166,PharmaGSID_48166,NOCAS_48166,C19H21N3O8,419.132865,275,603,46,Inactive,0.000006075640964535474,0.24603728279266354,0.28699799704387385,100,2
https://comptox.epa.gov/dashboard/chemical/details/DTXSID1048170,FR150011,149413-74-1,C24H23NO4S,421.134779,290,633,46,Inactive,0,-0.070848931548813,0.08264398475064841,0.07987415513758148,-1.0975937225240204
https://comptox.epa.gov/dashboard/chemical/details/DTXSID1029677,Silica,7631-86-9,O2Si,59.966756,6,583,1,Inactive,2.6453239023015988e-8,0.15775772283695808,0.18402150258895492,100,2
https://comptox.epa.gov/dashboard/chemical/details/DTXSID2022254,Terbufos,13071-79-9,C9H21O2PS3,288.044130,94,665,14,Inactive,0,-0.10155173123804043,0.1184582398685329,0.009140000053486756,-2.039053801724702
https://comptox.epa.gov/dashboard/chemical/details/DTXSID8048521,PharmaGSID_48521,1191914-21-2,C31H49N5O4,555.378455,12,590,2,Inactive,-7.711923712635347e-16,-0.09357244865022254,0.1091505524540177,21.0249274072275,1.3227345049838641
https://comptox.epa.gov/dashboard/chemical/details/DTXSID0048505,PharmaGSID_48505,NOCAS_48505,C17H12ClN5O2,353.067952,303,635,48,Inactive,0,0.3401546108001725,0.3967841413171344,0.5664318633362815,-0.24685232438272922
https://comptox.epa.gov/dashboard/chemical/details/DTXSID4048519,PharmaGSID_48519,686756-87-6,C22H20BrN5O4,497.069867,327,640,51,Inactive,0.00003492618305579348,0.5829521411474965,0.6800030263005243,0.062402679120862156,-1.2047967644453053
https://comptox.epa.gov/dashboard/chemical/details/DTXSID2020505,Dimethylaminoethanol,108-01-0,C4H11NO,89.084064,2,610,0,Inactive,0.000015425689156650833,0.15792680932599995,0.18421873889042673,100,2
https://comptox.epa.gov/dashboard/chemical/details/DTXSID7031531,Leucomalachite green,129-73-7,C23H26N2,330.209599,110,444,25,Inactive,0,-0.17196060636585855,0.2005889068407605,0.5075224570601888,-0.2945447361506317
https://comptox.epa.gov/dashboard/chemical/details/DTXSID4044375,Glycerol 1-allylether,123-34-2,C6H12O3,132.078644,11,333,3,Inactive,0,-0.15465103680480977,0.1803976100692911,1.0710992853216532,0.02982972953289188
https://comptox.epa.gov/dashboard/chemical/details/DTXSID8024600,Benzyltrimethylammonium chloride,56-93-9,C10H16ClN,185.097127,11,331,3,Inactive,1.5057357362428717e-8,0.029683971858058416,0.034625811059491654,100,2
https://comptox.epa.gov/dashboard/chemical/details/DTXSID4042337,Propyl propionate,106-36-5,C6H12O2,116.083730,2,329,1,Inactive,-1.6183978384488278e-16,-0.19929899577329702,0.23247863880854605,0.9125840679834357,-0.039727117469206256
https://comptox.epa.gov/dashboard/chemical/details/DTXSID4041573,Triethyl phosphonoacetate,867-13-0,C8H17O5P,224.081361,4,328,1,Inactive,9.354014559145672e-18,0.12142744385481839,0.14164289564951044,6.250365457294906,0.7959054111755014
https://comptox.epa.gov/dashboard/chemical/details/DTXSID6035285,"9,12-Tetradecadien-1-ol, 1-acetate, (9E,12Z)-",31654-77-0,C16H28O2,252.208930,124,449,28,Inactive,0,-0.2620043772135847,0.30562332108176166,24.651762930682473,1.3918479825864858
https://comptox.epa.gov/dashboard/chemical/details/DTXSID0025571,"2-Methyl-1,3-benzenediol",608-25-3,C7H8O2,124.052429,10,440,2,Inactive,0.0000011432594184413108,0.08887331943393917,0.10366910404255812,102,2.0086001717619175
https://comptox.epa.gov/dashboard/chemical/details/DTXSID3021190,Procarbazine hydrochloride,366-70-1,C12H20ClN3O,257.129490,11,335,3,Inactive,1.9027870368242844e-8,0.0179491128880695,0.020937312382576574,100.00000000000001,2
https://comptox.epa.gov/dashboard/chemical/details/DTXSID1027267,Tetradecane,629-59-4,C14H30,198.234751,0,331,0,Inactive,3.167167256145808e-17,0.1672444681167802,0.19508761770317842,0.08230000059575779,-1.0846001616439354
https://comptox.epa.gov/dashboard/chemical/details/DTXSID8040698,Triisobutyl phosphate,126-71-6,C12H27O4P,266.164696,17,439,4,Inactive,0,0.23011902850416127,0.26842964412849435,6.322280786681626,0.8008737799247055
https://comptox.epa.gov/dashboard/chemical/details/DTXSID9025401,"1,6-Hexanediol diacrylate",13048-33-4,C12H18O4,226.120509,210,451,47,Inactive,0,0.09877063764676701,0.11521414498491461,0.08230000027552964,-1.084600163333769
https://comptox.epa.gov/dashboard/chemical/details/DTXSID5031133,Di-n-propylphthalate,131-16-8,C14H18O4,250.120509,21,439,5,Inactive,0,-0.14082533102944356,0.1642701767786551,23.991109156330385,1.3800503267230912
https://comptox.epa.gov/dashboard/chemical/details/DTXSID1027558,p-Toluenesulphonyl isocyanate,4083-64-1,C8H7NO3S,197.014664,2,329,1,Inactive,-1.125460382870022e-19,-0.15787084959666114,0.18415346288813528,5.397063518293864,0.7321575293274328
https://comptox.epa.gov/dashboard/chemical/details/DTXSID8041668,Bibenzyl,103-29-7,C14H14,182.109550,102,444,23,Inactive,1.5219145337341902e-19,0.3411456353036293,0.397940153301518,182.26342545577205,2.260699528137412
https://comptox.epa.gov/dashboard/chemical/details/DTXSID5021883,Propargyl alcohol,107-19-7,C3H4O,56.026215,1,327,0,Inactive,2.5176338786294175e-8,0.27741164862889284,0.3235956218075467,100.5,2.002166061756508
https://comptox.epa.gov/dashboard/chemical/details/DTXSID3038800,Butyl 4-oxopentanoate,2052-15-5,C9H16O3,172.109944,1,330,0,Inactive,9.016806924703932e-7,0.009904468097248468,0.011553381151956128,100.00000000000001,2
https://comptox.epa.gov/dashboard/chemical/details/DTXSID6044353,"Benzeneacetic acid, ethyl ester",101-97-3,C10H12O2,164.083730,2,328,1,Inactive,0,0.07106264569278838,0.08289327839657347,1.774598924326364,0.24910021393528
https://comptox.epa.gov/dashboard/chemical/details/DTXSID5026914,1-Dodecene,112-41-4,C12H24,168.187801,2,329,1,Inactive,7.099051855246059e-17,0.2592069964042723,0.30236022745575136,0.09947030887290668,-1.0023065334949808
https://comptox.epa.gov/dashboard/chemical/details/DTXSID7026499,"4,4'-Oxybis(benzenesulfohydrazide)",80-51-3,C12H14N4O5S2,358.040562,5,336,1,Inactive,0,-0.1849187274937098,0.21570431848460955,1.2475733316739959,0.0960660826363945
https://comptox.epa.gov/dashboard/chemical/details/DTXSID7044392,2-Methoxynaphthalene,93-04-9,C11H10O,158.073165,2,332,1,Inactive,2.789286782891169e-7,0.22788301346775694,0.2658213734244612,100,2
https://comptox.epa.gov/dashboard/chemical/details/DTXSID4027361,"3-Hydroxy-2,2-dimethylpropyl 3-hydroxy-2,2-dimethylpropanoate",1115-20-4,C10H20O4,204.136159,4,330,1,Inactive,9.827094294632465e-7,0.05961675040144923,0.06954185057351268,100,2
https://comptox.epa.gov/dashboard/chemical/details/DTXSID6021375,Tricaprylin,538-23-8,C27H50O6,470.360739,2,332,1,Inactive,5.587595616792143e-10,0.01959378246538688,0.022855789408218467,100,2
https://comptox.epa.gov/dashboard/chemical/details/DTXSID0021543,1-Chlorooctane,111-85-3,C8H17Cl,148.101878,10,335,3,Inactive,-8.596059703494934e-18,-0.13372594914341912,0.15598887746331686,0.08230000039208282,-1.0846001627187216
https://comptox.epa.gov/dashboard/chemical/details/DTXSID9040635,"2,2'-Bipyridine",366-18-7,C10H8N2,156.068748,18,439,4,Inactive,8.89580149368742e-9,0.057299135886932584,0.06683839556849781,100,2
https://comptox.epa.gov/dashboard/chemical/details/DTXSID2025501,Limonene dimercaptan,4802-20-4,C10H20S2,204.100643,136,437,31,Inactive,-0.02706709590466252,-0.6812029163948199,0.7946107612906397,33.35,1.523095838252568
https://comptox.epa.gov/dashboard/chemical/details/DTXSID9024512,3-(Trifluoromethyl)aniline,98-16-8,C7H6F3N,161.045234,5,329,2,Inactive,7.875896112486459e-20,0.21082833094475428,0.24592739772791739,1.5899368195641177,0.20137986679853925
https://comptox.epa.gov/dashboard/chemical/details/DTXSID6044488,1-Aminocyclohexanecarbonitrile,5496-10-6,C7H12N2,124.100048,0,329,0,Inactive,7.820782369589813e-8,0.04760890784704201,0.05553492153082279,101,2.0043213737826426
https://comptox.epa.gov/dashboard/chemical/details/DTXSID3044332,Benzyltrimethylammonium hydroxide,100-85-6,C10H17NO,167.131014,2,330,1,Inactive,-8.32278527883755e-9,-0.048303861643194536,0.056345572442221,100,2
https://comptox.epa.gov/dashboard/chemical/details/DTXSID3021851,2-Methyl-4-phenylbutan-2-ol,103-05-9,C11H16O,164.120115,3,338,1,Inactive,0.000003756194384557721,0.21666443791789458,0.2527351099283343,100,2
https://comptox.epa.gov/dashboard/chemical/details/DTXSID0027432,3-Dimethylaminopropionitrile,1738-25-6,C5H10N2,98.084398,2,332,1,Inactive,1.315270818426011e-7,0.03215970700075226,0.037513710889547205,100.5,2.002166061756508
https://comptox.epa.gov/dashboard/chemical/details/DTXSID7020760,Ifosfamide,3778-73-2,C7H15Cl2N2O2P,260.024820,4,444,1,Inactive,1.0625416376761364e-8,0.02307876937675945,0.026920962994657814,100,2
https://comptox.epa.gov/dashboard/chemical/details/DTXSID2020977,Nitromethane,75-52-5,CH3NO2,61.016378,3,327,1,Inactive,5.5633952941452145e-15,0.1067337265903041,0.12450294280911782,99,1.99563519459755
https://comptox.epa.gov/dashboard/chemical/details/DTXSID7041461,"3,3,4,4-Tetrachlorotetrahydrothiophene 1,1-dioxide",3737-41-5,C4H4Cl4O2S,255.868611,271,449,60,Inactive,7.375642844616015e-20,0.12526465496581193,0.1461189323322017,0.18963487665027917,-0.7220817864925517
https://comptox.epa.gov/dashboard/chemical/details/DTXSID8027589,1-Butoxy-2-propanol,5131-66-8,C7H16O2,132.115030,1,333,0,Inactive,0,-0.16204690404398442,0.18902475413442146,0.36786921920233384,-0.43430654946114866
https://comptox.epa.gov/dashboard/chemical/details/DTXSID6041638,3-Phenyl-1-propanol,122-97-4,C9H12O,136.088815,2,329,1,Inactive,2.9147861646161472e-8,0.2443696852915849,0.2850527750138929,179.81787528011887,2.2548328617556503
https://comptox.epa.gov/dashboard/chemical/details/DTXSID3027615,Tris(2-chloropropyl) phosphate,6145-73-9,C9H18Cl3O4P,326.000829,14,437,3,Inactive,0.0000016173525147894585,0.13134795873923594,0.15321499508563974,100,2
https://comptox.epa.gov/dashboard/chemical/details/DTXSID1025279,Ethyl cyanoacrylate,7085-85-0,C6H7NO2,125.047678,24,330,7,Inactive,-2.3429669571463426e-8,-0.21946757449509505,0.2560049175524695,100,2
https://comptox.epa.gov/dashboard/chemical/details/DTXSID2029242,"Diethyl (N,N-bis(2-hydroxyethyl)amino)methanephosphonate",2781-11-5,C9H22NO5P,255.123560,2,328,1,Inactive,0,0.3000276258506114,0.3499767462052375,25.690836367096836,1.4097782429857877
https://comptox.epa.gov/dashboard/chemical/details/DTXSID5027069,2-Methyl-1-butanol,137-32-6,C5H12O,88.088815,15,332,5,Inactive,1.574081422460482e-7,0.10490287428722686,0.12236728703409802,100.5,2.002166061756508
https://comptox.epa.gov/dashboard/chemical/details/DTXSID1027841,Isooctyl 2-mercaptoacetate,25103-09-7,, ,13,440,3,Inactive,1.1994689576915229e-9,0.24147606981309305,0.2816774254038009,100,2
https://comptox.epa.gov/dashboard/chemical/details/DTXSID8044464,C.I.Solvent Orange 86,81-64-1,C14H8O4,240.042259,67,448,15,Inactive,-0.00023714556942360922,-0.27176377027544296,0.31700747485441383,100,2
https://comptox.epa.gov/dashboard/chemical/details/DTXSID4041230,"2-Amino-4-methoxy-6-methyl-1,3,5-triazine",1668-54-8,C5H8N4O,140.069811,1,329,0,Inactive,3.0137706564256756e-8,0.0755939209437084,0.08817892822292288,100,2
https://comptox.epa.gov/dashboard/chemical/details/DTXSID0022062,3-Methyl-2-butanone,563-80-4,C5H10O,86.073165,0,329,0,Inactive,0,0.21106888424856246,0.24620799876362875,171.50917631553844,2.2342873612102134
https://comptox.epa.gov/dashboard/chemical/details/DTXSID9036646,"1,2-Octanediol",1117-86-8,C8H18O2,146.130680,3,347,1,Inactive,1.7820313866990358e-7,0.0808708840134224,0.09433440927153562,99.99999999999999,2
https://comptox.epa.gov/dashboard/chemical/details/DTXSID2027206,3-Methyl-2-buten-1-ol,556-82-1,C5H10O,86.073165,1,336,0,Inactive,4.541441769354855e-10,0.09118759050753115,0.10636865898479503,100,2
https://comptox.epa.gov/dashboard/chemical/details/DTXSID4020248,Carbazole,86-74-8,C12H9N,167.073499,28,458,6,Inactive,-6.109091246383316e-16,-0.25593685296820023,0.29854566485960304,3.744756665796671,0.5734236025067296
https://comptox.epa.gov/dashboard/chemical/details/DTXSID1027504,2-(Dimethylamino)ethyl methacrylate,2867-47-2,C8H15NO2,157.110279,3,328,1,Inactive,0,-0.23187936842469387,0.27048304849703053,25.38745138390505,1.4046191047546854
https://comptox.epa.gov/dashboard/chemical/details/DTXSID1020142,"6-Phenyl-1,3,5-triazine-2,4-diamine",91-76-9,C9H9N5,187.085795,9,454,2,Inactive,1.3793881015778154e-10,0.0371923763591802,0.04338422778543598,100,2
https://comptox.epa.gov/dashboard/chemical/details/DTXSID5020368,Cytembena,21739-91-3,C11H8BrNaO4,305.950366,225,454,50,Inactive,2.5532708364118646e-8,0.01210086909477498,0.014115442803102245,100,2
https://comptox.epa.gov/dashboard/chemical/details/DTXSID5044360,"3,7-Dimethyloctan-1-ol",106-21-8,C10H22O,158.167065,58,439,13,Inactive,9.237908805874303e-10,0.03725804898442343,0.043460833703415094,100,2
https://comptox.epa.gov/dashboard/chemical/details/DTXSID8041371,"3,6,9,12,15-Pentaoxahexadecanol",23778-52-1,C11H24O6,252.157288,1,327,0,Inactive,-6.578766658558207e-10,-0.2394066421098826,0.2792634757815845,100,2
https://comptox.epa.gov/dashboard/chemical/details/DTXSID7043908,"3-(3,4-Methylenedioxyphenyl)-2-methylpropanal",1205-17-0,C11H12O3,192.078644,12,444,3,Inactive,0.000001332622360901118,0.06147082936331133,0.07170459982182081,100,2
https://comptox.epa.gov/dashboard/chemical/details/DTXSID0021331,Tetrakis(hydroxymethyl)phosphonium sulfate,55566-30-8,C8H24O12P2S,406.046371,41,341,12,Inactive,1.1743779719888765e-9,0.030497814268065426,0.035575143367710164,77.5,1.8893017025063104
https://comptox.epa.gov/dashboard/chemical/details/DTXSID4031980,Resveratrol,501-36-0,C14H12O3,228.078644,122,485,25,Inactive,8.668952271959421e-12,0.3693059352739922,0.4307886289305531,137.03159953198767,2.1368207271558903
https://comptox.epa.gov/dashboard/chemical/details/DTXSID8024573,Benzimidazole,51-17-2,C7H6N2,118.053098,2,334,1,Inactive,-0.00019896637603932792,-0.04483538146934833,0.05229965366364664,100,2
https://comptox.epa.gov/dashboard/chemical/details/DTXSID8020593,1-Ethyl-1-nitrosourea,759-73-9,C3H7N3O2,117.053826,0,336,0,Inactive,0,0.22597903691268723,0.26360041954494695,0.6212430267636961,-0.2067384730353427
https://comptox.epa.gov/dashboard/chemical/details/DTXSID2021604,Hexanal,66-25-1,C6H12O,100.088815,8,332,2,Inactive,0,0.11690690864094126,0.13636977388022822,24.75726526875718,1.3937026700620394
https://comptox.epa.gov/dashboard/chemical/details/DTXSID1044352,Methyl phenylacetate,101-41-7,C9H10O2,150.068080,3,450,1,Inactive,0,0.07350291619612093,0.08573980937249827,0.8816916855998536,-0.05468325460880174
https://comptox.epa.gov/dashboard/chemical/details/DTXSID9021974,4-Isopropylbenzaldehyde,122-03-2,C10H12O,148.088815,2,330,1,Inactive,0,0.10643956275590141,0.12415980606854723,0.08230000105405519,-1.0846001592255146
https://comptox.epa.gov/dashboard/chemical/details/DTXSID8027959,1-[(1-Butoxy-2-propanyl)oxy]-2-propanol,29911-28-2,C10H22O3,190.156895,1,328,0,Inactive,2.521413955049982e-9,0.06751162295074974,0.07875107521966242,100,2
https://comptox.epa.gov/dashboard/chemical/details/DTXSID1021241,Retinol palmitate,79-81-2,C36H60O2,524.459331,42,446,9,Inactive,0.000021379801097052748,0.07033706494703132,0.08204690170779594,100,2
https://comptox.epa.gov/dashboard/chemical/details/DTXSID1021116,Phenacetin,62-44-2,C10H13NO2,179.094629,2,337,1,Inactive,4.650593512474968e-12,0.028258577854554875,0.03296311498611401,100,2
https://comptox.epa.gov/dashboard/chemical/details/DTXSID4021557,Dibromomethane,74-95-3,CH2Br2,171.852326,0,328,0,Inactive,-0.0000036386194670078674,-0.0830439117741879,0.09686920646886114,100,2
https://comptox.epa.gov/dashboard/chemical/details/DTXSID0020236,Calcium lactate,814-80-2,C6H10CaO6,218.010329,6,328,2,Inactive,0,-0.10732417362972524,0.1251916884973766,2.2811625055218903,0.35815622466181085
https://comptox.epa.gov/dashboard/chemical/details/DTXSID5020732,Ibuprofen,15687-27-1,C13H18O2,206.130680,23,512,4,Inactive,0,-0.14255778011436487,0.16629104699681596,0.08230000046066115,-1.084600162356836
https://comptox.epa.gov/dashboard/chemical/details/DTXSID1044437,"3,5-Diaminobenzoic acid",535-87-5,C7H8N2O2,152.058578,5,330,2,Inactive,5.025795362450758e-8,0.0441339133581594,0.0514814039227282,100,2
https://comptox.epa.gov/dashboard/chemical/details/DTXSID4025610,Methyl 4-formylbenzoate,1571-08-0,C9H8O3,164.047344,4,330,1,Inactive,-9.543537125761728e-20,-0.19807155779581948,0.23104685482429313,27.0360720136289,1.43194359456536
https://comptox.epa.gov/dashboard/chemical/details/DTXSID4020743,Iodoform,75-47-8,CHI3,393.721240,18,436,4,Inactive,1.0816566333193239e-17,0.11647142865079321,0.1358617944248117,0.08230000383109526,-1.0846001445711628
https://comptox.epa.gov/dashboard/chemical/details/DTXSID7042065,"rel-(1R,4S,4aS,5R,8S,8aR)-1,2,3,4,10,10-Hexachloro-1,4,4a,5,8,8a-hexahydro-1,4:5,8-dimethanonaphthalene",465-73-6,C12H8Cl6,361.875717,86,447,19,Inactive,2.72346744460937e-19,0.13275274432734313,0.15485365181882527,1.7981651001086056,0.2548295643573513
https://comptox.epa.gov/dashboard/chemical/details/DTXSID8026436,2-Methyl-2-nitro-1-propanol,76-39-1,C4H9NO3,119.058243,1,330,0,Inactive,1.031961640908456e-8,0.06409517988616562,0.0747658567786981,100.5,2.002166061756508
https://comptox.epa.gov/dashboard/chemical/details/DTXSID9021136,"4-Butyl-1,2-diphenyl-3,5-Pyrazolidinedione",50-33-9,C19H20N2O2,308.152478,19,457,4,Inactive,8.295348278432207e-12,0.27799462226538585,0.3242756499077752,178.4971047054662,2.251631176074894
https://comptox.epa.gov/dashboard/chemical/details/DTXSID7026653,"1,4-Benzenedicarbonyl dichloride",100-20-9,C8H4Cl2O2,201.958835,7,328,2,Inactive,2.65684575418475e-7,0.18699279097553356,0.21812367565791602,100,2
https://comptox.epa.gov/dashboard/chemical/details/DTXSID3044380,"1,2-Diphenylethanedione",134-81-6,C14H10O2,210.068080,16,445,4,Inactive,0.0000014422423703171697,0.14030490915372917,0.16366311416500354,100.00000000000001,2
https://comptox.epa.gov/dashboard/chemical/details/DTXSID5044495,4-(4-Hydroxyphenyl)butan-2-one,5471-51-2,C10H12O2,164.083730,3,333,1,Inactive,-9.575524696653565e-11,-0.19399958353361707,0.22629697121315312,2.871841747783117,0.45816050452634594
https://comptox.epa.gov/dashboard/chemical/details/DTXSID6025012,"2,3-Dichloro-1-propene",78-88-6,C3H4Cl2,109.969005,1,329,0,Inactive,1.8204463375205997e-8,0.018440056405392553,0.021509989029522506,100.5,2.002166061756508
https://comptox.epa.gov/dashboard/chemical/details/DTXSID5020815,Metepa,57-39-6,C9H18N3OP,215.118749,1,328,0,Inactive,0,-0.6983707774093895,0.8146367576306383,25.7072175769409,1.4100550732833241
https://comptox.epa.gov/dashboard/chemical/details/DTXSID4026266,Tris(2-hydroxyethyl) isocyanurate,839-90-7,C9H15N3O6,261.096085,39,328,12,Inactive,0,-0.13135521655228882,0.15322346119201782,0.08230000071943555,-1.0846001609912916
https://comptox.epa.gov/dashboard/chemical/details/DTXSID5022279,"2,6-Diisopropylaniline",24544-04-5,C12H19N,177.151750,13,437,3,Inactive,-6.11441153025354e-17,-0.15452453561208787,0.1802500487382491,5.453931449698082,0.7367096750055102
https://comptox.epa.gov/dashboard/chemical/details/DTXSID1041508,4-Chloro-2-methylaniline,95-69-2,C7H8ClN,141.034527,16,454,4,Inactive,9.16056724456544e-9,0.2598951908230056,0.3031629936768353,177.30091690426983,2.2487109815424584
https://comptox.epa.gov/dashboard/chemical/details/DTXSID9023419,Paraldehyde,123-63-7,C6H12O3,132.078644,1,334,0,Inactive,-1.9298314786694268e-14,-0.12742214729010037,0.14863560772659756,100,2
https://comptox.epa.gov/dashboard/chemical/details/DTXSID1026457,Azobisisobutyronitrile,78-67-1,C8H12N4,164.106196,3,331,1,Inactive,-0.000057395816625315576,-0.13834768120578703,0.16138004350822405,100,2
https://comptox.epa.gov/dashboard/chemical/details/DTXSID9044370,N-Butylaniline,1126-78-9,C10H15N,149.120449,2,440,0,Inactive,-7.244807381234439e-11,-0.1302361522968909,0.1519180931753614,100,2
https://comptox.epa.gov/dashboard/chemical/details/DTXSID7027598,Triisopropyl orthoborate,5419-55-6,C9H21BO3,188.158375,1,329,0,Inactive,-8.125349252384369e-7,-0.0023094618782253124,0.00269394510367114,100,2
https://comptox.epa.gov/dashboard/chemical/details/DTXSID6020694,Hexamethylphosphoramide,680-31-9,C6H18N3OP,179.118749,6,332,2,Inactive,0,-0.09153258467411482,0.1067710883795497,0.08230000345149129,-1.084600146574321
https://comptox.epa.gov/dashboard/chemical/details/DTXSID6020648,Furosemide,54-31-9,C12H11ClN2O5S,330.007720,2,331,1,Inactive,0,0.11500292840001243,0.13414881570122666,23.966672766057155,1.3796077461888654
https://comptox.epa.gov/dashboard/chemical/details/DTXSID6044357,(4-Methoxyphenyl)methanol,105-13-5,C8H10O2,138.068080,7,449,2,Inactive,-1.3320281813725919e-12,-0.0870203443356984,0.10150764243100462,100,2
https://comptox.epa.gov/dashboard/chemical/details/DTXSID4038847,(3-Isocyanatopropyl)triethoxysilane,24801-88-5,C10H21NO4Si,247.123985,2,437,0,Inactive,2.3546650816546196e-12,0.10432693390144444,0.12169546309237646,100,2
https://comptox.epa.gov/dashboard/chemical/details/DTXSID7044429,"1,3,5-Benzenetricarbonyl trichloride",4422-95-1,C9H3Cl3O3,263.914777,157,434,36,Inactive,-3.812950988908383e-19,-0.10686704433050756,0.12465845551830772,0.0823000002934983,-1.084600163238949
https://comptox.epa.gov/dashboard/chemical/details/DTXSID4021131,N-Phenyl-2-naphthylamine,135-88-6,C16H13N,219.104799,154,452,34,Inactive,-1.426075683233339e-8,-0.2582523072724883,0.30124660001883785,100,2
https://comptox.epa.gov/dashboard/chemical/details/DTXSID0044490,Methyl 3-sulfamoylthiophene-2-carboxylate,59337-93-8,C6H7NO4S2,220.981650,2,328,1,Inactive,-8.845457878074224e-15,-0.158619913506295,0.1850272322587064,0.08230000044110175,-1.0846001624600503
https://comptox.epa.gov/dashboard/chemical/details/DTXSID5025150,Dimethyl phosphate,813-78-5,C2H7O4P,126.008196,9,441,2,Inactive,3.977679873550825e-15,0.3451153456849642,0.40257074796325265,0.09118011345182876,-1.0400998717581786
https://comptox.epa.gov/dashboard/chemical/details/DTXSID6044359,Pentadecan-15-olide,106-02-5,C15H28O2,240.208930,84,436,19,Inactive,-5.232248704801556e-19,-0.27020718205085215,0.3151917431181139,24.63651939754482,1.3915793514950887
https://comptox.epa.gov/dashboard/chemical/details/DTXSID1026615,Ethylene glycol dimethacrylate,97-90-5,C10H14O4,198.089209,2,328,1,Inactive,1.7285872846974604e-16,0.2032225357958361,0.2370553765899461,5.6234877278281585,0.7500057517147481
https://comptox.epa.gov/dashboard/chemical/details/DTXSID6035784,(7S)-Hydroprene,65733-18-8,C17H30O2,266.224580,175,444,39,Inactive,1.5768137541946121e-19,0.18205247359783353,0.21236088566093905,19.842513803242426,1.2975966910903067
https://comptox.epa.gov/dashboard/chemical/details/DTXSID7043902,"1,1,3,3-Tetrabutylurea",4559-86-8,C17H36N2O,284.282764,147,438,34,Active,0.9128933310633346,1.0984154814011269,1.281281598893946,33.35,1.523095838252568
https://comptox.epa.gov/dashboard/chemical/details/DTXSID7021156,Phosphamidon,13171-21-6,C10H19ClNO5P,299.068937,9,437,2,Inactive,-4.955200344840234e-7,-0.11549793119922558,0.13472622742636345,100,2
https://comptox.epa.gov/dashboard/chemical/details/DTXSID3041580,Iminodiacetonitrile,628-87-5,C4H5N3,95.048347,3,329,1,Inactive,2.304140150310247e-10,0.1161942489699063,0.1355384693891388,100,2
https://comptox.epa.gov/dashboard/chemical/details/DTXSID4040719,"N-(2,4-Dimethylphenyl)-3-oxobutanamide",97-36-9,C12H15NO2,205.110279,3,328,1,Inactive,0.000016399037191562862,0.1574401552858276,0.18365106584023916,100,2
https://comptox.epa.gov/dashboard/chemical/details/DTXSID1026536,"1H,3H-Benzo(1,2-c:4,5-c')difuran-1,3,5,7-tetrone",89-32-7,C10H2O6,217.985138,2,328,1,Inactive,1.8952488751924e-12,0.1980012225561481,0.23096481005173605,166.97788272457393,2.222658949909303
https://comptox.epa.gov/dashboard/chemical/details/DTXSID9027443,N-(Butoxymethyl)acrylamide,1852-16-0,C8H15NO2,157.110279,9,435,2,Inactive,-2.262328063547e-9,-0.10629537534812909,0.12399161409064902,100,2
https://comptox.epa.gov/dashboard/chemical/details/DTXSID2042199,N-Chlorosuccinimide,128-09-6,C4H4ClNO2,132.993056,1,329,0,Inactive,-0.000009101409048223014,-0.12412162532907164,0.14478560913588473,100,2
https://comptox.epa.gov/dashboard/chemical/details/DTXSID4025082,Diisodecyl phthalate,26761-40-0,C28H46O4, ,11,518,2,Inactive,-0.0000053685061615622005,-0.07979666737731239,0.09308135518373468,100,2
https://comptox.epa.gov/dashboard/chemical/details/DTXSID5027518,Aluminum n-butoxide,3085-30-1,C12H27AlO3,246.177558,2,330,1,Inactive,3.4814088883005165e-10,0.13947678100029634,0.16269711779797671,100,2
https://comptox.epa.gov/dashboard/chemical/details/DTXSID8024739,(-)-(E)-Caryophyllene,87-44-5,C15H24,204.187801,84,439,19,Inactive,0.00005874882802416154,0.49157290417064187,0.5734108152092678,100,2
https://comptox.epa.gov/dashboard/chemical/details/DTXSID2022090,4-(2-Hydroxyethyl)morpholine,622-40-2,C6H13NO2,131.094629,5,437,1,Inactive,0.000006490020905348396,0.005019511111213025,0.005855168040819234,100,2
https://comptox.epa.gov/dashboard/chemical/details/DTXSID1027342,Sodium benzenethiolate,930-69-8,C6H5NaS,132.000966,11,437,3,Inactive,0,-0.29030849675389014,0.33863955961258424,25.4513235623981,1.4057103721698079
https://comptox.epa.gov/dashboard/chemical/details/DTXSID8020331,Ciprofibrate,52214-84-3,C13H14Cl2O3,288.032000,12,362,3,Inactive,-0.0000015543133317819104,-0.011429319200845079,0.013332092116225554,100,2
https://comptox.epa.gov/dashboard/chemical/details/DTXSID3027085,Bis[2-(2-butoxyethoxy)ethyl] adipate,141-17-3,C22H42O8,434.287968,11,438,3,Inactive,8.691632009963776e-12,0.2453895197723277,0.28624239331062934,184.46474976139706,2.265913387043855
https://comptox.epa.gov/dashboard/chemical/details/DTXSID8021438,"1,1-Dichloroethylene",75-35-4,C2H2Cl2,95.953356,3,328,1,Inactive,3.695357306187372e-8,0.3227753530337252,0.37651155452677054,171.8014320589958,2.23502677959259
https://comptox.epa.gov/dashboard/chemical/details/DTXSID8020464,Diethyl maleate,141-05-9,C8H12O4,172.073559,13,456,3,Inactive,0,-0.10359588800392078,0.12084271140387225,0.08230000517145417,-1.084600137498132
https://comptox.epa.gov/dashboard/chemical/details/DTXSID6027133,"O,O′-Diethyl hydrogen dithiophosphate",298-06-6,C4H11O2PS2,185.993809,12,443,3,Inactive,9.699156212017229e-10,0.31751149400748374,0.3703713591055518,104.5,2.019116290447073
https://comptox.epa.gov/dashboard/chemical/details/DTXSID3021807,o-Xylene,95-47-6,C8H10,106.078250,3,333,1,Inactive,-3.280563287629072e-7,-0.13169226134683124,0.15361661778946428,99.49999999999999,1.9978230807457253
https://comptox.epa.gov/dashboard/chemical/details/DTXSID1044518,(-)-Isolongifolene,1135-66-6,C15H24,204.187801,84,440,19,Inactive,3.427437818136498e-10,0.2709186582379397,0.3160216670967924,172.2433718130141,2.2361425185888453
https://comptox.epa.gov/dashboard/chemical/details/DTXSID5026544,"1,2,3-Benzotriazin-4(1H)-one",90-16-4,C7H5N3O,147.043262,2,333,1,Inactive,0,0.2604655964806654,0.30382836145928155,7.777172512907513,0.8908217325635637
https://comptox.epa.gov/dashboard/chemical/details/DTXSID0025991,4-Nitrosophenol,104-91-6,C6H5NO2,123.032028,32,441,7,Inactive,-1.9412671532617494e-7,-0.03569753009298287,0.04164051691601997,100.49999999999999,2.002166061756508
https://comptox.epa.gov/dashboard/chemical/details/DTXSID9027653,Isobornyl methacrylate,7534-94-3,C14H22O2,222.161980,148,435,34,Inactive,-4.224149323022327e-7,-0.2559750323928538,0.2985902004611976,100,2
https://comptox.epa.gov/dashboard/chemical/details/DTXSID0021757,1-Ethynylcyclohexanol,78-27-3,C8H12O,124.088815,5,328,2,Inactive,4.4258339113117435e-12,0.21010709844688344,0.24508609319088787,100.5,2.002166061756508
https://comptox.epa.gov/dashboard/chemical/details/DTXSID3027902,Methylcyclopentadiene dimer,26472-00-4,, ,42,438,10,Inactive,5.829236137889267e-12,0.26841462453115894,0.313100757508541,3.339027295432097,0.5236199692811119
https://comptox.epa.gov/dashboard/chemical/details/DTXSID3027588,"1,1-Methylene bis(4-isocyanatocyclohexane)",5124-30-1,C15H22N2O2,262.168128,65,449,14,Inactive,1.09556450990221e-13,0.41120168277337443,0.47965925325423026,26.01921405167236,1.4152941739251472
https://comptox.epa.gov/dashboard/chemical/details/DTXSID7038317,"3,5,6-Trichloro-2-pyridinol",6515-38-4,C5H2Cl3NO,196.920197,26,437,6,Inactive,0,-0.11104793785247946,0.1295353914567964,0.08230001437362598,-1.0846000889385699
https://comptox.epa.gov/dashboard/chemical/details/DTXSID5027489,Trimethoxy[3-(oxiran-2-ylmethoxy)propyl]silane,2530-83-8,C9H20O5Si,236.108000,8,328,2,Inactive,0.0000011560064736667897,0.29064162904765,0.33902815234932115,100,2
https://comptox.epa.gov/dashboard/chemical/details/DTXSID7024247,Pentachlorobenzene,608-93-5,C6HCl5,247.852089,22,443,5,Inactive,5.6331618588252276e-11,0.42980890162177726,0.5013642342206672,176.507177837657,2.246762371094389
https://comptox.epa.gov/dashboard/chemical/details/DTXSID4040765,Dimethyl maleate,624-48-6,C6H8O4,144.042259,31,440,7,Inactive,5.683525290685952e-19,0.164862633249034,0.19230925082896577,0.08453262189998925,-1.0729756605518728
https://comptox.epa.gov/dashboard/chemical/details/DTXSID7031290,Isocyclemone E,54464-57-2,C16H26O,234.198365,141,443,32,Active,0.9587778247225642,1.081540375313899,1.261597095830162,157.96020904065608,2.198547699799524
https://comptox.epa.gov/dashboard/chemical/details/DTXSID3044463,Ethenyl(triethoxy)silane,78-08-0,C8H18O3Si,190.102521,5,452,1,Inactive,6.9570427342100025e-9,0.34156505608677235,0.39842939998524957,174.68210231864052,2.2422484100634232
https://comptox.epa.gov/dashboard/chemical/details/DTXSID7038818,"7-Methoxy-3,7-dimethyloctanal",3613-30-7,C11H22O2,186.161980,1,328,0,Inactive,5.094313031163108e-13,0.1423863025039524,0.16609102149593394,0.42860502241289444,-0.3679427441821367
https://comptox.epa.gov/dashboard/chemical/details/DTXSID7041966,Famphur,52-85-7,C10H16NO5PS2,325.020752,28,447,6,Inactive,0,0.27724059223186026,0.32339608764437977,11.381036036109617,1.0561817984637272
https://comptox.epa.gov/dashboard/chemical/details/DTXSID9021843,2-Pyridinecarbonitrile,100-70-9,C6H4N2,104.037448,2,331,1,Inactive,-1.0144925687913021e-9,-0.013265248962126271,0.015473670653511577,100.5,2.002166061756508
https://comptox.epa.gov/dashboard/chemical/details/DTXSID0044494,2-Phenylethyl phenylacetate,102-20-5,C16H16O2,240.115030,10,450,2,Inactive,-3.019762203988098e-14,-0.2630803476426397,0.3068784209370037,0.1270612620980844,-0.8959868351371381
https://comptox.epa.gov/dashboard/chemical/details/DTXSID8020674,Griseofulvin,126-07-8,C17H17ClO6,352.071366,62,443,14,Inactive,-0.0000024374348873912227,-0.18622135524759661,0.2172238099698668,100,2
https://comptox.epa.gov/dashboard/chemical/details/DTXSID1021586,"6,10-Dimethyl-5,9-undecadiene-2-one",689-67-8,C13H22O,194.167065,27,438,6,Inactive,-3.080594120210818e-21,-0.19645178559593882,0.22915742013473495,0.09248888815791044,-1.033910441332147
https://comptox.epa.gov/dashboard/chemical/details/DTXSID8044541,Isocyclocitral,1335-66-6,, ,3,440,1,Inactive,-1.7271848591947184e-10,-0.4788466817647113,0.5585659091894154,0.09967255093252606,-1.0014244266418084
https://comptox.epa.gov/dashboard/chemical/details/DTXSID4022521,Diisononyl phthalate,28553-12-0,C26H42O4, ,11,445,2,Inactive,0.0000927927071200339,0.16597282175638983,0.1936042654476273,100,2
https://comptox.epa.gov/dashboard/chemical/details/DTXSID2021818,2-Methylbutanal,96-17-3,C5H10O,86.073165,9,332,3,Inactive,2.0178149060251128e-11,0.0032869676078776024,0.003834187685302687,99.5,1.9978230807457253
https://comptox.epa.gov/dashboard/chemical/details/DTXSID3027407,Ethyl dichlorophosphate,1498-51-7,C2H5Cl2O2P,161.940422,8,328,2,Inactive,3.221728906224592e-9,0.03497959433768586,0.04080305796899503,100.00000000000001,2
https://comptox.epa.gov/dashboard/chemical/details/DTXSID5021629,6-Methyl-5-hepten-2-one,110-93-0,C8H14O,126.104465,3,333,1,Inactive,6.403151339736115e-8,0.0900462780814981,0.10503733888340697,101,2.0043213737826426
https://comptox.epa.gov/dashboard/chemical/details/DTXSID7021102,Penicillin VK,132-98-9,C16H17KN2O5S,388.049524,5,383,1,Inactive,-4.741441496239684e-16,-0.1581012822336268,0.18442225835080672,0.08230000046664293,-1.0846001623252703
https://comptox.epa.gov/dashboard/chemical/details/DTXSID9020451,"N,N'-Dicyclohexylthiourea",1212-29-9,C13H24N2S,240.166020,75,456,16,Inactive,0,-0.3149588715902031,0.36739377167386894,24.746631467015355,1.3935160907503619
https://comptox.epa.gov/dashboard/chemical/details/DTXSID9024485,6-Methoxy-2-benzothiazolamine,1747-60-0,C8H8N2OS,180.035734,26,454,6,Inactive,-1.556551188636665e-17,-0.16879525391124012,0.19689658101069937,0.21787627182904695,-0.6617900647277342
https://comptox.epa.gov/dashboard/chemical/details/DTXSID5044362,Glutaric anhydride,108-55-4,C5H6O3,114.031694,3,331,1,Inactive,0,-0.318627743421179,0.37167344366076904,25.116222345970048,1.3999543190749735
https://comptox.epa.gov/dashboard/chemical/details/DTXSID0025361,Glycidyl methacrylate,106-91-2,C7H10O3,142.062994,1,329,0,Inactive,-1.0255569068329e-8,-0.4104076417508874,0.4787330189029247,0.08260964184814437,-1.0829692607054404
https://comptox.epa.gov/dashboard/chemical/details/DTXSID4027579,Pentaethylene glycol,4792-15-8,C10H22O6,238.141638,3,326,1,Inactive,4.091204978348682e-8,0.1347536911159398,0.15718771970479908,100,2
https://comptox.epa.gov/dashboard/chemical/details/DTXSID5020445,"2,4-D isopropyl ester",94-11-1,C11H12Cl2O3,262.016350,9,328,3,Inactive,0,-0.4063040886488787,0.4739462991518692,25.33486309858755,1.403718561846006
https://comptox.epa.gov/dashboard/chemical/details/DTXSID2021498,2-Bromobenzothiazole,2516-40-7,C7H4BrNS,212.924783,19,436,4,Inactive,-3.943484876696292e-8,-0.18858569853462503,0.21998177323461765,100,2
https://comptox.epa.gov/dashboard/chemical/details/DTXSID4025406,n-Hexyl methacrylate,142-09-6,C10H18O2,170.130680,5,328,2,Inactive,4.0956538401438797e-10,0.15494714712922789,0.1807430173549163,181.79608540320257,2.259584527367292
https://comptox.epa.gov/dashboard/chemical/details/DTXSID4037580,Omethoate,1113-02-6,C5H12NO4PS,213.022466,4,396,1,Inactive,1.2388034678045329e-16,0.14451170725957313,0.1685702673274883,100.00000000000001,2
https://comptox.epa.gov/dashboard/chemical/details/DTXSID5025364,Glyoxal,107-22-2,C2H2O2,58.005479,3,331,1,Inactive,6.787119983591227e-8,0.027910077760557775,0.03255659599105969,87,1.9395192526186185
https://comptox.epa.gov/dashboard/chemical/details/DTXSID0044236,Triethylene glycol bis(3-tert-butyl-4-hydroxy-5-methylphenyl)propionate,36443-68-2,C34H50O8,586.350569,35,440,8,Inactive,-4.717657667359175e-12,-0.2949006094054789,0.3439961751557514,21.934724156645444,1.3411321772410774
https://comptox.epa.gov/dashboard/chemical/details/DTXSID7042279,2-Phenoxyethyl isobutyrate,103-60-6,C12H16O3,208.109944,6,330,2,Inactive,0.000002292482589083947,0.08670934288812397,0.10114486492217144,100,2
https://comptox.epa.gov/dashboard/chemical/details/DTXSID4044454,Ethyl 4-chloro-3-oxobutanoate,638-07-3,C6H9ClO3,164.024022,115,435,26,Inactive,-0.0010350976952135033,-0.3826372618676536,0.44633937793448675,100,2
https://comptox.epa.gov/dashboard/chemical/details/DTXSID0034936,Sulfometuron-methyl,74222-97-2,C15H16N4O5S,364.084141,2,331,1,Inactive,1.1888609087647264e-7,0.13114765182622776,0.15298134072978412,100,2
https://comptox.epa.gov/dashboard/chemical/details/DTXSID4024012,"1,4-Dibromobenzene",106-37-6,C6H4Br2,233.867976,6,332,2,Inactive,0.000004496935640454102,0.041589770008861236,0.048513707168995245,100.00000000000001,2
https://comptox.epa.gov/dashboard/chemical/details/DTXSID6025301,2-Ethylhexyl glycidyl ether,2461-15-6,C11H22O2,186.161980,2,444,0,Inactive,0,-0.1710477398314883,0.19952406469993167,0.08230000040678505,-1.0846001626411383
https://comptox.epa.gov/dashboard/chemical/details/DTXSID2044470,1-Phenylpropan-1-one,93-55-0,C9H10O,134.073165,0,332,0,Inactive,-9.421127672290154e-19,-0.24101735059854826,0.2811423378175393,23.942121240426836,1.379162625694473
https://comptox.epa.gov/dashboard/chemical/details/DTXSID2027832,2-Ethylhexyl chloroformate,24468-13-1,C9H17ClO2,192.091708,4,330,1,Inactive,0,-0.07089213703230453,0.08269438315808746,0.9007311877995794,-0.04540479955804677
https://comptox.epa.gov/dashboard/chemical/details/DTXSID7025134,"1,3-Dimethyl-2-nitrobenzene",81-20-9,C8H9NO2,151.063329,18,344,5,Inactive,6.407235903470127e-10,0.05076986401345737,0.05922211917098362,100.5,2.002166061756508
https://comptox.epa.gov/dashboard/chemical/details/DTXSID8027294,sec-Butylurea,689-11-2,C5H12N2O,116.094963,3,332,1,Inactive,0,-0.11417266677415629,0.13318033067758125,0.08190000061288226,-1.0867160949896257
https://comptox.epa.gov/dashboard/chemical/details/DTXSID3032624,Kinoprene,42588-37-4,C18H28O2,276.208930,50,437,11,Inactive,0.0000013620562371914077,0.02965225614278247,0.03458881525684055,100,2
https://comptox.epa.gov/dashboard/chemical/details/DTXSID3021778,Diphenyl phthalate,84-62-8,C20H14O4,318.089209,51,442,12,Inactive,-1.9131059468821874e-8,-0.4923749075924965,0.5743463375540199,0.0658061814144676,-1.1817333096063378
https://comptox.epa.gov/dashboard/chemical/details/DTXSID5024182,2-Methoxyethanol,109-86-4,C3H8O2,76.052429,3,706,0,Inactive,0,-0.10066970890205684,0.11742937692182019,2.042745446054486,0.31021425098795324
https://comptox.epa.gov/dashboard/chemical/details/DTXSID6042280,Phenthoate,2597-03-7,C12H17O4PS2,320.030588,65,446,15,Inactive,8.27278621198604e-9,0.09968980765959486,0.11628634001824495,100,2
https://comptox.epa.gov/dashboard/chemical/details/DTXSID6026088,"1,2,3,4-Tetrachlorobenzene",634-66-2,C6H2Cl4,213.891061,16,337,5,Inactive,-1.2931125492881643e-11,-0.09790662359279233,0.11420628837028333,100,2
https://comptox.epa.gov/dashboard/chemical/details/DTXSID4021559,"2,6-Di-tert-butyl-4-nitrophenol",728-40-5,C14H21NO3,251.152144,139,453,31,Inactive,0.0021067138212126587,0.06581044934950075,0.07676668728202693,100,2
https://comptox.epa.gov/dashboard/chemical/details/DTXSID4041280,Tempol,2226-96-2,C9H18NO2,172.133754,7,458,2,Inactive,9.860159524980992e-8,0.2145998005825644,0.2503267481827646,100,2
https://comptox.epa.gov/dashboard/chemical/details/DTXSID6021583,"2,3-Butanedione",431-03-8,C4H6O2,86.036779,4,327,1,Inactive,-1.1036785336161606e-7,-0.06927414115096021,0.08080702051166132,99.5,1.9978230807457253
https://comptox.epa.gov/dashboard/chemical/details/DTXSID5027302,"2,3,5,6-Tetrachlorobenzene-1,4-dicarbonyl dichloride",719-32-4,C8Cl6O2,337.802945,6,435,1,Inactive,1.8369101900940195e-8,0.15487997998413625,0.18066466810682813,100,2
https://comptox.epa.gov/dashboard/chemical/details/DTXSID7020687,"1,2,3,4,5,6-Hexachlorocyclohexane",608-73-1,C6H6Cl6,287.860066,100,457,22,Inactive,0.11385879409838402,0.8005988689390814,0.9338839594271386,177.28905162188832,2.2486819168360435
https://comptox.epa.gov/dashboard/chemical/details/DTXSID1040114,tert-Butylacrylamide,107-58-4,C7H13NO,127.099714,9,437,2,Inactive,1.5214832489938853e-7,0.16449558212557747,0.1918810923968411,99.99999999999999,2
https://comptox.epa.gov/dashboard/chemical/details/DTXSID1041502,"3-Methyl-4,6-di-tert-butylphenol",497-39-2,C15H24O,220.182715,269,455,59,Inactive,0,-0.10228737800984711,0.11931635839286332,0.00914000002420551,-2.0390538031160244
https://comptox.epa.gov/dashboard/chemical/details/DTXSID6022006,Hexyl acetate,142-92-7,C8H16O2,144.115030,14,336,4,Inactive,0.0008918559471131053,0.007031404871107377,0.008202005368889275,99.5,1.9978230807457253
https://comptox.epa.gov/dashboard/chemical/details/DTXSID2020767,Isosafrole,120-58-1,C10H10O2,162.068080,11,330,3,Inactive,0.00007104934927656576,0.167778682727577,0.19571076929040943,100.5,2.002166061756508
https://comptox.epa.gov/dashboard/chemical/details/DTXSID8021725,Nicotine sulfate (2:1),65-30-5,C20H30N4O4S,422.198777,1,330,0,Inactive,-7.456101072542646e-7,-0.0018749658947915494,0.0021871134741161067,100.5,2.002166061756508
https://comptox.epa.gov/dashboard/chemical/details/DTXSID3027584,"N,N-Dicyclohexyl-2-benzothiazolesulfenamide",4979-32-2,C19H26N2S2,346.153741,53,443,12,Inactive,6.866831048000193e-12,0.36056093861862176,0.4205877500403334,0.08949876857625393,-1.0481829401501996
https://comptox.epa.gov/dashboard/chemical/details/DTXSID6044519,"1,1,3,3,5-Pentamethyl-4,6-dinitro-2,3-dihydro-1H-indene",116-66-5,C14H18N2O4,278.126657,72,445,16,Inactive,1.4537574724043152e-7,0.09941978908414141,0.11597136828127821,100,2
https://comptox.epa.gov/dashboard/chemical/details/DTXSID6026084,"4,5,6,7-Tetrabromo-1,3-Isobenzofurandione",632-79-1,C8Br4O3,459.658096,6,328,2,Inactive,0.000020265246888683613,0.3753768101201837,0.4378701935673617,182.82034416367208,2.26202452217684
https://comptox.epa.gov/dashboard/chemical/details/DTXSID6021795,Xanthone,90-47-1,C13H8O2,196.052429,21,441,5,Inactive,1.024311427740087e-19,0.10154591065964806,0.11845145027013836,162.14142421775415,2.2098939834536466
https://comptox.epa.gov/dashboard/chemical/details/DTXSID3037757,10-Undecen-1-al,112-45-8,C11H20O,168.151415,12,446,3,Inactive,7.157796398134991e-13,0.14550798340681187,0.16973240525843378,0.9104575291437225,-0.04074030828610955
https://comptox.epa.gov/dashboard/chemical/details/DTXSID0022191,Tetrahydrofurfuryl methacrylate,2455-24-5,C9H14O3,170.094294,0,330,0,Inactive,1.3194589899358478e-9,0.007161100263968311,0.008353292676058383,100,2
https://comptox.epa.gov/dashboard/chemical/details/DTXSID6022557,Adenine,73-24-5,C5H5N5,135.054495,3,335,1,Inactive,3.3434967642661126e-17,0.12690989275630837,0.14803807216813977,23.264135525359436,1.3666869191713924
https://comptox.epa.gov/dashboard/chemical/details/DTXSID7021316,Tetradifon,116-29-0,C12H6Cl4O2S,353.884261,79,453,17,Inactive,1.318876383026191e-7,0.10591553182773385,0.1235485335611205,100,2
https://comptox.epa.gov/dashboard/chemical/details/DTXSID1027928,2-Ethylhexyl nitrate,27247-96-7,C8H17NO3,175.120843,36,439,8,Inactive,5.4342361992563655e-9,0.03143591729163149,0.03666942341229653,99.5,1.9978230807457253
https://comptox.epa.gov/dashboard/chemical/details/DTXSID4027498,"1,3-Bis(2-isocyanato-2-propyl)benzene",2778-42-9,C14H16N2O2,244.121178,33,445,7,Inactive,-0.000012287084279787557,-0.13623406792617154,0.15891455221808426,99.99999999999999,2
https://comptox.epa.gov/dashboard/chemical/details/DTXSID6023864,Metsulfuron-methyl,74223-64-6,C14H15N5O6S,381.074304,13,515,3,Inactive,0,-0.21793504772560782,0.25421725306411797,23.641797019084148,1.373680484299354
https://comptox.epa.gov/dashboard/chemical/details/DTXSID2041759,Quaternium 17,124-03-8,C20H44BrN,377.265713,293,464,63,Inactive,-0.8498302376570664,-0.9606025072730672,1.1205252814266335,8.314075912789196,0.9198139855725224
https://comptox.epa.gov/dashboard/chemical/details/DTXSID2041418,2-Ethylbutyric acid,88-09-5,C6H12O2,116.083730,2,330,1,Inactive,0,-0.20377116868411715,0.23769534683454413,0.08230000030125094,-1.0846001631980386
https://comptox.epa.gov/dashboard/chemical/details/DTXSID6020779,Lithocholic acid,434-13-9,C24H40O3,376.297745,114,338,34,Inactive,-1.838158295230746e-11,-0.04603209967440958,0.0536956035944055,100,2
https://comptox.epa.gov/dashboard/chemical/details/DTXSID6020193,HC Blue 2,33229-34-4,C12H19N3O5,285.132471,50,334,15,Inactive,-8.422135183708105e-8,-0.41232869207314093,0.4809738890200438,0.09630709133745541,-1.0163417334846112
https://comptox.epa.gov/dashboard/chemical/details/DTXSID5037739,4-Anilinophenol,122-37-2,C12H11NO,185.084064,112,455,25,Inactive,-0.000002605894115635721,-0.09561399019403011,0.11153197338057046,100,2
https://comptox.epa.gov/dashboard/chemical/details/DTXSID7020265,Chloramphenicol,56-75-7,C11H12Cl2N2O5,322.012327,8,337,2,Inactive,-2.184204623708486e-15,-0.22460670126484186,0.2619996150744496,2.1064971910268717,0.3235608843399884
https://comptox.epa.gov/dashboard/chemical/details/DTXSID8044381,Bismaleimide,13676-54-5,C21H14N2O4,358.095357,260,450,58,Inactive,0.0000026592743522268124,0.001250652275624804,0.0014588630390832153,11.1,1.0453229787866574
https://comptox.epa.gov/dashboard/chemical/details/DTXSID6020690,Hexachlorophene,70-30-4,C13H6Cl6O2,403.849896,333,556,60,Inactive,-5.833121412803857e-18,-0.5107196762586396,0.5957451751759304,2.7583652852163776,0.44065177846384807
https://comptox.epa.gov/dashboard/chemical/details/DTXSID7034250,Chlorfenvinphos,470-90-6,C12H14Cl3O4P,357.969529,129,472,27,Inactive,0.0000022805908900586414,0.07084007478472791,0.0826336534970926,100,2
https://comptox.epa.gov/dashboard/chemical/details/DTXSID7041629,"2,2'-Dibenzoylaminodiphenyl disulfide",135-57-9,C26H20N2O2S2,456.096620,175,457,38,Active,0.9479296527122106,1.0730853913980547,1.25173451150415,163.3760297477333,2.21318833792509
https://comptox.epa.gov/dashboard/chemical/details/DTXSID5044522,Tetraethylurea,1187-03-7,C9H20N2O,172.157563,3,437,1,Inactive,0.0000011270893339556102,0.007362674488225682,0.00858842532734152,100,2
https://comptox.epa.gov/dashboard/chemical/details/DTXSID7044475,"rel-(2R,5R)-5-Methyl-2-(1-methylethyl)cyclohexanone",491-07-6,C10H18O,154.135765,1,332,0,Inactive,0.0000010756866256582395,0.011338536619146617,0.013226195892619938,100,2
https://comptox.epa.gov/dashboard/chemical/details/DTXSID8024810,2-Chloropyridine,109-09-1,C5H4ClN,113.003227,3,333,1,Inactive,0.000026997653471121452,0.11093193620523648,0.12940007765380426,100.5,2.002166061756508
https://comptox.epa.gov/dashboard/chemical/details/DTXSID1025485,N-Isopropyl-N'-phenyl-p-phenylenediamine,101-72-4,C15H18N2,226.146999,242,466,52,Inactive,5.6043778263138264e-14,0.5320404349785808,0.6206154508456359,7.756633957770325,0.8896732971975176
https://comptox.epa.gov/dashboard/chemical/details/DTXSID2026652,"1,4-Diisopropylbenzene",100-18-5,C12H18,162.140851,46,438,11,Inactive,-1.0717887664291853e-8,-0.3097022773702269,0.3612620505164828,30.882466823886,1.4897119835423485
https://comptox.epa.gov/dashboard/chemical/details/DTXSID4021478,Lynestrenol,52-76-6,C20H28O,284.214016,280,474,59,Inactive,0.22203361047699025,0.8281206661721818,0.9659876332740154,3.104090794464776,0.4919344158588148
https://comptox.epa.gov/dashboard/chemical/details/DTXSID0024890,p-Cymen-8-ol,1197-01-9,C10H14O,150.104465,4,338,1,Inactive,-5.2025095789150695e-14,-0.031191339158471526,0.03638412748665101,100,2
https://comptox.epa.gov/dashboard/chemical/details/DTXSID2032631,Oxadixyl,77732-09-3,C14H18N2O4,278.126657,5,436,1,Inactive,0.00004062720911914494,0.29890473218181485,0.3486669112477875,100,2
https://comptox.epa.gov/dashboard/chemical/details/DTXSID5021330,Tetramethylolphosphonium chloride,124-64-1,C4H12ClO4P,190.016174,10,331,3,Inactive,2.5090412134394003e-7,0.12928663994611608,0.1508105043589525,100,2
https://comptox.epa.gov/dashboard/chemical/details/DTXSID9025536,2-Mercaptobenzimidazole,583-39-1,C7H6N2S,150.025169,18,335,5,Inactive,-1.0830085025813546e-8,-0.08044467256298413,0.09383724139842091,100.50000000000001,2.002166061756508
https://comptox.epa.gov/dashboard/chemical/details/DTXSID4026921,2-[2-(Hexyloxy)ethoxy]ethanol,112-59-4,C10H22O3,190.156895,4,331,1,Inactive,-1.951421499930947e-8,-0.035354706033035505,0.0412406189110243,100,2
https://comptox.epa.gov/dashboard/chemical/details/DTXSID0024399,Acetoin,513-86-0,C4H8O2,88.052429,1,330,0,Inactive,0,-0.3408366434178478,0.39757971990981605,0.1891282904239758,-0.7232435031165698
https://comptox.epa.gov/dashboard/chemical/details/DTXSID8020256,d-Carvone,2244-16-8,C10H14O,150.104465,7,447,2,Inactive,6.3012111110190565e-9,0.07667319778251847,0.08943788494475988,100,2
https://comptox.epa.gov/dashboard/chemical/details/DTXSID7027386,Isodecyl acrylate,1330-61-6,C13H24O2, ,36,439,8,Inactive,0.000026979523346571887,0.447609016995512,0.5221277437238866,100,2
https://comptox.epa.gov/dashboard/chemical/details/DTXSID8044462,Triethoxy(phenyl)silane,780-69-8,C12H20O3Si,240.118171,2,331,1,Inactive,-3.908322754073142e-7,-0.014433293230014502,0.016836172960224972,100,2
https://comptox.epa.gov/dashboard/chemical/details/DTXSID9021346,Thiosemicarbazide,79-19-6,CH5N3S,91.020418,66,330,20,Inactive,0.0000015508243859772504,0.012240035313998887,0.014277777656259797,100,2
https://comptox.epa.gov/dashboard/chemical/details/DTXSID4040476,Fenazaquin,120928-09-8,C20H22N2O,306.173213,5,333,2,Inactive,4.82353667205057e-13,0.04092433757720533,0.04773749239013907,99.99999999999999,2
https://comptox.epa.gov/dashboard/chemical/details/DTXSID6027266,Tridecane,629-50-5,C13H28,184.219101,0,333,0,Inactive,2.110079755689627e-12,0.030874541114398423,0.03601458835386431,100,2
https://comptox.epa.gov/dashboard/chemical/details/DTXSID5041431,2-Isopropoxyphenol,4812-20-8,C9H12O2,152.083730,5,437,1,Inactive,0,-0.3018111436123343,0.35205718710222955,25.75932925794269,1.4109345503272628
https://comptox.epa.gov/dashboard/chemical/details/DTXSID1020778,D-Limonene,5989-27-5,C10H16,136.125201,3,332,1,Inactive,4.439070665065462e-17,0.15042012747597536,0.17546233160552682,0.9581598444041861,-0.01856203397788181
https://comptox.epa.gov/dashboard/chemical/details/DTXSID5024687,4-tert-Butylcatechol,98-29-3,C10H14O2,166.099380,153,464,33,Inactive,-2.24299967545366e-12,-0.34368968637714015,0.4009077424172303,1.7366537500463575,0.23971323846213485
https://comptox.epa.gov/dashboard/chemical/details/DTXSID7026998,"2,6,8-Trimethyl-4-nonanone",123-18-2,C12H24O,184.182715,60,440,14,Inactive,0.0001258359565325379,0.49906065107085607,0.5821451352210194,181.18361823865484,2.258118928273596
https://comptox.epa.gov/dashboard/chemical/details/DTXSID4040268,Dinobuton,973-21-7,C14H18N2O7,326.111401,250,454,55,Inactive,0,0.5703186595168852,0.6652663007013742,25.42461136532751,1.4052543231214798
https://comptox.epa.gov/dashboard/chemical/details/DTXSID6020066,"2-Amino-5-nitro-1,3-thiazole",121-66-4,C3H3N3O2S,144.994598,30,448,7,Inactive,1.8382434069977584e-10,0.21869418571386134,0.2551027736634179,183.6563521483311,2.2640059539460013
https://comptox.epa.gov/dashboard/chemical/details/DTXSID7037715,"2,2-Dimethoxy-1,2-diphenylethanone",24650-42-8,C16H16O3,256.109944,39,446,9,Inactive,0,-0.14474789469404867,0.16884577565635625,52.68356626008693,1.721675165580836
https://comptox.epa.gov/dashboard/chemical/details/DTXSID4022070,2-Tridecanone,593-08-8,C13H26O,198.198365,69,439,16,Inactive,0.000020028354459697334,0.4811110409007502,0.5612072427680292,56.35694923580933,1.7509474754608445
https://comptox.epa.gov/dashboard/chemical/details/DTXSID0044446,Betaine hydrochloride,590-46-5,C5H12ClNO2,153.055656,2,331,1,Inactive,-6.090311592923737e-18,-0.2252667351331235,0.26276953252772267,3.7926313530845945,0.5789406309701595
https://comptox.epa.gov/dashboard/chemical/details/DTXSID6041349,"2,4-D-Methyl",1928-38-7,C9H8Cl2O3,233.985050,3,328,1,Inactive,0,-0.1520092804197542,0.17731604949203608,24.911631646082,1.396402173609695
https://comptox.epa.gov/dashboard/chemical/details/DTXSID8021359,Tolbutamide,64-77-7,C12H18N2O3S,270.103814,2,333,1,Inactive,0,-0.30039150149699945,0.350401200501355,0.6021045791024418,-0.2203280699007072
https://comptox.epa.gov/dashboard/chemical/details/DTXSID6026955,"2H-3,1-Benzoxazine-2,4(1H)-dione",118-48-9,C8H5NO3,163.026943,4,330,1,Inactive,5.780347501746865e-10,0.2922326364703882,0.3408840334516685,183.34279933243295,2.2632638580021074
https://comptox.epa.gov/dashboard/chemical/details/DTXSID5044441,1-(Chloromethyl)-2-methylbenzene,552-45-4,C8H9Cl,140.039278,0,329,0,Inactive,2.3285027076278377e-7,0.02182799055961973,0.025461952347208456,100,2
https://comptox.epa.gov/dashboard/chemical/details/DTXSID1037806,"6-Chloro-1,3,5-triazine-2,4-diamine",3397-62-4,C3H4ClN5,145.015523,1,334,0,Inactive,0,-0.3243938261604814,0.37839947387125383,25.146349712758834,1.400474951035563
https://comptox.epa.gov/dashboard/chemical/details/DTXSID9025588,6-Methyl coumarin,92-48-8,C10H8O2,160.052429,4,329,1,Inactive,-1.9789040331413606e-13,-0.1847452308965467,0.21550193787255534,16.245886788774794,1.2107434224806408
https://comptox.epa.gov/dashboard/chemical/details/DTXSID0021915,Diethyl decanedioate,110-40-7,C14H26O4,258.183109,5,438,1,Inactive,-5.869605652193834e-20,-0.24461605529740138,0.28534016112626764,24.07747281923074,1.3816109012626976
https://comptox.epa.gov/dashboard/chemical/details/DTXSID2022121,Triphenylphosphine oxide,791-28-6,C18H15OP,278.086052,17,445,4,Inactive,0,0.0698581818054784,0.08148829326892944,0.08230000285832548,-1.0846001497044377
https://comptox.epa.gov/dashboard/chemical/details/DTXSID7044471,Methyl nicotinate,93-60-7,C7H7NO2,137.047678,0,329,0,Inactive,6.925825830511668e-8,0.14922230820623114,0.1740650973029238,100,2
https://comptox.epa.gov/dashboard/chemical/details/DTXSID6041892,Diphenylsulfone,127-63-9,C12H10O2S,218.040151,10,445,2,Inactive,7.656261727692427e-9,0.05815984447457357,0.06784239641701795,100,2
https://comptox.epa.gov/dashboard/chemical/details/DTXSID3025209,C.I. Disperse Blue 27,15791-78-3,C22H16N2O7,420.095751,161,456,35,Inactive,-1.1782937770895933e-11,-0.2083856131397033,0.24307801201923265,16.193806284659537,1.2093489398057518
https://comptox.epa.gov/dashboard/chemical/details/DTXSID8027749,1-Chloropinacolone,13547-70-1,C6H11ClO,134.049843,40,440,9,Inactive,-0.00000433031384947508,-0.32452195963082525,0.37854893922433186,100,2
https://comptox.epa.gov/dashboard/chemical/details/DTXSID0024397,Acetoacetanilide,102-01-2,C10H11NO2,177.078979,7,333,2,Inactive,0.00001476187262582066,0.2522264735685563,0.29421757505189683,99.99999999999999,2
https://comptox.epa.gov/dashboard/chemical/details/DTXSID9040269,Binapacryl,485-31-4,C15H18N2O6,322.116486,228,437,52,Inactive,-5.109908313382736e-11,-0.5656451242964848,0.6598147072186936,26.390260858426682,1.4214436830891422
https://comptox.epa.gov/dashboard/chemical/details/DTXSID9025243,"1,2-Epoxydodecane",2855-19-8,C12H24O,184.182715,86,435,20,Inactive,0.08628756752380023,0.7756005437280519,0.904723869608301,171.68660522609073,2.2347364133710648
https://comptox.epa.gov/dashboard/chemical/details/DTXSID4027284,"1,3-Dioxolane",646-06-0,C3H6O2,74.036779,3,332,1,Inactive,0.000014271072072753994,0.012612835025004472,0.014712641710775066,100,2
https://comptox.epa.gov/dashboard/chemical/details/DTXSID7024532,4-Methoxybenzenamine,104-94-9,C7H9NO,123.068414,19,334,6,Inactive,2.3132599900715133e-7,0.15200430348928273,0.1773102439935339,104,2.0170333392987803
https://comptox.epa.gov/dashboard/chemical/details/DTXSID2025842,Pentaerythritol triacrylate,3524-68-3,C14H18O7,298.105253,274,446,61,Inactive,-0.000993048422499944,-0.5491384759293892,0.6405600033563681,169.28401234410367,2.2286159440593263
https://comptox.epa.gov/dashboard/chemical/details/DTXSID7032551,Fluazinam,79622-59-6,C13H4Cl2F6N4O4,463.951379,460,792,58,Inactive,1.6480851332231818e-16,0.16019302905617477,0.1868622428181204,1.248165880237634,0.09627230656800963
https://comptox.epa.gov/dashboard/chemical/details/DTXSID5041437,"2-Methyl-2-nitro-1,3-propanediol",77-49-6,C4H9NO4,135.053158,1,331,0,Inactive,6.096751489526317e-11,0.005439042689168468,0.006344543964676,100,2
https://comptox.epa.gov/dashboard/chemical/details/DTXSID9042097,Limonene diepoxide,96-08-2,C10H16O2,168.115030,7,437,2,Inactive,1.5805467998550957e-12,0.2541093047141056,0.2964138631973802,163.2476551157642,2.2128469517994964
https://comptox.epa.gov/dashboard/chemical/details/DTXSID4039233,Allyl isovalerate,2835-39-4,C8H14O2,142.099380,0,331,0,Inactive,4.951697582263838e-9,0.014655004705025091,0.017094795346748824,100,2
https://comptox.epa.gov/dashboard/chemical/details/DTXSID9027021,Diethylene glycol monobutyl ether acetate,124-17-4,C10H20O4,204.136159,5,332,2,Inactive,4.176890910124951e-7,0.05184160875721247,0.06047228984149626,100,2
https://comptox.epa.gov/dashboard/chemical/details/DTXSID6024628,Biurea,110-21-4,C2H6N4O2,118.049075,2,333,1,Inactive,-0.0000012840517325590699,-0.12650611517444407,0.14756707299301097,100.49999999999999,2.002166061756508
https://comptox.epa.gov/dashboard/chemical/details/DTXSID9021134,1-Phenyl-2-thiourea,103-85-5,C7H8N2S,152.040819,31,442,7,Inactive,-0.000055885001211961986,-0.2826473390141565,0.32970295902350355,100,2
https://comptox.epa.gov/dashboard/chemical/details/DTXSID8037750,(3Z)-Hexenyl salicylate,65405-77-8,C13H16O3,220.109944,87,457,19,Inactive,-3.0409181961553224e-20,-0.4781641986385111,0.5577698050867671,26.921747282508193,1.430103243164348
https://comptox.epa.gov/dashboard/chemical/details/DTXSID1021740,1-Butanol,71-36-3,C4H10O,74.073165,1,337,0,Inactive,-0.00011238857219431475,-0.0678109943948689,0.07910028654186164,100,2
https://comptox.epa.gov/dashboard/chemical/details/DTXSID1022180,"(1R,2S,5R)-(-)-Menthol",2216-51-5,C10H20O,156.151415,2,338,1,Inactive,0,-0.323660663043496,0.37754425248491386,25.427875702745762,1.4053100798331573
https://comptox.epa.gov/dashboard/chemical/details/DTXSID9037741,4-Methylbenzophenone,134-84-9,C14H12O,196.088815,51,437,12,Inactive,-4.0089995694203033e-10,-0.08229894089736937,0.09600021154631881,100,2
https://comptox.epa.gov/dashboard/chemical/details/DTXSID2044472,Diethyl oxalate,95-92-1,C6H10O4,146.057909,2,333,1,Inactive,-7.594547863888278e-9,-0.01167393634833957,0.01361743355137978,100,2
https://comptox.epa.gov/dashboard/chemical/details/DTXSID0041436,2-Methyl-2-butanol,75-85-4,C5H12O,88.088815,0,332,0,Inactive,-0.00024104664812354964,-0.10557582159715875,0.12315226778122028,100,2
https://comptox.epa.gov/dashboard/chemical/details/DTXSID7026863,"1,1'-Oxybis-2-propanol",110-98-5,C6H14O3,134.094294,1,335,0,Inactive,-1.4579582874211345e-15,-0.15856029115928366,0.18495768387978964,0.08270000027786376,-1.0824944889882673
https://comptox.epa.gov/dashboard/chemical/details/DTXSID9027233,2-Bromopropionic acid,598-72-1,C3H5BrO2,151.947292,4,333,1,Inactive,-0.000005971948051045215,-0.039693573411920265,0.046301828468554254,100,2
https://comptox.epa.gov/dashboard/chemical/details/DTXSID5025572,Methyl benzoate,93-58-3,C8H8O2,136.052429,6,331,2,Inactive,3.680464568929326e-7,0.007194548661178055,0.008392309620541607,100,2
https://comptox.epa.gov/dashboard/chemical/details/DTXSID0021759,2-Methyl-1-propanol,78-83-1,C4H10O,74.073165,4,337,1,Inactive,-3.4328567901136257e-9,-0.16338075103012673,0.19058066228395362,100,2
https://comptox.epa.gov/dashboard/chemical/details/DTXSID5044447,3-Methoxybenzaldehyde,591-31-1,C8H8O2,136.052429,2,332,1,Inactive,0,-0.2814560246367396,0.32831331255900265,2.7075635627449683,0.43257866091152786
https://comptox.epa.gov/dashboard/chemical/details/DTXSID3020960,5-Nitroacenaphthene,602-87-9,C12H9NO2,199.063329,39,448,9,Inactive,0.000189649169075115,0.1372399961915346,0.16008794916854685,100.00000000000001,2
https://comptox.epa.gov/dashboard/chemical/details/DTXSID1034769,N-Vanillylnonanamide,2444-46-4,C17H27NO3,293.199094,60,461,13,Inactive,-1.197793149681133e-8,-0.17180310285246023,0.20040518186883913,100,2
https://comptox.epa.gov/dashboard/chemical/details/DTXSID0024761,3-Chloroaniline,108-42-9,C6H6ClN,127.018877,11,331,3,Inactive,-0.0000170483977919947,-0.16699571520011702,0.1947974519688197,100,2
https://comptox.epa.gov/dashboard/chemical/details/DTXSID2041412,2-Chloro-N-(hydroxymethyl)acetamide,2832-19-1,C3H6ClNO2,123.008706,7,438,2,Inactive,-0.000003283797752162812,-0.19907251392259545,0.23221445186589917,100.5,2.002166061756508
https://comptox.epa.gov/dashboard/chemical/details/DTXSID8041400,"2-Butyl-2-ethyl-1,3-propanediol",115-84-4,C9H20O2,160.146330,2,329,1,Inactive,5.988153629340205e-10,0.07585877163675016,0.08848787171943646,100,2
https://comptox.epa.gov/dashboard/chemical/details/DTXSID1020063,2-Amino-5-nitrophenol,121-88-0,C6H6N2O3,154.037842,44,444,10,Inactive,-2.282881017199852e-9,-0.042770480732493996,0.04989098466500947,100,2
https://comptox.epa.gov/dashboard/chemical/details/DTXSID2034885,Fenchlorphos,299-84-3,C8H8Cl3O3PS,319.899735,60,449,13,Inactive,0,-0.0941019656960092,0.10976822441745515,0.08230000221506226,-1.0846001530989173
https://comptox.epa.gov/dashboard/chemical/details/DTXSID6020438,"1,2-Dichloroethane",107-06-2,C2H4Cl2,97.969005,1,327,0,Inactive,-2.7378934028820937e-8,-0.09066358933696349,0.10575742118906512,100.5,2.002166061756508
https://comptox.epa.gov/dashboard/chemical/details/DTXSID6022004,"1,3-Dichloropropane",142-28-9,C3H6Cl2,111.984656,2,331,1,Inactive,0.0000013221686663103273,0.19119670979504105,0.22302747018547317,100,2
https://comptox.epa.gov/dashboard/chemical/details/DTXSID2041416,2-Ethyl-1-butanol,97-95-0,C6H14O,102.104465,1,330,0,Inactive,1.6917110811672906e-17,0.25304155949559065,0.2951683579000176,27.034176219429355,1.431913140369682
https://comptox.epa.gov/dashboard/chemical/details/DTXSID3022035,[(1S)-endo]-(-)-Borneol,464-45-9,C10H18O,154.135765,2,335,1,Inactive,2.5126356169159597e-11,0.17312194839610595,0.2019435911096676,100,2
https://comptox.epa.gov/dashboard/chemical/details/DTXSID8041246,"1,3-Propanediol",504-63-2,C3H8O2,76.052429,2,344,1,Inactive,-6.230623195963207e-14,-0.1518574068895714,0.17713889179271627,48.40750681579976,1.684912715278284
https://comptox.epa.gov/dashboard/chemical/details/DTXSID3029607,Triethylene glycol dimethacrylate,109-16-0,C14H22O6,286.141638,15,439,3,Inactive,7.529831546732363e-7,0.2629443126909758,0.30671973865026914,100,2
https://comptox.epa.gov/dashboard/chemical/details/DTXSID7020978,1-Nitronaphthalene,86-57-7,C10H7NO2,173.047678,11,443,2,Inactive,3.279595911173134e-10,0.3028851748012287,0.35331002486924024,181.6815411001546,2.2593108050979325
https://comptox.epa.gov/dashboard/chemical/details/DTXSID9027520,Hexa(methoxymethyl)melamine,3089-11-0,C15H30N6O6,390.222683,5,435,1,Inactive,-3.968730463187541e-7,-0.07596865356263613,0.088616046979229,100,2
https://comptox.epa.gov/dashboard/chemical/details/DTXSID2029117,"1,1':3',1''-Terphenyl",92-06-8,C18H14,230.109550,103,438,24,Inactive,9.621359580178716e-8,0.1477971434152124,0.17240266860172362,100.00000000000001,2
https://comptox.epa.gov/dashboard/chemical/details/DTXSID2020266,Chloranil,118-75-2,C6Cl4O2,243.865240,251,452,56,Inactive,1.381776420741342e-15,0.13145425779321707,0.1533389909907886,184.06712715720812,2.264976234082591
https://comptox.epa.gov/dashboard/chemical/details/DTXSID1027502,2-Isopropyl-6-methyl-4-pyrimidone,2814-20-2,C8H12N2O,152.094963,3,333,1,Inactive,1.7243482485171472e-10,0.0666591718037226,0.07775670652481421,100,2
https://comptox.epa.gov/dashboard/chemical/details/DTXSID6023367,Nicotinyl alcohol,100-55-0,C6H7NO,109.052764,2,329,1,Inactive,2.200482482827839e-15,0.26075565390959876,0.30416670815286667,0.08354733066181898,-1.0780674212626502
https://comptox.epa.gov/dashboard/chemical/details/DTXSID5025285,Ethylene glycol diethyl ether,629-14-1,C6H14O2,118.099380,1,329,0,Inactive,8.149803804232862e-8,0.1468376917974855,0.1712834858119341,100,2
https://comptox.epa.gov/dashboard/chemical/details/DTXSID9022520,Ethyl cinnamate,103-36-6,C11H12O2,176.083730,12,446,3,Inactive,0.010389967167441474,0.6716483869347298,0.7834655771680636,181.05055495065128,2.2577998603413
https://comptox.epa.gov/dashboard/chemical/details/DTXSID9027603,(Ethylenedinitrilo)tetraacetonitrile,5766-67-6,C10H12N6,216.112344,2,331,1,Inactive,3.8967870553576265e-17,0.1914319652245229,0.223301891347537,0.0823000012048542,-1.0846001584297529
https://comptox.epa.gov/dashboard/chemical/details/DTXSID4021923,Cyclohexane,110-82-7,C6H12,84.093900,0,329,0,Inactive,8.050183687070416e-7,0.09840811498767996,0.11479126892377439,100.5,2.002166061756508
https://comptox.epa.gov/dashboard/chemical/details/DTXSID8044547,2-Heptylcyclopentanone,137-03-1,C12H22O,182.167065,52,436,12,Inactive,9.515376729959693e-14,0.3983574276013006,0.4646766641682825,100,2
https://comptox.epa.gov/dashboard/chemical/details/DTXSID1035783,S-Methoprene,65733-16-6,C19H34O3,310.250795,128,445,29,Inactive,0.00005479495112157919,0.28238390404060015,0.32939566693791467,99.99999999999999,2
https://comptox.epa.gov/dashboard/chemical/details/DTXSID9020580,Dulcin,150-69-6,C9H12N2O2,180.089878,4,332,1,Inactive,0,-0.23840788630710105,0.27809844537773387,24.543892447473638,1.3899434391735865
https://comptox.epa.gov/dashboard/chemical/details/DTXSID2020892,Metronidazole,443-48-1,C6H9N3O3,171.064391,1,331,0,Inactive,1.0478456195468351e-13,0.030807258498521766,0.03593610441121427,100,2
https://comptox.epa.gov/dashboard/chemical/details/DTXSID1031626,Methyl trans-styryl ketone,1896-62-4,C10H10O,146.073165,41,441,9,Inactive,-5.06795847913916e-16,-0.1895351466077619,0.2210892870723358,7.037320875771975,0.8474073536989984
https://comptox.epa.gov/dashboard/chemical/details/DTXSID6026119,"1,2,3,5-Tetramethylbenzene",527-53-7,C10H14,134.109550,0,330,0,Inactive,2.350220686323373e-13,0.043956620981437544,0.051274595603140315,99.5,1.9978230807457253
https://comptox.epa.gov/dashboard/chemical/details/DTXSID9025035,7-Diethylamino-4-methylcoumarin,91-44-1,C14H17NO2,231.125929,112,455,25,Inactive,0,-0.1352319262185462,0.1577455722180695,0.6562726818865343,-0.182915673379614
https://comptox.epa.gov/dashboard/chemical/details/DTXSID4038762,Thiamine nitrate,532-43-4,C12H17N5O4S,327.100125,1,330,0,Inactive,0.000008425002534973411,0.06430809602866985,0.07501421957048082,100,2
https://comptox.epa.gov/dashboard/chemical/details/DTXSID8026068,Sulfathiazole,72-14-0,C9H9N3O2S2,255.013619,2,349,1,Inactive,0.00044139517515335604,0.3387217793229746,0.3951127695665215,100,2
https://comptox.epa.gov/dashboard/chemical/details/DTXSID7022093,"2,5-Dimethylfuran",625-86-5,C6H8O,96.057515,0,329,0,Inactive,0,0.20417659262476034,0.23816826645712136,1.0479908120245038,0.020357475105198617
https://comptox.epa.gov/dashboard/chemical/details/DTXSID3027241,2-Chlorobenzyl chloride,611-19-8,C7H6Cl2,159.984656,14,328,4,Inactive,-3.099737613483473e-11,-0.1701989860906124,0.19853400896183382,1.8562262631250777,0.2686309130668315
https://comptox.epa.gov/dashboard/chemical/details/DTXSID6022058,Dibutyl sulfide,544-40-1,C8H18S,146.112922,5,331,2,Inactive,0.0000068731086247859435,0.34351754482682284,0.4007069424425747,100,2
https://comptox.epa.gov/dashboard/chemical/details/DTXSID2021816,Allyl methacrylate,96-05-9,C7H10O2,126.068080,1,331,0,Inactive,-6.455437627198278e-8,-0.12324637633110926,0.14376464716427353,99.5,1.9978230807457253
https://comptox.epa.gov/dashboard/chemical/details/DTXSID8022666,Betaine,107-43-7,C5H11NO2,117.078979,0,332,0,Inactive,3.751166749888802e-8,0.07225006687292054,0.08427838351754242,100.5,2.002166061756508
https://comptox.epa.gov/dashboard/chemical/details/DTXSID4020321,Chlorpheniramine maleate,113-92-8,C20H23ClN2O4,390.134635,45,523,9,Inactive,8.704617868296482e-7,0.13566169429900823,0.1582468888351528,99.99999999999999,2
https://comptox.epa.gov/dashboard/chemical/details/DTXSID6020569,"1,2-Epoxybutane",106-88-7,C4H8O,72.057515,5,333,2,Inactive,2.597027807068833e-7,0.09279962944067678,0.10824907295993805,100,2
https://comptox.epa.gov/dashboard/chemical/details/DTXSID3028005,3-Phenoxybenzaldehyde,39515-51-0,C13H10O2,198.068080,13,442,3,Inactive,4.2869641655654436e-10,0.04467492544048536,0.05211248463635701,100,2
https://comptox.epa.gov/dashboard/chemical/details/DTXSID0042242,2-Ethylaniline,578-54-1,C8H11N,121.089149,5,330,2,Inactive,-0.0000013030603244540704,-0.009527310032332478,0.011113433157200188,100.5,2.002166061756508
https://comptox.epa.gov/dashboard/chemical/details/DTXSID8043941,N-Formylpiperidine,2591-86-8,C6H11NO,113.084064,1,334,0,Inactive,4.263954919867479e-9,0.07062768717976232,0.08238590723469613,100,2
https://comptox.epa.gov/dashboard/chemical/details/DTXSID0024183,Methyl acrylate,96-33-3,C4H6O2,86.036779,0,329,0,Inactive,8.453199202068261e-10,0.06355632878685402,0.07413729681228991,100,2
https://comptox.epa.gov/dashboard/chemical/details/DTXSID1041261,Allyl 3-chloro-2-hydroxypropyl ether,4638-03-3,C6H11ClO2,150.044757,6,439,1,Inactive,1.6105223243040802e-9,0.21858115688481247,0.2549709275985571,100,2
https://comptox.epa.gov/dashboard/chemical/details/DTXSID4024775,1-Chloro-2-bromoethane,107-04-0,C2H4BrCl,141.918491,4,336,1,Inactive,0,-0.17310050957316309,0.20191858311423802,24.905307277809584,1.3962919043592623
https://comptox.epa.gov/dashboard/chemical/details/DTXSID2026573,"2-(Morpholin-4-yldithio)-1,3-benzothiazole",95-32-9,C11H12N2OS3,284.011177,175,442,40,Inactive,-1.0355179292720393e-9,-0.20492585481892986,0.23904226712298207,100,2
https://comptox.epa.gov/dashboard/chemical/details/DTXSID7044506,2-Phenylethyl acetate,103-45-7,C10H12O2,164.083730,1,334,0,Inactive,-3.779828226056439e-7,-0.11125291655487872,0.12977449536965668,99.5,1.9978230807457253
https://comptox.epa.gov/dashboard/chemical/details/DTXSID6027181,Isobutylbenzene,538-93-2,C10H14,134.109550,1,335,0,Inactive,0,-0.2007417362597006,0.23416156923743095,24.661406661319685,1.392017844677637
https://comptox.epa.gov/dashboard/chemical/details/DTXSID1024916,Diacetone acrylamide,2873-97-4,C9H15NO2,169.110279,3,331,1,Inactive,1.8859696324359674e-8,0.13035804057735306,0.1520602736284972,100,2
https://comptox.epa.gov/dashboard/chemical/details/DTXSID0027729,Isomethyltetrahydrophthalic anhydride,11070-44-3,, ,2,331,1,Inactive,2.8803614570698103e-16,0.1951288525710116,0.2276142429216405,24.35610107748115,1.386607767702292
https://comptox.epa.gov/dashboard/chemical/details/DTXSID8044389,3-Methoxy-3-methylbutan-1-ol,56539-66-3,C6H14O2,118.099380,1,330,0,Inactive,0,0.5064643878188502,0.5907814589244683,25.782560483328993,1.411326045234686
https://comptox.epa.gov/dashboard/chemical/details/DTXSID8020092,2-Methoxyaniline hydrochloride,134-29-2,C7H10ClNO,159.045092,17,336,5,Inactive,0,0.0865111052637234,0.10091362435368555,1.25225118087083,0.09769144990073624
https://comptox.epa.gov/dashboard/chemical/details/DTXSID8037756,2-Phenylpropan-1-ol,1123-85-9,C9H12O,136.088815,1,332,0,Inactive,1.9782292920211923e-9,0.18775191487784818,0.21900917982622542,181.42433913689433,2.2586955497790844
https://comptox.epa.gov/dashboard/chemical/details/DTXSID0021333,Tetramethylthiuram monosulfide,97-74-5,C6H12N2S3,208.016262,162,466,35,Inactive,-2.889816197625021e-16,-0.2660634964097813,0.31035820949317555,24.16745408113507,1.3832309020935758
https://comptox.epa.gov/dashboard/chemical/details/DTXSID7040287,Chloroxuron,1982-47-4,C15H15ClN2O2,290.082205,62,445,14,Inactive,1.1717571475265917e-13,0.2522613095444243,0.2942582105815438,100,2
https://comptox.epa.gov/dashboard/chemical/details/DTXSID6021953,Fensulfothion,115-90-2,C11H17O4PS2,308.030588,13,451,3,Inactive,-2.9210761341128185e-8,-0.10747535460062106,0.12536803833893623,100,2
https://comptox.epa.gov/dashboard/chemical/details/DTXSID6021290,Sulfamethazine,57-68-1,C12H14N4O2S,278.083747,3,350,1,Inactive,-0.000001445398069453276,-0.03066656262273326,0.035771985241609947,100,2
https://comptox.epa.gov/dashboard/chemical/details/DTXSID0025789,beta-Nitrostyrene,102-96-5,C8H7NO2,149.047678,233,443,53,Inactive,-0.00003537524671126369,-0.42773231415334845,0.4989419328630811,33.35,1.523095838252568
https://comptox.epa.gov/dashboard/chemical/details/DTXSID4044456,Cytosine,71-30-7,C4H5N3O,111.043262,1,332,0,Inactive,1.2682021767877963e-10,0.22053872812135886,0.25725439869522404,100,2
https://comptox.epa.gov/dashboard/chemical/details/DTXSID5029182,Isovaleric acid,503-74-2,C5H10O2,102.068080,7,350,2,Inactive,5.525639941029093e-8,0.1946721315537967,0.22708148619607152,100,2
https://comptox.epa.gov/dashboard/chemical/details/DTXSID9044374,p-Methylacetophenone,122-00-9,C9H10O,134.073165,4,447,1,Inactive,1.2767312508002763e-7,0.06511863470458665,0.0759596981332186,99.99999999999999,2
https://comptox.epa.gov/dashboard/chemical/details/DTXSID4021971,1-Chloro-3-nitrobenzene,121-73-3,C6H4ClNO2,156.993056,6,334,2,Inactive,6.475922692814943e-7,0.19633924840919242,0.22902614756164127,100,2
https://comptox.epa.gov/dashboard/chemical/details/DTXSID7044421,3-Acetylpyridine,350-03-8,C7H7NO,121.052764,0,330,0,Inactive,0.000005558878039892455,0.2079778545970466,0.24260236912604308,100,2
https://comptox.epa.gov/dashboard/chemical/details/DTXSID3026562,N-(2-Methylphenyl)-3-oxobutanamide,93-68-5,C11H13NO2,191.094629,3,333,1,Inactive,3.445121968198794e-8,0.12219264500096474,0.14253548881176195,100,2
https://comptox.epa.gov/dashboard/chemical/details/DTXSID5026122,"N,N,N',N'-Tetramethylethylenediamine",110-18-9,C6H16N2,116.131349,1,328,0,Inactive,2.7885067646040847e-7,0.32748214338671194,0.3820019395142807,99.50000000000001,1.9978230807457256
https://comptox.epa.gov/dashboard/chemical/details/DTXSID9041366,"2,4-Dinitroanisole",119-27-7,C7H6N2O5,198.027671,7,333,2,Inactive,7.767013125630784e-10,0.09109438152193859,0.10625993240535991,100,2
https://comptox.epa.gov/dashboard/chemical/details/DTXSID6020145,"1,4-Benzoquinone",106-51-4,C6H4O2,108.021129,113,448,25,Inactive,-1.1984065689381409e-8,-0.13287764120580867,0.15499934174658653,100,2
https://comptox.epa.gov/dashboard/chemical/details/DTXSID2025925,Piperonyl acetate,326-61-4,C10H10O4,194.057909,7,332,2,Inactive,6.791463195754566e-17,0.1465483268183767,0.17094594684842324,177.12320328785978,2.248275457857489
https://comptox.epa.gov/dashboard/chemical/details/DTXSID8020545,"2,5-Dithiobiurea",142-46-1,C2H6N4S2,150.003389,6,335,2,Inactive,-3.718023965159532e-19,-0.10619494688109435,0.12387446611795966,23.396473778011835,1.3691504072327816
https://comptox.epa.gov/dashboard/chemical/details/DTXSID1022188,n-Undecyl cyanide,2437-25-4,C12H23N,181.183050,87,441,20,Inactive,0.00001684028181539413,0.48027392010449244,0.5602307566473781,103,2.012837224705172
https://comptox.epa.gov/dashboard/chemical/details/DTXSID4027103,Dodecyl 2-methylacrylate,142-90-5,C16H30O2,254.224580,7,438,2,Inactive,5.66993295542915e-7,0.3883841240239918,0.45304298768596574,169.81737765957476,2.229982130168827
https://comptox.epa.gov/dashboard/chemical/details/DTXSID3021516,Methyl ethyl ketone,78-93-3,C4H8O,72.057515,2,338,1,Inactive,-0.000014693272187132677,-0.18276132928356126,0.21318775287263908,100.50000000000001,2.002166061756508
https://comptox.epa.gov/dashboard/chemical/details/DTXSID3023764,Benzo[e]pyrene,192-97-2,C20H12,252.093900,56,470,12,Inactive,5.521318947669474e-7,0.13030778813340105,0.15200165507037833,100,2
https://comptox.epa.gov/dashboard/chemical/details/DTXSID7041178,"6-Diazo-5,6-dihydro-5-oxo1-naphthalenesulfonic acid sodium salt",2657-00-3,C10H5N2NaO4S,271.986772,14,443,3,Inactive,6.377268916701345e-12,0.2513713310200115,0.29322006688633084,21.67990538886935,1.3360573826088944
https://comptox.epa.gov/dashboard/chemical/details/DTXSID7020057,1-Amino-2-methylanthraquinone,82-28-0,C15H11NO2,237.078979,87,459,19,Inactive,-3.9040517992630414e-8,-0.0014670102363783355,0.0017112406489964563,100,2
https://comptox.epa.gov/dashboard/chemical/details/DTXSID1044489,"2-Chloro-N,N-dimethyl-3-oxobutanamide",5810-11-7,C6H10ClNO2,163.040006,69,438,16,Inactive,-6.087340696487344e-8,-0.28247672934130175,0.32950394595593163,100,2
https://comptox.epa.gov/dashboard/chemical/details/DTXSID3041665,Benzalkonium chloride C16 (BAC C16),122-18-9,C25H46ClN,395.331878,281,467,60,Inactive,1.769093286857104e-7,0.16298738603097415,0.19012180919639496,92,1.9637878273455553
https://comptox.epa.gov/dashboard/chemical/details/DTXSID6024911,"(E,E)-2,4-Decadienal",25152-84-5,C10H16O,152.120115,182,447,41,Inactive,4.3044466669646445e-16,0.19673204102951636,0.22948433297974957,180.39125631410974,2.256215483169549
https://comptox.epa.gov/dashboard/chemical/details/DTXSID6044517,3-Methyl-1-phenyl-1H-pyrazol-5-amine,1131-18-6,C10H11N3,173.095297,9,331,3,Inactive,-2.4071977277907264e-13,-0.20240306066660468,0.2360994738176216,29.767717044463115,1.4737455288687473
https://comptox.epa.gov/dashboard/chemical/details/DTXSID0041517,"4-Hydroxy-2,5-dimethyl-3(2H)furanone",3658-77-3,C6H8O3,128.047344,2,334,1,Inactive,0,0.0884506570417537,0.10317607608107951,0.08400000743646385,-1.07572067549032
https://comptox.epa.gov/dashboard/chemical/details/DTXSID1021405,Musk Xylene,81-15-2,C12H15N3O6,297.096085,62,435,14,Inactive,0.0000024173530850335466,0.3822531789610586,0.44589135223837933,172.19658184679298,2.2360245263289613
https://comptox.epa.gov/dashboard/chemical/details/DTXSID4041490,3-Methyl-3-penten-2-one,565-62-8,C6H10O,98.073165,13,440,3,Inactive,0.0000012772143862237847,0.03810892678507671,0.04445336711845194,100.00000000000001,2
https://comptox.epa.gov/dashboard/chemical/details/DTXSID3021142,(-)-Phenylephrine hydrochloride,61-76-7,C9H14ClNO2,203.071306,14,442,3,Inactive,1.2325160172384652e-10,0.2283013721227421,0.266309381155094,100,2
https://comptox.epa.gov/dashboard/chemical/details/DTXSID1027344,Azacyclotridecan-2-one,947-04-6,C12H23NO,197.177964,9,438,2,Inactive,0.00001632757883470586,0.11753978923841457,0.13710801753899857,100,2
https://comptox.epa.gov/dashboard/chemical/details/DTXSID4025668,Methyl 4-methylbenzoate,99-75-2,C9H10O2,150.068080,15,438,3,Inactive,6.273411699681452e-8,0.34367154126067123,0.4008865764702502,156.46779968210845,2.19442497536975
https://comptox.epa.gov/dashboard/chemical/details/DTXSID4021769,beta-Ionone,79-77-6,C13H20O,192.151415,17,441,4,Inactive,-2.4421091510211037e-8,-0.011664329958237095,0.013606227872764984,100,2
https://comptox.epa.gov/dashboard/chemical/details/DTXSID0040127,"2,6-Diaminopyridine",141-86-6,C5H7N3,109.063997,17,458,4,Inactive,1.0572397231788531e-11,0.09737839362956195,0.11359011776514204,100,2
https://comptox.epa.gov/dashboard/chemical/details/DTXSID7023146,myo-Inositol,87-89-8,C6H12O6,180.063388,4,332,1,Inactive,-6.116223400789884e-19,-0.10883801718889707,0.1269575593621033,23.668611664910713,1.3741727841668714
https://comptox.epa.gov/dashboard/chemical/details/DTXSID3027293,2-Ethylhexyl 2-methyl-2-propenoate,688-84-6,C12H22O2,198.161980,9,332,3,Inactive,0,-0.10603311759751502,0.1236856952141229,1.1749812403910604,0.07003093276972672
https://comptox.epa.gov/dashboard/chemical/details/DTXSID8042343,Propyl ether,111-43-3,C6H14O,102.104465,1,332,0,Inactive,9.83837840714279e-7,0.10392042356965221,0.12122127621436446,100,2
https://comptox.epa.gov/dashboard/chemical/details/DTXSID2041622,Benfuracarb,82560-54-1,C20H30N2O5S,410.187543,104,452,23,Inactive,-5.61179159249704e-12,-0.23695236413151746,0.2764006053418501,23.513904032479328,1.3713247413751544
https://comptox.epa.gov/dashboard/chemical/details/DTXSID6025303,3-((2-Ethylhexyl)oxy)propionitrile,10213-75-9,C11H21NO,183.162314,15,440,3,Inactive,1.1953901558719182e-8,0.10956679209814134,0.12780766198425422,100,2
https://comptox.epa.gov/dashboard/chemical/details/DTXSID2026783,Imidodicarbonic diamide,108-19-0,C2H5N3O2,103.038176,2,332,1,Inactive,0,0.10776734259917317,0.125708637006724,6.396208036909437,0.8059225807484431
https://comptox.epa.gov/dashboard/chemical/details/DTXSID3031492,Isopropenyl acetate,108-22-5,C5H8O2,100.052429,8,330,2,Inactive,-2.3946137692950365e-9,-0.16273015521333015,0.18982175414537247,99.99999999999999,2
https://comptox.epa.gov/dashboard/chemical/details/DTXSID3020918,"N,N'-Di-2-naphthyl-p-phenylenediamine",93-46-9,C26H20N2,360.162649,20,442,5,Inactive,0,-0.07494363404412274,0.08742038043062658,20.825870457827197,1.31860316264212
https://comptox.epa.gov/dashboard/chemical/details/DTXSID0028038,3-Iodo-2-propynyl-N-butylcarbamate,55406-53-6,C8H12INO2,280.991270,324,800,40,Inactive,-3.355227832006139e-17,-0.11421570368667697,0.1332305324500614,0.009140000094833584,-2.039053799760074
https://comptox.epa.gov/dashboard/chemical/details/DTXSID4027991,1-Hexadecanol,36653-82-4,C16H34O,242.260966,22,600,4,Inactive,-1.2096840548324803e-12,-0.2666585610289997,0.31105234150393785,0.009140281262480909,-2.0390404400578523
https://comptox.epa.gov/dashboard/chemical/details/DTXSID0026252,Triphenyl phosphite,101-02-0,C18H15O3P,310.075881,15,631,2,Inactive,0,-0.11436394624273613,0.13340345468437778,0.009140000096583115,-2.039053799676944
https://comptox.epa.gov/dashboard/chemical/details/DTXSID3026726,Citronellol,106-22-9,C10H20O,156.151415,28,593,5,Inactive,0.0000013346814506774222,0.21818836358926627,0.2545127413928144,100,2
https://comptox.epa.gov/dashboard/chemical/details/DTXSID5020154,Clorophene,120-32-1,C13H11ClO,218.049843,340,868,39,Inactive,0,-0.22521709505440227,0.262711628282462,2.835661101793744,0.45265432580030684
https://comptox.epa.gov/dashboard/chemical/details/DTXSID4024143,"1,6-Diisocyanatohexane",822-06-0,C8H12N2O2,168.089878,9,581,2,Inactive,0.000003203345852557291,0.21346446054236265,0.24900239476037622,101.5,2.0064660422492318
https://comptox.epa.gov/dashboard/chemical/details/DTXSID6022056,"1,3-Dichlorobenzene",541-73-1,C6H4Cl2,145.969006,22,590,4,Inactive,0,0.3331133803835682,0.3885706746288651,25.66541305117095,1.4093482580532706
https://comptox.epa.gov/dashboard/chemical/details/DTXSID7023192,Lactic acid,50-21-5,C3H6O3,90.031694,1,358,0,Inactive,0,-0.14221925226714768,0.1658961604455091,1.187693319066516,0.07470431351429639
https://comptox.epa.gov/dashboard/chemical/details/DTXSID3021982,Butyl acetate,123-86-4,C6H12O2,116.083730,3,329,1,Inactive,-2.8017647837390466e-19,-0.1758219045732082,0.20509304068145293,28.714636583114466,1.4581033241537769
https://comptox.epa.gov/dashboard/chemical/details/DTXSID0021961,Benzophenone,119-61-9,C13H10O,182.073165,25,602,4,Inactive,0,0.11707638422163417,0.13656746405000506,0.24941808471258997,-0.6030720600550021
https://comptox.epa.gov/dashboard/chemical/details/DTXSID5020730,8-Hydroxyquinoline,148-24-3,C9H7NO,145.052764,164,608,27,Inactive,0.00022378159420423363,0.33583634092017745,0.39174695836589096,100,2
https://comptox.epa.gov/dashboard/chemical/details/DTXSID1026164,2-Methylaniline,95-53-4,C7H9N,107.073499,7,590,1,Inactive,-4.970784333418795e-7,-0.44477264065802746,0.5188191625264317,186.05605508489964,2.269643808446067
https://comptox.epa.gov/dashboard/chemical/details/DTXSID7020348,Coumarin,91-64-5,C9H6O2,146.036779,11,588,2,Inactive,0.00005483216273961192,0.23527664471575038,0.2744459092467142,100,2
https://comptox.epa.gov/dashboard/chemical/details/DTXSID7021780,Diethyl phthalate,84-66-2,C12H14O4,222.089209,8,606,1,Inactive,0,0.1371191632247809,0.15994699971957899,0.009140000061729957,-2.03905380133302
https://comptox.epa.gov/dashboard/chemical/details/DTXSID6025143,"2,3-Dimethylphenol",526-75-0,C8H10O,122.073165,17,470,4,Inactive,0,-0.1682448294517749,0.19625452093103415,26.32522385211675,1.4203720728233638
https://comptox.epa.gov/dashboard/chemical/details/DTXSID4024062,"3,4-Dimethylphenol",95-65-8,C8H10O,122.073165,15,611,2,Inactive,-4.968578753856956e-9,-0.13617632075540814,0.15884719119801474,102.5,2.010723865391773
https://comptox.epa.gov/dashboard/chemical/details/DTXSID2021864,"2,4-Dimethylphenol",105-67-9,C8H10O,122.073165,18,616,3,Inactive,-2.9735395969258387e-8,-0.004079706854579435,0.004758903538928914,103.50000000000001,2.0149403497929366
https://comptox.epa.gov/dashboard/chemical/details/DTXSID8026307,"2,6-Dimethylaniline",87-62-7,C8H11N,121.089149,7,602,1,Inactive,0.00002788414099973265,0.0024890292186161263,0.0029034071268316227,103.5,2.0149403497929366
https://comptox.epa.gov/dashboard/chemical/details/DTXSID3021277,"2E,4E-Hexadienoic acid",110-44-1,C6H8O2,112.052429,22,600,4,Inactive,0.00004918252302910172,0.3400168358469906,0.39662342935040645,111.5,2.0472748673841794
https://comptox.epa.gov/dashboard/chemical/details/DTXSID4025791,2-Nitrotoluene,88-72-2,C7H7NO2,137.047678,5,573,1,Inactive,0.0003200549471630916,0.08455114914211176,0.09862737133214472,100,2
https://comptox.epa.gov/dashboard/chemical/details/DTXSID7024087,2-Ethoxyethanol,110-80-5,C4H10O2,90.068080,1,581,0,Inactive,0,0.07628034268978552,0.0889796266537274,0.25458745991494436,-0.5941629919779945
https://comptox.epa.gov/dashboard/chemical/details/DTXSID3021932,Diethanolamine,111-42-2,C4H11NO2,105.078979,32,605,5,Inactive,1.62022059013941e-11,0.09010133870074595,0.1051015660901976,119,2.075546961392531
https://comptox.epa.gov/dashboard/chemical/details/DTXSID6020430,"1,2-Dichlorobenzene",95-50-1,C6H4Cl2,145.969006,7,586,1,Inactive,5.91413084796444e-7,0.20691698261277505,0.24136488133090078,100,2
https://comptox.epa.gov/dashboard/chemical/details/DTXSID5021124,Phenol,108-95-2,C6H6O,94.041865,2,636,0,Inactive,-0.0003055439300919418,-0.07688595722317806,0.08968606494670266,100,2
https://comptox.epa.gov/dashboard/chemical/details/DTXSID1024097,2-Butoxyethanol,111-76-2,C6H14O2,118.099380,3,585,1,Inactive,-5.382140119424104e-20,-0.23078960543299268,0.26921185986935275,0.09712530875990873,-1.0126675875731508
https://comptox.epa.gov/dashboard/chemical/details/DTXSID8026727,Geraniol,106-24-1,C10H18O,154.135765,13,588,2,Inactive,-1.4534535459122216e-9,-0.11745183234440656,0.13700541742847885,100,2
https://comptox.epa.gov/dashboard/chemical/details/DTXSID9025453,3-Methylbutyl acetate,123-92-2,C7H14O2,130.099380,5,611,1,Inactive,-7.736124598556267e-17,-0.2257037174473353,0.26327926441672284,23.90610235349852,1.3785087745954319
https://comptox.epa.gov/dashboard/chemical/details/DTXSID9020087,(E)-Anethole,4180-23-8,C10H12O,148.088815,8,605,1,Inactive,0,-0.08067348574768693,0.09410414779960351,2.6837089313048335,0.4287354115033045
https://comptox.epa.gov/dashboard/chemical/details/DTXSID8023632,L-Tartaric acid,87-69-4,C4H6O6,150.016438,0,586,0,Inactive,0,-0.0464092342084175,0.05413552414078692,0.009140000165138008,-2.039053796419503
https://comptox.epa.gov/dashboard/chemical/details/DTXSID7026029,Sodium dehydroacetate,4418-26-2,C8H7NaO4,190.024203,5,602,1,Inactive,0.0000011699418593090545,0.008020627183074214,0.009355915129812948,100,2
https://comptox.epa.gov/dashboard/chemical/details/DTXSID9021689,Undecane,1120-21-4,C11H24,156.187801,3,612,0,Inactive,2.246182563494088e-8,0.16353592589585317,0.19076167093089338,100.00000000000001,2
https://comptox.epa.gov/dashboard/chemical/details/DTXSID0025363,Glycolic acid,79-14-1,C2H4O3,76.016044,3,357,1,Inactive,0,-0.3370013273956154,0.393105893813555,26.390377262302053,1.4214455986992047
https://comptox.epa.gov/dashboard/chemical/details/DTXSID1021877,2-Chloroethanol,107-07-3,C2H5ClO,80.002893,3,574,1,Inactive,-0.0000033665694539488435,-0.1162106874197498,0.13555764454066885,100,2
https://comptox.epa.gov/dashboard/chemical/details/DTXSID8021771,4-(2-Methylbutan-2-yl)phenol,80-46-6,C11H16O,164.120115,127,678,19,Inactive,-0.000001366270268032308,-0.20230851191440385,0.23598918442490588,33.35,1.523095838252568
https://comptox.epa.gov/dashboard/chemical/details/DTXSID5032361,"2,2-Dibromo-3-nitrilopropionamide",10222-01-2,C3H2Br2N2O,239.853389,23,609,4,Inactive,-4.7092067285705395e-15,-0.4442578283177548,0.5182186433334269,52.760552553880935,1.7223093352034566
https://comptox.epa.gov/dashboard/chemical/details/DTXSID6040117,Ethyl formate,109-94-4,C3H6O2,74.036779,3,82,4,Inactive,-7.653341489816678e-17,-0.24352437238479466,0.28406673294591667,0.4240952974066955,-0.37253654320085594
https://comptox.epa.gov/dashboard/chemical/details/DTXSID0040751,N-(9-Fluorenylmethoxycarbonyl)-L-leucine,35661-60-0,C21H23NO4,353.162708,25,331,8,Inactive,6.0162491270854055e-19,0.2542200266619785,0.29654301832747937,0.5561638114501486,-0.2547972732906634
https://comptox.epa.gov/dashboard/chemical/details/DTXSID6021404,"1,1,3-Trimethyl-2-thiourea",2489-77-2,C4H10N2S,118.056470,9,332,3,Inactive,1.846991813537607e-9,0.06295793113370039,0.07343927687831278,104.50000000000001,2.019116290447073
https://comptox.epa.gov/dashboard/chemical/details/DTXSID1021328,Tetrahydrofuran,109-99-9,C4H8O,72.057515,1,330,0,Inactive,0,0.09580321985718313,0.11175270632677183,0.082700000580228,-1.082494487400418
https://comptox.epa.gov/dashboard/chemical/details/DTXSID7028015,Tripropylene glycol diacrylate,42978-66-5,, ,200,445,45,Inactive,8.622343101536704e-10,0.05295247287918556,0.06176809255227016,100,2
https://comptox.epa.gov/dashboard/chemical/details/DTXSID5020360,N-Cyclohexyl-2-benzothiazolesulfenamide,95-33-0,C13H16N2S2,264.075491,58,441,13,Inactive,-3.974000809595459e-17,-0.23459669551383774,0.27365276092047064,6.429522108445223,0.8081786940162606
https://comptox.epa.gov/dashboard/chemical/details/DTXSID7020263,Chlorambucil,305-03-3,C14H19Cl2NO2,303.079284,105,441,24,Inactive,-1.6050403601798033e-18,-0.1321942279087734,0.15420215261664658,16.47515161427888,1.2168294199241185
https://comptox.epa.gov/dashboard/chemical/details/DTXSID9040718,"2,5-Dimethoxy-4-chloroaniline",6358-64-1,C8H10ClNO2,187.040006,17,444,4,Inactive,-2.538464348445417e-17,-0.12389284246877279,0.14451873810756555,0.09867560119827162,-1.0057902189096803
https://comptox.epa.gov/dashboard/chemical/details/DTXSID6044515,Tetraethyleneglycol dimethacrylate,109-17-1,C16H26O7,330.167853,15,438,3,Inactive,0,0.08629912725442351,0.10066635587715272,0.08230000157039945,-1.0846001565007823
https://comptox.epa.gov/dashboard/chemical/details/DTXSID6044513,"3,7-Dimethyloctane-1,7-diol",107-74-4,C10H22O2,174.161980,13,346,4,Inactive,2.347059439692052e-22,0.22581255379964216,0.26340622003403047,176.7736859860012,2.247417617681546
https://comptox.epa.gov/dashboard/chemical/details/DTXSID1038822,Neopentyl glycol dibenzoate,4196-89-8,C19H20O4,312.136159,51,455,11,Inactive,0.0000018855020078561245,0.07427823120243739,0.08664420016793067,100,2
https://comptox.epa.gov/dashboard/chemical/details/DTXSID7044396,"2,5,8,11,14-Pentaoxapentadecane",143-24-8,C10H22O5,222.146724,1,331,0,Inactive,2.8371173745175017e-8,0.18899434596356626,0.22045845299742453,100,2
https://comptox.epa.gov/dashboard/chemical/details/DTXSID2036827,"3,3'-Diaminobenzidine",91-95-2,C12H14N4,214.121846,67,445,15,Inactive,-5.6179545525793665e-9,-0.177727017231561,0.20731531980469842,100,2
https://comptox.epa.gov/dashboard/chemical/details/DTXSID5044364,"1,4-Dibromobutane",110-52-1,C4H8Br2,213.899276,3,335,1,Inactive,1.969022970835493e-10,0.024929729070958237,0.029080073674203302,100,2
https://comptox.epa.gov/dashboard/chemical/details/DTXSID0044367,Tetradonium bromide,1119-97-7,C17H38BrN,335.218763,290,465,62,Inactive,0.6099225289270702,0.8903092580518296,1.0385294899627775,25.139582967444852,1.4003580690365063
https://comptox.epa.gov/dashboard/chemical/details/DTXSID4038922,Tetrabromobisphenol A bis(2-hydroxyethyl) ether,4162-45-2,C19H20Br4O4,627.809511,235,456,52,Inactive,-0.9831548681302661,-1.0417744224278762,1.2152108380269202,135.86427272984824,2.133105268386735
https://comptox.epa.gov/dashboard/chemical/details/DTXSID1020433,"3,3'-Dichlorobenzidine dihydrochloride",612-83-9,C12H12Cl4N2,323.975459,155,487,32,Inactive,4.331499522327075e-8,0.2403810984201287,0.28040016127116973,100,2
https://comptox.epa.gov/dashboard/chemical/details/DTXSID0044496,6-Pentyltetrahydro-2H-pyran-2-one,705-86-2,C10H18O2,170.130680,2,335,1,Inactive,6.714617680382722e-7,0.4162224424994235,0.4855158777814525,160.31269251540172,2.204967908325331
https://comptox.epa.gov/dashboard/chemical/details/DTXSID3027039,Dipentaerythritol,126-58-9,C10H22O7,254.136553,4,333,1,Inactive,6.2231136201317e-11,0.1670753351868986,0.1948903272293152,100.00000000000001,2
https://comptox.epa.gov/dashboard/chemical/details/DTXSID2023519,Propantheline bromide,50-34-0,C23H30BrNO3,447.140907,22,450,5,Inactive,-7.693485047098027e-19,-0.0934214772384423,0.10897444705933924,179.70135487522165,2.2545513515253024
https://comptox.epa.gov/dashboard/chemical/details/DTXSID2025632,4-Methyl-2-nitroaniline,89-62-3,C7H8N2O2,152.058578,16,335,5,Inactive,0,0.11540386028156266,0.13461649541890958,0.9170175878198509,-0.03762233475543076
https://comptox.epa.gov/dashboard/chemical/details/DTXSID4020589,"p,p'-Ethyl-DDD",72-56-0,C18H20Cl2,306.094206,120,442,27,Inactive,2.0210439559206795e-11,0.20026556493074665,0.2336061240784358,166.21480419702394,2.2206697023286353
https://comptox.epa.gov/dashboard/chemical/details/DTXSID7027334,3-(Triethoxysilyl)propionitrile,919-31-3,C9H19NO3Si,217.113420,0,332,0,Inactive,1.1102028387266881e-10,0.08132236158654874,0.09486104961533537,100,2
https://comptox.epa.gov/dashboard/chemical/details/DTXSID0021339,Thiotepa,52-24-4,C6H12N3PS,189.048956,30,451,7,Inactive,1.6450445335999944e-13,0.27853815108784374,0.3249096663528051,0.089971785796061,-1.0458936593843404
https://comptox.epa.gov/dashboard/chemical/details/DTXSID7021491,Benzonitrile,100-47-0,C7H5N,103.042199,3,342,1,Inactive,-8.695525864372811e-20,-0.14728643241592504,0.17180693354807622,24.387541855523136,1.3871680277683207
https://comptox.epa.gov/dashboard/chemical/details/DTXSID7021362,o-Toluenesulfonamide,88-19-7,C7H9NO2S,171.035400,3,335,1,Inactive,2.906812376950407e-8,0.06937976370092691,0.08093022728723222,100,2
https://comptox.epa.gov/dashboard/chemical/details/DTXSID8027323,4-Nitro-N-phenylaniline,836-30-6,C12H10N2O2,214.074228,111,473,23,Inactive,2.3944855987901907e-12,0.35791023744521044,0.4174957555308184,36.03733865746675,1.5567527110236317
https://comptox.epa.gov/dashboard/chemical/details/DTXSID2026739,Diethlylene glycol bis chloroformate,106-75-2,C6H8Cl2O5,229.974879,7,350,2,Inactive,5.227935394610866e-8,0.10528443054888108,0.12281236544502565,100,2
https://comptox.epa.gov/dashboard/chemical/details/DTXSID0021626,4-Isopropylbenzyl alcohol,536-60-7,C10H14O,150.104465,8,441,2,Inactive,1.2730794195143233e-8,0.03248070445103664,0.03788814855298637,100.00000000000001,2
https://comptox.epa.gov/dashboard/chemical/details/DTXSID3027322,Cyclododecanone,830-13-7,C12H22O,182.167065,9,439,2,Inactive,2.4169794328521285e-9,0.02531012404709962,0.029523797466788546,100,2
https://comptox.epa.gov/dashboard/chemical/details/DTXSID2025557,4-Methoxy-4-methyl-2-pentanone,107-70-0,C7H14O2,130.099380,3,330,1,Inactive,1.4223565385178836e-7,0.07998174552062975,0.0932972454578662,100,2
https://comptox.epa.gov/dashboard/chemical/details/DTXSID5037498,Azinphos-ethyl,2642-71-9,C12H16N3O3PS2,345.037071,85,462,18,Inactive,0,0.3089426422964904,0.36037595007604517,26.52907790104891,1.4237221550164116
https://comptox.epa.gov/dashboard/chemical/details/DTXSID0034776,Tolclofos-methyl,57018-04-9,C9H11Cl2O3PS,299.954358,48,442,11,Inactive,0.000020888885451639236,0.13360210529371896,0.15584441587437914,100.00000000000001,2
https://comptox.epa.gov/dashboard/chemical/details/DTXSID0026913,Dodecane,112-40-3,C12H26,170.203451,3,334,1,Inactive,0,-0.38390846799780115,0.44782221666949945,25.34806292433636,1.403944776552387
https://comptox.epa.gov/dashboard/chemical/details/DTXSID4041527,"2,2,6,6-Tetramethyl-4-piperidone",826-36-8,C9H17NO,155.131014,1,337,0,Inactive,0.000012329449731882808,0.16727443391797422,0.1951225722630113,100,2
https://comptox.epa.gov/dashboard/chemical/details/DTXSID9022445,Bis(4-hydroxyphenyl)methane,620-92-8,C13H12O2,200.083730,43,465,9,Inactive,1.2942146250291386e-8,0.2199925609286286,0.2566173046394554,100,2
https://comptox.epa.gov/dashboard/chemical/details/DTXSID1020223,beta-Butyrolactone,3068-88-0,C4H6O2,86.036779,2,336,1,Inactive,1.0101498345068726e-9,0.11043462855685619,0.12881997736420703,99.5,1.9978230807457253
https://comptox.epa.gov/dashboard/chemical/details/DTXSID7022120,Carbophenothion,786-19-6,C11H16ClO2PS3,341.973858,69,460,15,Inactive,2.2831003804353394e-19,0.17233137532992232,0.2010214020660553,0.08230000242684309,-1.0846001519813566
https://comptox.epa.gov/dashboard/chemical/details/DTXSID3029237,"Siloxanes and Silicones, di-methyl, hydroxy-terminated, hydrolysis products with silica and 3-(trimethoxysilyl)propyl methacrylate",300852-60-2,, ,18,331,5,Inactive,4.7112067028594856e-8,0.07246446123741734,0.08452847062828299,100.00000000000001,2
https://comptox.epa.gov/dashboard/chemical/details/DTXSID2044428,3-Mercaptopropyltrimethoxysilane,4420-74-0,C6H16O3SSi,196.058942,6,333,2,Inactive,0,0.17545416632837527,0.20466408073479142,1.345969176339025,0.12903511434623952
https://comptox.epa.gov/dashboard/chemical/details/DTXSID5022194,Hexyl acrylate,2499-95-8,C9H16O2,156.115030,2,334,1,Inactive,3.877467269886242e-15,0.18322304826130908,0.21372633962789292,177.03111885130076,2.2480496141443504
https://comptox.epa.gov/dashboard/chemical/details/DTXSID6021294,"2,5-Dihydrothiophene 1,1-dioxide",77-79-2,C4H6O2S,118.008851,0,329,0,Inactive,-2.1333009667451278e-8,-0.17322367259357332,0.20206225052824292,100,2
https://comptox.epa.gov/dashboard/chemical/details/DTXSID6040115,"2,5-Dimercapto-1,3,4-thiadiazole",1072-71-5,C2H2N2S3,149.938012,7,332,2,Inactive,1.391677018060898e-10,0.02069910707246011,0.024145130376028827,100,2
https://comptox.epa.gov/dashboard/chemical/details/DTXSID3024366,Triethylamine,121-44-8,C6H15N,101.120449,2,330,1,Inactive,0,0.15386291054433177,0.17947827517984885,125.70942969084537,2.0993678561195286
https://comptox.epa.gov/dashboard/chemical/details/DTXSID9026558,N-(2-Methoxyphenyl)-3-oxobutanamide,92-15-9,C11H13NO3,207.089543,14,440,3,Inactive,0,-0.10904865603923974,0.12720326573416932,0.08230000264718916,-1.0846001508185974
https://comptox.epa.gov/dashboard/chemical/details/DTXSID6033241,Benzylacetone,2550-26-7,C10H12O,148.088815,2,333,1,Inactive,-0.000004464762113663523,-0.09155694692496742,0.10679950650024593,100,2
https://comptox.epa.gov/dashboard/chemical/details/DTXSID5023114,Guaifenesin,93-14-1,C10H14O4,198.089209,3,332,1,Inactive,0,-0.1804406963443372,0.21048077693032796,0.8767979505522869,-0.057100473988438906
https://comptox.epa.gov/dashboard/chemical/details/DTXSID7020920,1-Naphthylamine,134-32-7,C10H9N,143.073499,54,454,12,Inactive,0,-0.11653324578291965,0.13593390298048225,1.391852827937074,0.1435933161697421
https://comptox.epa.gov/dashboard/chemical/details/DTXSID9044532,D&C Blue No. 9,130-20-1,C28H12Cl2N2O4,510.017412,26,467,6,Inactive,-5.412382195271935e-9,-0.295064420443836,0.34418725774034403,100,2
https://comptox.epa.gov/dashboard/chemical/details/DTXSID7024328,Sulfotep,3689-24-5,C8H20O5P2S2,322.022740,48,452,11,Inactive,5.188755645385345e-16,0.029631761170028845,0.03456490824541938,100,2
https://comptox.epa.gov/dashboard/chemical/details/DTXSID2024799,4-Chloro-3-nitrobenzotrifluoride,121-17-5,C7H3ClF3NO2,224.980440,6,442,1,Inactive,1.4756432160652962e-9,0.04887817223553207,0.05701549525965372,99.5,1.9978230807457253
https://comptox.epa.gov/dashboard/chemical/details/DTXSID1030319,3-Amino-9-ethylcarbazole,132-32-1,C14H14N2,210.115698,86,450,19,Inactive,0,0.38783116448731053,0.4523979704850256,26.113356663174642,1.4168627004938499
https://comptox.epa.gov/dashboard/chemical/details/DTXSID4034869,Prothioconazole,178928-70-6,C14H15Cl2N3OS,343.031289,137,392,35,Inactive,0,0.12704602592047998,0.14819686901797094,4.111100869338335,0.6139581326936572
https://comptox.epa.gov/dashboard/chemical/details/DTXSID7052101,"2,2,4,4,6,8,8-Heptamethylnonane",4390-04-9,C16H34,226.266051,0,205,0,Inactive,1.7320271027168995e-7,0.14693245721305248,0.17139402793850958,59,1.7708520116421442
https://comptox.epa.gov/dashboard/chemical/details/DTXSID8040779,Diheptyl phthalate,3648-21-3,C22H34O4,362.245710,13,327,4,Inactive,1.8009097099409268e-10,0.36116191355585414,0.42128877632911993,0.08223013695440311,-1.0849689864221963
https://comptox.epa.gov/dashboard/chemical/details/DTXSID3051381,Di-p-methylbenzylidenesorbitol,81541-12-0,C22H26O6,386.172939,10,207,5,Inactive,0,-0.29069337974118803,0.3390885185882198,25.39917214618842,1.4048195615726398
https://comptox.epa.gov/dashboard/chemical/details/DTXSID5057888,Argatroban monohydrate,141396-28-3,C23H38N6O6S,526.257354,3,195,2,Inactive,5.345511860147287e-9,0.12716108780918145,0.14833108660978706,52.5,1.7201593034059568
https://comptox.epa.gov/dashboard/chemical/details/DTXSID1022003,"1,3-Diethylbenzene",141-93-5,C10H14,134.109550,1,207,0,Inactive,0.0000019501779119845915,0.1754853495629453,0.20470045540842366,100,2
https://comptox.epa.gov/dashboard/chemical/details/DTXSID8051754,6-Methylhept-5-en-2-ol,1569-60-4,C8H16O,128.120115,0,207,0,Inactive,2.5834920534951937e-7,0.2836373136067084,0.33085774630599096,100,2
https://comptox.epa.gov/dashboard/chemical/details/DTXSID6052112,Diethoxymethane,462-95-3,C5H12O2,104.083730,0,218,0,Inactive,-1.892219156705919e-15,-0.3577657019391892,0.41732715750267013,24.507359668861156,1.3892965245115088
https://comptox.epa.gov/dashboard/chemical/details/DTXSID9021978,2-Methylpentanal,123-15-9,C6H12O,100.088815,1,205,0,Inactive,7.239048336804992e-12,0.2117960819746723,0.2470562616304572,100,2
https://comptox.epa.gov/dashboard/chemical/details/DTXSID7047439,Benzyl 3-methylbutyl ether,122-73-6,C12H18O,178.135765,3,331,1,Inactive,0.000010916064306290472,0.09849434703878084,0.11489185703654343,100,2
https://comptox.epa.gov/dashboard/chemical/details/DTXSID5021910,Pyrrole,109-97-7,C4H5N,67.042199,2,222,1,Inactive,0,0.16915996516329956,0.197322010025572,0.4718834848782931,-0.326165221961427
https://comptox.epa.gov/dashboard/chemical/details/DTXSID8047769,"1,2,3-Trimethylbenzene",526-73-8,C9H12,120.093900,2,226,1,Inactive,-0.00000730498409367326,-0.034577830975915685,0.0403344083448207,100,2
https://comptox.epa.gov/dashboard/chemical/details/DTXSID5052620,"2,5-Dimethoxybenzaldehyde",93-02-7,C9H10O3,166.062994,10,206,5,Inactive,0.000026590969669969568,0.1457954682891525,0.17006775112340042,100,2
https://comptox.epa.gov/dashboard/chemical/details/DTXSID0038839,2-Amino-5-nitrobenzonitrile,17420-30-3,C7H5N3O2,163.038176,11,313,4,Inactive,2.476191418803517e-8,0.4039077494920631,0.4711510132893463,183.37477643499375,2.2633395973729056
https://comptox.epa.gov/dashboard/chemical/details/DTXSID6051566,Benzyltriphenylphosphonium chloride,1100-88-5,C25H22ClP,388.114765,64,221,29,Inactive,0.001077464357204089,0.635953818259189,0.741828514691406,179.41455225212576,2.25385766561156
https://comptox.epa.gov/dashboard/chemical/details/DTXSID7052109,(2-Chloroethyl)dimethylamine hydrochloride,4584-46-7,C4H11Cl2N,143.026855,3,208,1,Inactive,-0.000009788690673139481,-0.15342033136072583,0.17896201464491499,100,2
https://comptox.epa.gov/dashboard/chemical/details/DTXSID5051650,"4,4'-(Isopropylidenebis(4,1-phenyleneoxy))dianiline",13080-86-9,C27H26N2O2,410.199428,63,221,29,Inactive,-0.6373637725909347,-1.1033589364297485,1.2870480489034206,19.195041546497368,1.283189056458374
https://comptox.epa.gov/dashboard/chemical/details/DTXSID5022198,3-(3-Pyridyl)-1-propanol,2859-67-8,C8H11NO,137.084064,1,205,0,Inactive,0.008336571349291123,0.44030539688262454,0.5136082042468779,100,2
https://comptox.epa.gov/dashboard/chemical/details/DTXSID1038743,5-Methyl-1H-benzotriazole,136-85-6,C7H7N3,133.063997,2,326,1,Inactive,0,0.1815588247311494,0.21178505327337074,4.772938536678347,0.6787858417927466
https://comptox.epa.gov/dashboard/chemical/details/DTXSID6041551,"6-tert-Butyl-2,4-xylenol",1879-09-0,C12H18O,178.135765,106,313,34,Inactive,-6.483717996640823e-11,-0.015307747290933671,0.01785620765229306,100,2
https://comptox.epa.gov/dashboard/chemical/details/DTXSID2047222,Farnesol acetate,29548-30-9,C17H28O2,264.208930,54,313,17,Inactive,2.294168573609605e-7,0.03248304550499074,0.03789087934966959,33.35,1.523095838252568
https://comptox.epa.gov/dashboard/chemical/details/DTXSID6032192,Tri-o-cresyl phosphate,78-30-8,C21H21O4P,368.117746,200,534,37,Inactive,0.00000995262446957245,0.29685622669331097,0.3462773670069277,100.00000000000001,2
https://comptox.epa.gov/dashboard/chemical/details/DTXSID6044199,"2-Methyl-4,6-bis[(octylthio)methyl]phenol",110553-27-0,C25H44OS2,424.283358,16,206,8,Inactive,-4.279835088945792e-12,-0.22888696822870222,0.2669924683180622,7.489789449907371,0.8744696091509145
https://comptox.epa.gov/dashboard/chemical/details/DTXSID5025578,2-Methyl-3-butenenitrile,16529-56-9,C5H7N,81.057849,0,206,0,Inactive,0,-0.14330257374981073,0.16715983517053398,0.08230000079825275,-1.0846001605753757
https://comptox.epa.gov/dashboard/chemical/details/DTXSID1043910,"beta-(3,4-Epoxycyclohexyl)ethyltrimethoxysilane",3388-04-3,C11H22O4Si,246.128736,1,220,0,Inactive,0.00008555538281199665,0.23562163797481195,0.27484833758286087,100,2
https://comptox.epa.gov/dashboard/chemical/details/DTXSID4051580,6-Methyl-3-hydroxypyridine,1121-78-4,C6H7NO,109.052764,2,208,1,Inactive,0.00005260678057207097,0.10245024414114048,0.11950633876062276,100,2
https://comptox.epa.gov/dashboard/chemical/details/DTXSID2051716,2(1H)-Pyridinone,142-08-5,C5H5NO,95.037114,1,209,0,Inactive,9.160906082484604e-13,0.14544502499206732,0.16965896541743222,3.8974922442959183,0.59078525964976
https://comptox.epa.gov/dashboard/chemical/details/DTXSID9020376,"2,2',3,3',4,4',5,5',6,6'-Decabromodiphenyl ether",1163-19-5,C12Br10O,949.178295,0,214,0,Inactive,0,-0.3406947761843402,0.3974142343728247,6.252669566062097,0.7960654781884713
https://comptox.epa.gov/dashboard/chemical/details/DTXSID1042445,Terbumeton,33693-04-8,C10H19N5O,225.158960,13,312,4,Inactive,3.7815609684956777e-8,0.026811400075486488,0.031275008536373085,100,2
https://comptox.epa.gov/dashboard/chemical/details/DTXSID3041744,C.I. Solvent Red 49,509-34-2,C28H30N2O3,442.225643,85,319,27,Inactive,0.000030308683061562372,0.4187744981764956,0.4884928041210324,50,1.6989700043360187
https://comptox.epa.gov/dashboard/chemical/details/DTXSID9044372,Tripropan-2-yl phosphite,116-17-6,C9H21O3P,208.122832,6,315,2,Inactive,5.500155736328389e-19,0.17813940319831686,0.20779636050358985,0.17666185255541628,-0.7528572196685217
https://comptox.epa.gov/dashboard/chemical/details/DTXSID8022036,(1S)-(-)-Camphor,464-48-2,C10H16O,152.120115,3,210,1,Inactive,0,0.2564682390477903,0.29916551701683836,0.7992465129123565,-0.09731924986543948
https://comptox.epa.gov/dashboard/chemical/details/DTXSID6051306,"1,1-Bis(3-cyclohexyl-4-hydroxyphenyl)cyclohexane",4221-68-5,C30H40O2,432.302831,105,210,50,Inactive,7.201484297188576e-7,0.2531045302263387,0.29524181210741235,11.1,1.0453229787866574
https://comptox.epa.gov/dashboard/chemical/details/DTXSID3024861,Cresyl diphenyl phosphate,26444-49-5,C19H17O4P, ,112,444,25,Inactive,-0.0000053627930232648294,-0.05704530812950327,0.0665423101250663,100,2
https://comptox.epa.gov/dashboard/chemical/details/DTXSID3047471,2-Methyl-3-buten-2-ol,115-18-4,C5H10O,86.073165,0,217,0,Inactive,0,0.09645280638399889,0.11251043714702283,0.08230000501955104,-1.08460013829972
https://comptox.epa.gov/dashboard/chemical/details/DTXSID5041560,Methyl linolenate,301-00-8,C19H32O2,292.240230,169,320,53,Inactive,0,-0.28321022604320545,0.3303595564629866,24.94101415213657,1.3969141087945687
https://comptox.epa.gov/dashboard/chemical/details/DTXSID2041674,Triethyl borate,150-46-9,C6H15BO3,146.111424,6,205,3,Inactive,-2.5014156409818786e-10,-0.05472009458518421,0.06382999099056658,100,2
https://comptox.epa.gov/dashboard/chemical/details/DTXSID6021450,C.I. Disperse Yellow 3,2832-40-8,C15H15N3O2,269.116427,78,333,23,Inactive,-1.4179141624848577e-12,-0.3439405595652192,0.40120038140947345,24.244173548240312,1.3846073841802982
https://comptox.epa.gov/dashboard/chemical/details/DTXSID0052839,Metribuzin-DA,35045-02-4,C8H13N3OS,199.077933,3,206,1,Inactive,3.010654923931034e-14,0.15042894060160694,0.17547261195562355,1.9691740912958737,0.2942841130639228
https://comptox.epa.gov/dashboard/chemical/details/DTXSID0051493,"2,3-Diaminopyridine",452-58-4,C5H7N3,109.063997,11,219,5,Inactive,-5.529600167426865e-12,-0.46971356223831195,0.5479122920583573,26.287681936581908,1.4197522914492098
https://comptox.epa.gov/dashboard/chemical/details/DTXSID3051836,3-Mercapto-1-propanol,19721-22-3,C3H8OS,92.029586,1,206,0,Inactive,5.987007129185678e-8,0.07843880297974536,0.09149743116240117,100,2
https://comptox.epa.gov/dashboard/chemical/details/DTXSID5039224,Acetaldehyde,75-07-0,C2H4O,44.026215,144,328,44,Inactive,0.0000227828258242533,0.4908741298058091,0.5725957076742785,100,2
https://comptox.epa.gov/dashboard/chemical/details/DTXSID8040145,"1,5-Naphthalene diisocyanate",3173-72-6,C12H6N2O2,210.042927,7,197,4,Inactive,0.0012369578449122113,0.4281207281028219,0.4993950106416092,60,1.7781512503836436
https://comptox.epa.gov/dashboard/chemical/details/DTXSID4027789,"O,O-Dimethyl phosphoramidothioate",17321-47-0,C2H8NO2PS,141.001337,6,325,2,Inactive,4.137887725077347e-15,0.25053570566493005,0.29224532517050095,0.08311703096100619,-1.0803099786881434
https://comptox.epa.gov/dashboard/chemical/details/DTXSID6022002,"2,6-Dimethyl morpholine",141-91-3,C6H13NO,115.099714,1,207,0,Inactive,2.490391199197946e-7,0.058397790410910796,0.06811995600619233,100,2
https://comptox.epa.gov/dashboard/chemical/details/DTXSID2022333,sec-Butylbenzene,135-98-8,C10H14,134.109550,5,213,2,Inactive,-3.418954530938684e-8,-0.24458763358187458,0.28530700771416617,181.9754913180939,2.260012900611169
https://comptox.epa.gov/dashboard/chemical/details/DTXSID7051557,"2,6-Dimethylpyridine",108-48-5,C7H9N,107.073499,1,224,0,Inactive,0,0.1955142438519889,0.22806379481257028,3.6309934027559527,0.560025459832945
https://comptox.epa.gov/dashboard/chemical/details/DTXSID5052042,4-Fluoro-3-nitroaniline,364-76-1,C6H5FN2O2,156.033506,6,221,3,Inactive,-2.030264698461883e-13,-0.17054727517095658,0.19894028181331572,0.08230000095953881,-1.0846001597242745
https://comptox.epa.gov/dashboard/chemical/details/DTXSID0052043,4-(2-Chloroethyl)morpholine hydrochloride (1:1),3647-69-6,C6H13Cl2NO,185.037419,2,205,1,Inactive,0.0031708423291554708,0.26235226957461233,0.306029131167406,99.99999999999999,2
https://comptox.epa.gov/dashboard/chemical/details/DTXSID6043917,D-Ribose,50-69-1,C5H10O5,150.052823,2,208,1,Inactive,0,0.5364530611298974,0.6257626986641647,25.778935197303763,1.4112649747906312
https://comptox.epa.gov/dashboard/chemical/details/DTXSID2023569,Rosiglitazone maleate,155141-29-0,C22H23N3O7S,473.125671,103,536,19,Inactive,4.2596126619425454e-20,0.2959140053948583,0.3451782830698974,0.28579245510089096,-0.5439492407350472
https://comptox.epa.gov/dashboard/chemical/details/DTXSID6041397,"2,6,6-Trimethyl-1-crotonyl-1,3-cyclohexadiene",23696-85-7,C13H18O,190.135765,3,324,1,Inactive,0.00005211913495867821,0.4563555994760995,0.5323304724502603,179.1815267678722,2.253293232801945
https://comptox.epa.gov/dashboard/chemical/details/DTXSID3025170,"4,4'-Dioctyldiphenylamine",101-67-7,C28H43N,393.339550,7,314,2,Inactive,-6.722619261382416e-13,-0.3593742268353004,0.41920347241778866,0.07305930750330882,-1.136324448588885
https://comptox.epa.gov/dashboard/chemical/details/DTXSID5052838,Alachlor sec-oxanilic acid sodium salt,140939-17-9,C12H14NNaO3,243.087138,1,205,0,Inactive,4.0912920562855906e-8,0.022446814407624863,0.02618379906444001,100,2
https://comptox.epa.gov/dashboard/chemical/details/DTXSID6037564,Mefenpyr-diethyl,135590-91-9,C16H18Cl2N2O4,372.064363,36,334,11,Inactive,3.9015628589137574e-10,0.11997481284527771,0.1399484281060149,100,2
https://comptox.epa.gov/dashboard/chemical/details/DTXSID4028880,Triphenyl phosphates isopropylated,68937-41-7,, ,187,550,34,Inactive,9.349056209656294e-9,0.16062249141931081,0.18736320282152621,100,2
https://comptox.epa.gov/dashboard/chemical/details/DTXSID0047749,Methylcyclohexane,108-87-2,C7H14,98.109550,1,224,0,Inactive,-3.6188254515567245e-11,-0.10387053787495049,0.12116308546254818,100,2
https://comptox.epa.gov/dashboard/chemical/details/DTXSID4041812,Dihydro-alpha-terpineol,498-81-7,C10H20O,156.151415,1,209,0,Inactive,0.000011866185706603037,0.3087899648641629,0.3601978546395551,100.00000000000001,2
https://comptox.epa.gov/dashboard/chemical/details/DTXSID0052124,(T-4)-Trihydro(morpholine-κN4)boron,4856-95-5,C4H12BNO,101.101194,2,206,1,Inactive,-1.2664119366497727e-10,-0.017276796005362194,0.020153067017298416,100,2
https://comptox.epa.gov/dashboard/chemical/details/DTXSID8052198,Di-iso-amyl ether,544-01-4,C10H22O,158.167065,4,219,2,Inactive,0.00003568516122542202,0.19096485151317757,0.2227570117340647,100,2
https://comptox.epa.gov/dashboard/chemical/details/DTXSID6051695,Europium(III) chloride hexahydrate,13759-92-7,Cl3EuH12O6,365.891190,12,209,6,Inactive,0.00012966999944823647,0.40440983084246934,0.47173668201517555,100,2
https://comptox.epa.gov/dashboard/chemical/details/DTXSID1037567,Metolachlor ESA,171118-09-5,C15H23NO5S,329.129694,7,313,2,Inactive,3.2427085644252724e-7,0.037207586416908585,0.04340197003999765,100,2
https://comptox.epa.gov/dashboard/chemical/details/DTXSID9020110,Astemizole,68844-77-9,C28H31FN4O,458.248190,233,464,50,Inactive,0.0000019519487175308774,0.18152103924618881,0.2117409771952336,2.78,0.4440447959180762
https://comptox.epa.gov/dashboard/chemical/details/DTXSID8048494,Sarafloxacin,98105-99-8,C20H17F2N3O3,385.123798,4,312,1,Inactive,-0.0000023693782914768,-0.03749376426432699,0.04373579127259768,50.00000000000001,1.6989700043360187
https://comptox.epa.gov/dashboard/chemical/details/DTXSID9044164,4-Pentylphenol,14938-35-3,C11H16O,164.120115,155,335,46,Inactive,0.0015462330112741196,0.35529363501613237,0.4144435365838291,33.35,1.523095838252568
https://comptox.epa.gov/dashboard/chemical/details/DTXSID7028011,"Thiodiethylene bis(3-(3,5-di-tert-butyl-4-hydroxyphenyl)propionate)",41484-35-9,C38H58O6S,642.395411,6,206,3,Inactive,-3.318516101191638e-9,-0.10159279484556287,0.11850613981677069,50,1.6989700043360187
https://comptox.epa.gov/dashboard/chemical/details/DTXSID8041901,Disulfoton sulfone,2497-06-5,C8H19O4PS3,306.018310,23,326,7,Inactive,-0.00002532960015944095,-0.2191445569727819,0.255628123511901,100,2
https://comptox.epa.gov/dashboard/chemical/details/DTXSID6024701,tert-Butylphenyl diphenyl phosphate,56803-37-3,C22H23O4P, ,163,511,32,Inactive,-1.4453706024335762e-7,-0.06956067801953342,0.08114126053588169,100,2
https://comptox.epa.gov/dashboard/chemical/details/DTXSID7021861,5-Ethyl-2-methylpyridine,104-90-5,C8H11N,121.089149,0,212,0,Inactive,4.952634286565261e-13,0.2538399374371339,0.2960996511881979,5.322621578724101,0.7261255903294213
https://comptox.epa.gov/dashboard/chemical/details/DTXSID6047602,Benzyl 2-methylpropanoate,103-28-6,C11H14O2,178.099380,11,204,5,Inactive,0,0.2249976810657875,0.26245568587186024,3.8563576340651116,0.5861773030572373
https://comptox.epa.gov/dashboard/chemical/details/DTXSID2051764,Diethyl pyrocarbonate,1609-47-8,C6H10O5,162.052823,0,204,0,Inactive,7.48373158779579e-11,0.29357982844356956,0.34245550828486465,1.5334235022303753,0.18566211524651363
https://comptox.epa.gov/dashboard/chemical/details/DTXSID4052554,Naphthalenetetracarboxylic dianhydride,81-30-1,C14H4O6,268.000788,1,206,0,Inactive,0.0006821842470570949,0.4741053692054192,0.5530352546787228,100,2
https://comptox.epa.gov/dashboard/chemical/details/DTXSID2051631,"1,2-Bis((chlorocarbonyl)oxy)ethane",124-05-0,C4H4Cl2O4,185.948664,1,206,0,Inactive,0.002416014742565101,0.2520078421062766,0.2939625454439738,100,2
https://comptox.epa.gov/dashboard/chemical/details/DTXSID5024134,delta-Hexachlorocyclohexane,319-86-8,C6H6Cl6,287.860066,87,323,27,Inactive,2.9146694991849886e-10,0.7335472368722414,0.8556694551728279,26.484418500822414,1.4229904418871921
https://comptox.epa.gov/dashboard/chemical/details/DTXSID4021973,2-Chloro-4-nitroaniline,121-87-9,C6H5ClN2O2,172.003955,19,332,6,Inactive,0.00006317531532347122,0.282701466937903,0.3297660982580255,100,2
https://comptox.epa.gov/dashboard/chemical/details/DTXSID1051771,4-Methyl-2-(2-methylprop-1-en-1-yl)tetrahydro-2H-pyran,16409-43-1,C10H18O,154.135765,3,206,1,Inactive,-0.000038956545217516355,-0.34401460746723816,0.4012867569348554,100,2
https://comptox.epa.gov/dashboard/chemical/details/DTXSID5051529,n-Decylbenzene,104-72-3,C16H26,218.203451,5,207,2,Inactive,-4.782106066716385e-10,-0.02959694569513589,0.03452429662978537,100,2
https://comptox.epa.gov/dashboard/chemical/details/DTXSID0021836,"1,4-Dinitrobenzene",100-25-4,C6H4N2O4,168.017107,92,324,28,Inactive,-1.274496279530761e-7,-0.2371717855342052,0.2766565564008326,100,2
https://comptox.epa.gov/dashboard/chemical/details/DTXSID6051564,2-Bromopyridine,109-04-6,C5H4BrN,156.952712,0,209,0,Inactive,0,-0.09526231048696862,0.11112174542494523,0.9027173040742058,-0.04444823252428945
https://comptox.epa.gov/dashboard/chemical/details/DTXSID3051707,Iron(III) acetylacetonate,14024-18-1,C15H21FeO6,353.068749,5,208,2,Inactive,7.538894286841869e-7,0.5053837383459849,0.5895209010500742,171.81185900920363,2.2350531369370668
https://comptox.epa.gov/dashboard/chemical/details/DTXSID6042151,Methyl cinnamate,103-26-4,C10H10O2,162.068080,12,211,6,Inactive,4.083054022275496e-11,0.021907648989553836,0.025554872450939296,100,2
https://comptox.epa.gov/dashboard/chemical/details/DTXSID5051575,Butyl vinyl ether,111-34-2,C6H12O,100.088815,2,219,1,Inactive,0,0.17943647398406787,0.20930936988700255,0.32317233685919233,-0.4905658213614973
https://comptox.epa.gov/dashboard/chemical/details/DTXSID1051856,Allyl carbamate,2114-11-6,C4H7NO2,101.047678,1,205,0,Inactive,3.393881969415056e-7,0.07648823943842181,0.08922213441423145,100,2
https://comptox.epa.gov/dashboard/chemical/details/DTXSID0022012,3-Methoxyphenol,150-19-6,C7H8O2,124.052429,2,326,1,Inactive,0.000012606940501450966,0.5762696283018155,0.6722079971075439,0.08215711095753893,-1.085354841042462
https://comptox.epa.gov/dashboard/chemical/details/DTXSID8025707,Neopentyl glycol diglycidyl ether,17557-23-2,C11H20O4,216.136159,20,326,6,Inactive,-5.965201896618507e-12,-0.3677316795526061,0.4289522883818997,1.0430507647648948,0.018305445838568638
https://comptox.epa.gov/dashboard/chemical/details/DTXSID4034788,Orthosulfamuron,213464-77-8,C16H20N6O6S,424.116504,9,319,3,Inactive,6.925947458683127e-7,0.21474660351717967,0.2504979911249583,100,2
https://comptox.epa.gov/dashboard/chemical/details/DTXSID7021233,FD&C Red 3,16423-68-0,C20H6I4Na2O5,879.618940,205,487,42,Inactive,-5.779171198341437e-9,-0.08838901223291089,0.10310416853737221,25,1.3979400086720377
https://comptox.epa.gov/dashboard/chemical/details/DTXSID2051687,4-Chlorobenzophenone,134-85-0,C13H9ClO,216.034193,26,220,12,Inactive,3.501394948848172e-8,0.19096263243780423,0.22275442322316827,100,2
https://comptox.epa.gov/dashboard/chemical/details/DTXSID0046488,Cerivastatin sodium,143201-11-0,C26H33FNNaO5,481.224046,102,465,22,Inactive,1.7171447155934636e-18,0.2926238702452296,0.3413404005049903,1.3598291167644883,0.13348433608413324
https://comptox.epa.gov/dashboard/chemical/details/DTXSID6037568,Metolachlor OA,152019-73-3,C15H21NO4,279.147058,1,207,0,Inactive,1.3887984593450453e-10,0.06813097893602073,0.07947354266529627,100,2
https://comptox.epa.gov/dashboard/chemical/details/DTXSID1051939,"2,2-Dichloro-1-phenylethanone",2648-61-5,C8H6Cl2O,187.979570,59,207,29,Inactive,0,-0.13544922721420757,0.15799904986098026,0.08230000113139004,-1.084600158817421
https://comptox.epa.gov/dashboard/chemical/details/DTXSID8051914,"1,3-Phenylenedi(4-aminophenyl ether)",2479-46-1,C18H16N2O2,292.121178,60,227,26,Inactive,-0.0001573014987637054,-0.6612952745909455,0.7713888606960311,141.29452252590866,2.1501253261593765
https://comptox.epa.gov/dashboard/chemical/details/DTXSID6051724,Sulfathiazole sodium,144-74-1,C9H8N3NaO2S2,276.995563,6,205,3,Inactive,0,-0.08751894835032045,0.10208925490814758,1.7971369837569806,0.25458118174024674
https://comptox.epa.gov/dashboard/chemical/details/DTXSID7020427,"2,6-Dichloro-1,4-benzenediamine",609-20-1,C6H6Cl2N2,175.990804,39,328,12,Inactive,-2.302773761011153e-14,-0.17637241825279382,0.20573520483475918,1.2709345621466335,0.10412319018403314
https://comptox.epa.gov/dashboard/chemical/details/DTXSID4052213,2'-Aminoacetophenone,551-93-9,C8H9NO,135.068414,7,208,3,Inactive,-0.0000016907609613079203,-0.26732288154374495,0.3118272592520245,100,2
https://comptox.epa.gov/dashboard/chemical/details/DTXSID6025305,Ethyl 3-hydroxybutyrate,5405-41-4,C6H12O3,132.078644,0,208,0,Inactive,0,0.19507325633044176,0.22754939092235976,0.08230000033760129,-1.084600163006219
https://comptox.epa.gov/dashboard/chemical/details/DTXSID8051708,4-Chlorophenylacetonitrile,140-53-4,C8H6ClN,151.018877,5,212,2,Inactive,-3.3525138555137e-8,-0.4249125954126124,0.49565278244801864,0.08113502994668546,-1.0907915992054915
https://comptox.epa.gov/dashboard/chemical/details/DTXSID8051544,"1,4-Dimethylpiperazine",106-58-1,C6H14N2,114.115698,3,207,1,Inactive,0.0026850165592542173,0.29446767395976003,0.343491163864941,100,2
https://comptox.epa.gov/dashboard/chemical/details/DTXSID3036525,Androsterone,53-41-8,C19H30O2,290.224580,53,333,16,Active,0.9999999883766215,3.7788301619750406,4.407936371861739,4.659147389357926,0.6683064493132913
https://comptox.epa.gov/dashboard/chemical/details/DTXSID2051895,"2,6-Dichloropyridine",2402-78-0,C5H3Cl2N,146.964255,1,206,0,Inactive,0.000002286048193636553,0.059059907941563544,0.06889230401356775,100,2
https://comptox.epa.gov/dashboard/chemical/details/DTXSID5052125,"2,4,6-Trimethylbenzaldehyde",487-68-3,C10H12O,148.088815,8,208,4,Inactive,-0.00008073469579370853,-0.018260830764012893,0.021300925592018148,100,2
https://comptox.epa.gov/dashboard/chemical/details/DTXSID2052281,"1,7-Dimethylxanthine",611-59-6,C7H8N4O2,180.064726,2,208,1,Inactive,0,-0.1585796958574982,0.18498031910587245,1.5530074407555272,0.19117353652142738
https://comptox.epa.gov/dashboard/chemical/details/DTXSID0051732,Indan-5-ol,1470-94-6,C9H10O,134.073165,6,221,3,Inactive,-2.9836996861040543e-7,-0.004377093099081926,0.005105799162030633,100,2
https://comptox.epa.gov/dashboard/chemical/details/DTXSID0051574,1-Hexanethiol,111-31-9,C6H14S,118.081622,5,218,2,Inactive,1.1812123679053558e-17,0.14046487516654685,0.16384971159752543,0.08230000390523809,-1.0846001441799136
https://comptox.epa.gov/dashboard/chemical/details/DTXSID3024780,2-Chloropropyldimethylamine hydrochloride,4584-49-0,C5H13Cl2N,157.042505,17,316,5,Inactive,-1.3852037288626825e-9,-0.1304078123056696,0.15211833144060652,100,2
https://comptox.epa.gov/dashboard/chemical/details/DTXSID7052571,1-Chloroanthraquinone,82-44-0,C14H7ClO2,242.013457,21,223,9,Inactive,-1.0712507190295392e-9,-0.11316536060878817,0.13200532643192708,53.5,1.7283537820212285
https://comptox.epa.gov/dashboard/chemical/details/DTXSID2044848,N-(Isobutoxymethyl)acrylamide,16669-59-3,C8H15NO2,157.110279,5,328,2,Inactive,3.727760833365944e-17,0.1627792801315986,0.18987905746537326,5.488415387662798,0.7394469732786648
https://comptox.epa.gov/dashboard/chemical/details/DTXSID4051586,(-)Carophyllene oxide,1139-30-6,C15H24O,220.182715,9,209,4,Inactive,7.942435879491694e-11,0.17644090301159276,0.20581509105517357,183.42397975647586,2.263456112114455
https://comptox.epa.gov/dashboard/chemical/details/DTXSID8051540,Geranyl propionate,105-90-8,C13H22O2,210.161980,4,208,2,Inactive,0.0009262122886280163,0.20393542763707265,0.2378869519033356,100,2
https://comptox.epa.gov/dashboard/chemical/details/DTXSID9051581,1-Bromodecane,112-29-8,C10H21Br,220.082664,9,209,4,Inactive,1.0011380217457069e-7,0.03123011623891667,0.03642936024281156,100,2
https://comptox.epa.gov/dashboard/chemical/details/DTXSID1051779,Ethylcyclohexane,1678-91-7,C8H16,112.125201,1,209,0,Inactive,-3.305272746882101e-17,-0.4487681214539546,0.5234798179061477,24.00001737798103,1.3802115561765451
https://comptox.epa.gov/dashboard/chemical/details/DTXSID3052060,Methyl 3-methoxypropionate,3852-09-3,C5H10O3,118.062994,9,205,4,Inactive,6.798711069912909e-7,0.19315053790622416,0.22530657499476384,100,2
https://comptox.epa.gov/dashboard/chemical/details/DTXSID0051996,3-Methyl-4-(methylthio)phenol,3120-74-9,C8H10OS,154.045236,40,227,18,Inactive,0.0000017759652497654368,0.08251922238758594,0.09625716588169599,100,2
https://comptox.epa.gov/dashboard/chemical/details/DTXSID8051542,Ethyl octanoate,106-32-1,C10H20O2,172.146330,1,206,0,Inactive,0,0.19270785339937213,0.2247901916021869,25.961562023679633,1.4143308190164803
https://comptox.epa.gov/dashboard/chemical/details/DTXSID5022271,4-(Diethylamino)salicylaldehyde,17754-90-4,C11H15NO2,193.110279,30,325,9,Inactive,0,-0.28881790670561935,0.336900813543649,23.39591197820984,1.3691399787602851
https://comptox.epa.gov/dashboard/chemical/details/DTXSID4051900,2-(Diethylamino)ethyl acrylate,2426-54-2,C9H17NO2,171.125929,21,207,10,Inactive,2.6652271838302914e-10,0.07281498549480832,0.08493735077296934,99.99999999999999,2
https://comptox.epa.gov/dashboard/chemical/details/DTXSID0021963,4-(Diethylamino)benzaldehyde,120-21-8,C11H15NO,177.115364,24,332,7,Inactive,6.867294414730201e-9,0.052588490413234726,0.06134351365308353,100,2
https://comptox.epa.gov/dashboard/chemical/details/DTXSID9051454,3-Methylstyrene,100-80-1,C9H10,118.078250,2,207,1,Inactive,-6.460625683020804e-9,-0.05703369559641677,0.06652876431729846,100,2
https://comptox.epa.gov/dashboard/chemical/details/DTXSID7051890,beta-Damascone,23726-91-2,C13H20O,192.151415,38,220,17,Inactive,-1.0929967964137528e-13,-0.03885414396734581,0.045322649351804134,100,2
https://comptox.epa.gov/dashboard/chemical/details/DTXSID6051560,"1,3,5-Trimethyl-1,3,5-triazacyclohexane",108-74-7,C6H15N3,129.126597,7,220,3,Inactive,1.5621795376968673e-9,0.11822989473699624,0.13791301299982395,100,2
https://comptox.epa.gov/dashboard/chemical/details/DTXSID2051477,4-Methylbenzyl chloride,104-82-5,C8H9Cl,140.039278,2,206,1,Inactive,1.6345148404924447e-7,0.20060230746849153,0.233998928098848,100,2
https://comptox.epa.gov/dashboard/chemical/details/DTXSID1025433,3-Hydroxypropanenitrile,109-78-4,C3H5NO,71.037114,1,211,0,Inactive,-9.523102561374173e-9,-0.04771244783676795,0.05565569903790626,100,2
https://comptox.epa.gov/dashboard/chemical/details/DTXSID8044385,(2E)-3-Phenylprop-2-enenitrile,1885-38-7,C9H7N,129.057849,3,207,1,Inactive,0,-0.1888048028085772,0.22023735436872166,0.34679411125908244,-0.4599282856750635
https://comptox.epa.gov/dashboard/chemical/details/DTXSID3044338,"2-(1-Chlorocyclopropyl)-1-(2-chlorophenyl)-3-(1H-1,2,4-triazol-1-yl)-2-propanol",120983-64-4,C14H15Cl2N3O,311.059217,47,328,14,Inactive,0.002978455688783,0.3720904383923366,0.43403670096523206,100,2
https://comptox.epa.gov/dashboard/chemical/details/DTXSID7025421,Benzohydroxamic acid,495-18-1,C7H7NO2,137.047678,40,440,9,Inactive,8.935812586624863e-14,0.3265167033826639,0.38087577138121237,0.07900000031107443,-1.1023729069994586
https://comptox.epa.gov/dashboard/chemical/details/DTXSID1051690,2-Methoxybenzaldehyde,135-02-4,C8H8O2,136.052429,2,207,1,Inactive,2.74099936756684e-14,0.015993310208007167,0.01865590427474948,100,2
https://comptox.epa.gov/dashboard/chemical/details/DTXSID6052740,"4,6-Dimethyldibenzothiophene",1207-12-1,C14H12S,212.065972,7,204,3,Inactive,-3.0940230090842923e-10,-0.026326222919946476,0.03070905824513706,100,2
https://comptox.epa.gov/dashboard/chemical/details/DTXSID9051662,"1,2-Dihydro-1-methyl-5H-tetrazole-5-thione",13183-79-4,C2H4N4S,116.015667,11,207,5,Inactive,0.0000069465182562766186,0.07230869810899972,0.08434677578365726,100,2
https://comptox.epa.gov/dashboard/chemical/details/DTXSID4051536,Hex-1-yn-3-ol,105-31-7,C6H10O,98.073165,3,211,1,Inactive,-7.032230256697685e-14,-0.14914199956346763,0.17397141873780217,100,2
https://comptox.epa.gov/dashboard/chemical/details/DTXSID8051629,Succinimide,123-56-8,C4H5NO2,99.032028,7,206,3,Inactive,0,0.2158596043884838,0.2517962863148038,0.6146277705056152,-0.21138782106486695
https://comptox.epa.gov/dashboard/chemical/details/DTXSID6042282,Phorate sulfone,2588-04-7,C7H17O4PS3,292.002660,20,329,6,Inactive,3.866668991078989e-8,0.13895272203194178,0.16208581258218394,100,2
https://comptox.epa.gov/dashboard/chemical/details/DTXSID1042443,Terbufos sulfone,56070-16-7,C9H21O4PS3,320.033960,25,318,8,Inactive,3.1616138628270607e-10,0.15328285874945408,0.17880165535450357,100,2
https://comptox.epa.gov/dashboard/chemical/details/DTXSID0051944,"N,N-Dimethylacrylamide",2680-03-7,C5H9NO,99.068414,1,218,0,Inactive,0.0000036810486360050735,0.2351774510059114,0.2743302015957435,100,2
https://comptox.epa.gov/dashboard/chemical/details/DTXSID5051525,"N,O-bis(Trimethylsilyl)acetamide",10416-59-8,C8H21NOSi2,203.116167,2,219,1,Inactive,0.00004364176968030638,0.3838546171625181,0.4477594006536097,100,2
https://comptox.epa.gov/dashboard/chemical/details/DTXSID9037616,Diketometribuzin,56507-37-0,C7H12N4O2,184.096026,1,204,0,Inactive,0.00015402557560494293,0.016645726584495386,0.019416936062962367,100,2
https://comptox.epa.gov/dashboard/chemical/details/DTXSID3052010,"1,1,3,3-Tetramethyldisiloxane",3277-26-7,C4H14OSi2,134.058318,1,205,0,Inactive,-0.00005054605942161757,-0.12969848093500239,0.15129090935111192,100,2
https://comptox.epa.gov/dashboard/chemical/details/DTXSID9052846,Methenamid ESA,NOCAS_52846,C11H17NO5S2,307.054815,1,85,1,Inactive,0.00013900462237431463,0.1534231619614791,0.1789653164889989,100,2
https://comptox.epa.gov/dashboard/chemical/details/DTXSID9051618,"N,N,3-Trimethylaniline",121-72-2,C9H13N,135.104799,1,218,0,Inactive,-4.9061706197875986e-14,-0.3557768956063794,0.4150072512366527,0.11353787029883719,-0.9448592563686444
https://comptox.epa.gov/dashboard/chemical/details/DTXSID0051738,Dysprosium(III) chloride hexahydrate,15059-52-6,Cl3DyH12O6,376.899130,6,207,3,Inactive,-5.2418307716263735e-11,-0.051070092184619484,0.0595723298496322,100,2
https://comptox.epa.gov/dashboard/chemical/details/DTXSID0051570,2-Chloroethyl vinyl ether,110-75-8,C4H7ClO,106.018542,1,214,0,Inactive,-9.36423716964134e-9,-0.08638664767470025,0.10076844684903616,99.99999999999999,2
https://comptox.epa.gov/dashboard/chemical/details/DTXSID4038346,trans-Chlordane,5103-74-2,C10H6Cl8,405.797772,2,206,1,Inactive,-2.552592384730212e-10,-0.007288239766589793,0.008501598583940924,100,2
https://comptox.epa.gov/dashboard/chemical/details/DTXSID9057890,Anti-OP-18/Stathmin antibody produced in rabbit,NOCAS_57890,, ,0,203,0,Inactive,0,-0.20348046759411487,0.23735624932207716,24.378361798453724,1.387004518107793
https://comptox.epa.gov/dashboard/chemical/details/DTXSID5049073,Vatalanib dihydrochloride,212141-51-0,C20H17Cl3N4,418.051880,50,293,17,Inactive,0,0.23663659142744414,0.2760322622494476,0.034600000031988126,-1.4609239008057129
https://comptox.epa.gov/dashboard/chemical/details/DTXSID5052884,"1,2,3-Hexanetriol",90325-47-6,C6H14O3,134.094294,1,205,0,Inactive,-7.575195554362442e-14,-0.11393687293426369,0.13290528146960617,6.824229215096352,0.8340536056711438
https://comptox.epa.gov/dashboard/chemical/details/DTXSID0051736,Cyclopropanecarboxaldehyde,1489-69-6,C4H6O,70.041865,2,205,1,Inactive,-1.1701052060302518e-16,-0.2231020885643197,0.26024451183775626,24.05071581145123,1.3811280066282339
https://comptox.epa.gov/dashboard/chemical/details/DTXSID7051474,Tributyl phosphite,102-85-2,C12H27O3P,250.169782,12,210,6,Inactive,0.000017074312443619703,0.17721600093119994,0.2067192286229242,100,2
https://comptox.epa.gov/dashboard/chemical/details/DTXSID1025512,Malachite green,569-64-2,C23H25ClN2,364.170627,210,326,64,Inactive,0,0.5437295499646246,0.6342505900006931,1.3538938472163025,0.1315846145888149
https://comptox.epa.gov/dashboard/chemical/details/DTXSID5051999,C.I. Disperse Orange 25,31482-56-1,C17H17N5O2,323.138225,5,208,2,Inactive,6.4563963006114914e-9,0.4572949001805485,0.5334261495677236,0.0844301376727658,-1.073502502560562
https://comptox.epa.gov/dashboard/chemical/details/DTXSID6024838,C.I. Solvent Red 80,6358-53-8,C18H16N2O3,308.116092,111,332,33,Inactive,0,-0.28094905146063287,0.3277219376078323,25.698121097485743,1.4099013713148039
https://comptox.epa.gov/dashboard/chemical/details/DTXSID5052672,(L)-alpha-Terpineol,10482-56-1,C10H18O,154.135765,1,204,0,Inactive,-1.1765051133757828e-7,-0.1600433030442353,0.1866875901596117,100,2
https://comptox.epa.gov/dashboard/chemical/details/DTXSID2023567,Rofecoxib,162011-90-7,C17H14O4S,314.061280,6,276,2,Inactive,0.009157366952960095,0.4311349414340986,0.5029110354445182,50,1.6989700043360187
https://comptox.epa.gov/dashboard/chemical/details/DTXSID0051499,4-Vinylpyridine,100-43-6,C7H7N,105.057849,36,207,17,Inactive,-6.091521640267482e-8,-0.4150723113475109,0.48417427079738073,49.344634364042,1.6932399352674978
https://comptox.epa.gov/dashboard/chemical/details/DTXSID9044403,Phenyl carbonochloridate,1885-14-9,C7H5ClO2,155.997807,5,314,2,Inactive,0,-0.24868587027947647,0.29008752597657367,0.6126886802719835,-0.21276014340042335
https://comptox.epa.gov/dashboard/chemical/details/DTXSID6051778,Digoxigenin,1672-46-4,C23H34O5,390.240624,75,221,34,Inactive,6.5810854367577906e-18,0.20387238609800598,0.23781341509933038,2.4906703518054205,0.39631625107500906
https://comptox.epa.gov/dashboard/chemical/details/DTXSID4052186,4-Iodophenol,540-38-5,C6H5IO,219.938510,15,223,7,Inactive,1.1434598349666153e-15,0.26187677999166836,0.3054744812526809,5.414648476518418,0.7335702671176156
https://comptox.epa.gov/dashboard/chemical/details/DTXSID4047620,2-Methylpyrazine,109-08-0,C5H6N2,94.053098,3,317,1,Inactive,0.00005000401653195607,0.25469552858994143,0.29709768264244363,100,2
https://comptox.epa.gov/dashboard/chemical/details/DTXSID9051907,2-Isobutyl-3-methoxypyrazine,24683-00-9,C9H14N2O,166.110613,1,204,0,Inactive,1.217815652670877e-7,0.049230524114686744,0.05742650729174991,100,2
https://comptox.epa.gov/dashboard/chemical/details/DTXSID1051850,Scandium chloride hexahydrate,20662-14-0,Cl3H12O6Sc,257.925854,2,209,1,Inactive,-6.283323054472008e-11,-0.2818929157443453,0.32882293805716256,0.1512558357425506,-0.8202878604315577
https://comptox.epa.gov/dashboard/chemical/details/DTXSID4052558,Quinalizarin,81-61-8,C14H8O6,272.032088,16,194,8,Inactive,0,-0.2699587314954535,0.31490193008264833,0.8965421652594194,-0.04742928032503519
https://comptox.epa.gov/dashboard/chemical/details/DTXSID9051824,2-Aminobenzonitrile,1885-29-6,C7H6N2,118.053098,6,208,3,Inactive,0.00009839553649389097,0.23014822620832254,0.26846370271716613,100,2
https://comptox.epa.gov/dashboard/chemical/details/DTXSID0051863,Chromic acetylacetonate,21679-31-2,C15H21CrO6,349.074319,3,205,1,Inactive,1.1443032221999877e-9,0.04238876900638017,0.049445724907628934,100.00000000000001,2
https://comptox.epa.gov/dashboard/chemical/details/DTXSID4052132,"2,3-Dihydro-1H-indene",496-11-7,C9H10,118.078250,1,207,0,Inactive,2.400469224331407e-15,0.25747411314907315,0.30033885078589057,0.08228281206260718,-1.084690874459033
https://comptox.epa.gov/dashboard/chemical/details/DTXSID4038899,Tetrabutyl ethylidenebisphenol,35958-30-6,C30H46O2,438.349781,28,313,9,Inactive,7.192379061282616e-7,0.13897166427532087,0.16210790836314695,100,2
https://comptox.epa.gov/dashboard/chemical/details/DTXSID4051619,4-Chlorobenzoyl chloride,122-01-0,C7H4Cl2O,173.963920,7,209,3,Inactive,-4.864474805228004e-9,-0.07685766141742643,0.08965305840605449,100,2
https://comptox.epa.gov/dashboard/chemical/details/DTXSID6029171,Cyclopentene,142-29-0,C5H8,68.062600,8,219,4,Inactive,-2.874160741401724e-18,-0.1227909752114636,0.143233430075114,58.29176001385099,1.7656071682507222
https://comptox.epa.gov/dashboard/chemical/details/DTXSID6037483,Acetochlor ESA,187022-11-3,C14H21NO5S,315.114044,1,209,0,Inactive,0,-0.08356758903870587,0.09748006643409952,1.7036711732381042,0.2313857750380705
https://comptox.epa.gov/dashboard/chemical/details/DTXSID0020280,1-Chloro-2-nitrobenzene,88-73-3,C6H4ClNO2,156.993056,0,331,0,Inactive,0,-0.2432840778419999,0.28378643375020174,6.291199063127895,0.7987334271418087
https://comptox.epa.gov/dashboard/chemical/details/DTXSID5044605,"1,4-Bis(butylamino)anthracene-9,10-dione",17354-14-2,C22H26N2O2,350.199428,17,321,5,Inactive,0,-0.1181112931139893,0.13777466637258604,0.020600000086408145,-1.686132777809168
https://comptox.epa.gov/dashboard/chemical/details/DTXSID2028985,"2-(2H-Benzotriazol-2-yl)-4,6-bis(1-methyl-1-phenylethyl)phenol",70321-86-7,C30H29N3O,447.231063,3,328,1,Inactive,-8.014229852258623e-15,-0.1261067355250029,0.14710120392573514,0.26889650304385326,-0.5704148456704627
https://comptox.epa.gov/dashboard/chemical/details/DTXSID1026902,"N,N,N-Trimethyloctadecan-1-aminium chloride",112-03-8,C21H46ClN,347.331878,296,447,66,Active,0.9998472021693297,1.6881709256917639,1.9692205540634664,14.49155188908572,1.1611148962218534
https://comptox.epa.gov/dashboard/chemical/details/DTXSID1027556,Calcium propionate,4075-81-4,C6H10CaO4,186.020500,2,328,1,Inactive,-0.00001222799439079569,-0.17880248408470484,0.20856983224783682,25,1.3979400086720377
https://comptox.epa.gov/dashboard/chemical/details/DTXSID9041520,4-Methylbenzaldehyde,104-87-0,C8H8O,120.057515,0,206,0,Inactive,9.037064441111315e-8,0.01621453662922929,0.018913960854887533,50.00000000000001,1.6989700043360187
https://comptox.epa.gov/dashboard/chemical/details/DTXSID2035013,Zinc chloride,7646-85-7,Cl2Zn,133.866847,45,346,13,Inactive,7.276446638068269e-8,0.029763187520790962,0.03471821468336805,139.5,2.144574207609616
https://comptox.epa.gov/dashboard/chemical/details/DTXSID2020927,Nickel bis(dibutyldithiocarbamate),13927-77-0,C18H36N2NiS4,466.111476,6,436,1,Inactive,0,-0.1584228377747556,0.1847973470170236,13.030287638450611,1.1149540026974731
https://comptox.epa.gov/dashboard/chemical/details/DTXSID5020603,Nabam-sodium,142-59-6,C4H6N2Na2S4,255.920921,10,335,3,Inactive,0,-0.3565387241590027,0.41589591033015266,6.4645412502996615,0.8105377110366092
https://comptox.epa.gov/dashboard/chemical/details/DTXSID9047546,"1,3,5-Undecatriene",16356-11-9,C11H18,150.140851,20,310,6,Inactive,-4.555310545454019e-9,-0.12417574008579944,0.14484873301131984,25,1.3979400086720377
https://comptox.epa.gov/dashboard/chemical/details/DTXSID7040734,2-Ethylhexyl salicylate,118-60-5,C15H22O3,250.156895,38,455,8,Inactive,-0.000121102992074217,-0.10186859070104504,0.11882785064538152,50,1.6989700043360187
https://comptox.epa.gov/dashboard/chemical/details/DTXSID2025139,Benzalkonium chloride C18 (BAC C18),122-19-0,C27H50ClN,423.363178,280,460,61,Inactive,7.500669695742602e-7,0.5558478284612036,0.6483863405530549,83.48262864700322,1.9215961153923993
https://comptox.epa.gov/dashboard/chemical/details/DTXSID2032342,Chinomethionate,2439-01-2,C10H6N2OS2,233.992155,90,314,29,Inactive,0,0.17903016921350035,0.20883542279240502,2.450341586598878,0.38922663082750997
https://comptox.epa.gov/dashboard/chemical/details/DTXSID5040706,C.I. Solvent Orange 7,3118-97-6,C18H16N2O,276.126263,56,315,18,Inactive,-0.0000875602332074939,-0.11115430343276449,0.1296594649636638,50,1.6989700043360187
https://comptox.epa.gov/dashboard/chemical/details/DTXSID1047520,"1,1-Dimethoxyoctane",10022-28-3,C10H22O2,174.161980,1,204,0,Inactive,5.442636468504984e-15,0.3686925217139152,0.4300730932153826,12.222483134524802,1.0871594466650312
https://comptox.epa.gov/dashboard/chemical/details/DTXSID7021996,Sodium propionate,137-40-6,C3H5NaO2,96.018724,2,328,1,Inactive,0,-0.0768455721951779,0.08963895654908483,0.020600000416407277,-1.6861327708520417
https://comptox.epa.gov/dashboard/chemical/details/DTXSID6044563,"6H-Dibenzo[c,e][1,2]oxaphosphinine 6-oxide",35948-25-5,C12H9O2P,216.034017,3,326,1,Inactive,2.383446464420054e-11,0.11191688434606104,0.13054900167214886,100,2
https://comptox.epa.gov/dashboard/chemical/details/DTXSID9047049,trans-beta-Farnesene,18794-84-8,C15H24,204.187801,12,311,4,Inactive,0,-0.11711067665983216,0.1366074655528865,0.0434229751380415,-1.3622804240467419
https://comptox.epa.gov/dashboard/chemical/details/DTXSID0051447,Tyrphostin AG 1478,153436-53-4,C16H14ClN3O2,315.077454,32,227,14,Inactive,-8.827795324832684e-7,-0.08847757022012505,0.10320746981213925,25,1.3979400086720377
https://comptox.epa.gov/dashboard/chemical/details/DTXSID0025527,Medroxyprogesterone acetate,71-58-9,C24H34O4,386.245710,75,465,16,Active,0.999991133117362,3.3691671162784504,3.9300719106577313,0.033693670610095545,-1.4724516741220552
https://comptox.epa.gov/dashboard/chemical/details/DTXSID6029202,"Dimethyl 2,6-naphthalenedicarboxylate",840-65-3,C14H12O4,244.073559,12,327,4,Inactive,0.000008206043078814734,0.19712814964994843,0.22994638645142448,50,1.6989700043360187
https://comptox.epa.gov/dashboard/chemical/details/DTXSID6023810,Benzethonium chloride,121-54-0,C27H42ClNO2,447.290407,287,466,62,Inactive,-0.000012383713323001664,-0.121070462388457,0.14122648328848691,8.35,0.921686475483602
https://comptox.epa.gov/dashboard/chemical/details/DTXSID1026293,D&C Violet 2,81-48-1,C21H15NO3,329.105193,12,435,3,Inactive,0.0000010293436273666473,0.27083835395736366,0.31592799362008284,25,1.3979400086720377
https://comptox.epa.gov/dashboard/chemical/details/DTXSID6023600,Strychnine,57-24-9,C21H22N2O2,334.168128,1,169,1,Inactive,0.0004157499589150857,0.08667542926586394,0.10110530530116338,24.999999999999996,1.3979400086720375
https://comptox.epa.gov/dashboard/chemical/details/DTXSID4029149,Methyl hexadecanoate,112-39-0,C17H34O2,270.255880,1,328,0,Inactive,-0.000009360546164399128,-0.221759920957702,0.2586788978363975,25,1.3979400086720377
https://comptox.epa.gov/dashboard/chemical/details/DTXSID2040733,Triphenyltin chloride,639-58-7,C18H15ClSn,385.988430,245,386,63,Inactive,0.000102260198316441,0.06937641554946451,0.080926321729698,0.925,-0.03385826726096737
https://comptox.epa.gov/dashboard/chemical/details/DTXSID3044918,"1,3,5-Tribromo-2-(prop-2-en-1-yloxy)benzene",3278-89-5,C9H7Br3O,367.804704,85,433,20,Inactive,-6.103021737868718e-16,-0.7418460936243462,0.8653499200136593,24.669625630776746,1.3921625589862299
https://comptox.epa.gov/dashboard/chemical/details/DTXSID7027835,"Potassium (E,E)-hexa-2,4-dienoate",24634-61-5,C6H7KO2,150.008311,4,328,1,Inactive,-1.7139847228356382e-10,-0.08687849367075327,0.1013421762209388,25,1.3979400086720377
https://comptox.epa.gov/dashboard/chemical/details/DTXSID8047218,"Sodium bisulfite, mixture of NaHSO3 and Na2S2O5",NOCAS_47218,, ,2,204,1,Inactive,0,-0.3953683420421522,0.4611899504526572,6.196077043771517,0.7921168092609596
https://comptox.epa.gov/dashboard/chemical/details/DTXSID2025210,C.I. Disperse Red 60,17418-58-5,C20H13NO4,331.084458,54,321,17,Inactive,-0.000012363385674492592,-0.22928148266309778,0.26745266220083985,50,1.6989700043360187
https://comptox.epa.gov/dashboard/chemical/details/DTXSID7031458,Indole-3-carbinol,700-06-1,C9H9NO,147.068414,92,466,20,Inactive,0,-0.11817916298238493,0.13785383533457457,0.0823000021272001,-1.0846001535625631
https://comptox.epa.gov/dashboard/chemical/details/DTXSID9036438,Bumetrizole,3896-11-5,C17H18ClN3O,315.113840,8,441,2,Inactive,-0.000014227673647931369,-0.05065103115795295,0.05908350281526035,25,1.3979400086720377
https://comptox.epa.gov/dashboard/chemical/details/DTXSID6027395,Sorbitan monododecanoate,1338-39-2,, ,0,161,0,Inactive,-6.792345115698439e-8,-0.1731322475978887,0.20195560494045472,50,1.6989700043360187
https://comptox.epa.gov/dashboard/chemical/details/DTXSID8021141,"1,4-Benzenediamine dihydrochloride",624-18-0,C6H10Cl2N2,180.022104,22,318,7,Inactive,2.039983615427941e-12,0.12214877167671764,0.1424843113802782,0.923025283818222,-0.034786402471009455
https://comptox.epa.gov/dashboard/chemical/details/DTXSID9029225,Trimethylenediaminetetraacetic acid,1939-36-2,C11H18N2O8,306.106316,10,203,5,Inactive,-1.9762989266433455e-8,-0.4074362682258423,0.4752669659516093,13.24721009270462,1.1221244240145374
https://comptox.epa.gov/dashboard/chemical/details/DTXSID8047890,"3,3'-Dimethylbisphenol A",79-97-0,C17H20O2,256.146330,200,466,43,Inactive,0.0015052848253061363,0.3139015745477022,0.3661604539830136,50,1.6989700043360187
https://comptox.epa.gov/dashboard/chemical/details/DTXSID3042508,Uric acid,69-93-2,C5H4N4O3,168.028340,0,164,0,Inactive,-6.568878822493258e-8,-0.3875048727028033,0.452017357077405,50,1.6989700043360187
https://comptox.epa.gov/dashboard/chemical/details/DTXSID2052603,"2,4-Dichlorobenzoyl chloride",89-75-8,C7H3Cl3O,207.924948,26,207,13,Inactive,0,0.12952408111691943,0.15108747514835003,25.161880864740244,1.4007431017433094
https://comptox.epa.gov/dashboard/chemical/details/DTXSID4027280,Octadecanenitrile,638-65-3,C18H35N,265.276950,0,326,0,Inactive,-3.1185215684039664e-8,-0.023285812165105915,0.0271624746260795,50,1.6989700043360187
https://comptox.epa.gov/dashboard/chemical/details/DTXSID2023434,Pentetic acid,67-43-6,C14H23N3O10,393.138344,15,331,5,Inactive,0.00006440414876632002,0.32362416890732804,0.37750168274155965,50,1.6989700043360187
https://comptox.epa.gov/dashboard/chemical/details/DTXSID0047400,5-Isopropyl-2-methylanisole,6379-73-3,C11H16O,164.120115,5,202,2,Inactive,0,-0.36700258502794636,0.4281018129342037,6.365014279126898,0.8037993822770367
https://comptox.epa.gov/dashboard/chemical/details/DTXSID7052577,"2,3-Dichloro-5,6-dicyano-p-benzoquinone",84-58-2,C8Cl2N2O2,225.933683,17,211,8,Inactive,0.000023655979992377554,0.33386121463962126,0.38944300963099115,100.00000000000001,2
https://comptox.epa.gov/dashboard/chemical/details/DTXSID9024809,3-Chloro-1-propanol,627-30-5,C3H7ClO,94.018542,0,207,0,Inactive,0,0.2004227882381447,0.23378952219517518,0.08230000167657787,-1.084600155940482
https://comptox.epa.gov/dashboard/chemical/details/DTXSID9052509,4-Hydroxybenzonitrile,767-00-0,C7H5NO,119.037114,1,211,0,Inactive,-0.0020830782679355005,-0.037466687347787964,0.04370420654395567,100.00000000000001,2
https://comptox.epa.gov/dashboard/chemical/details/DTXSID2044717,Dimethoxy(diphenyl)silane,6843-66-9,C14H16O2Si,244.091956,66,315,21,Inactive,0.00013238483172079728,0.33833711087335766,0.3946640608451727,100,2
https://comptox.epa.gov/dashboard/chemical/details/DTXSID8025961,Propionic acid,79-09-4,C3H6O2,74.036779,1,214,0,Inactive,8.171614686472953e-10,0.07378616424462742,0.08607021304817394,100,2
https://comptox.epa.gov/dashboard/chemical/details/DTXSID9040215,Dimethyl (3-((hydroxymethyl)amino)-3-oxopropyl)phosphonate,20120-33-6,C6H14NO5P,211.060960,6,325,2,Inactive,0,0.11439303832475242,0.13343739006674643,0.08230000095799336,-1.0846001597324297
https://comptox.epa.gov/dashboard/chemical/details/DTXSID8052308,6-Methyluracil,626-48-2,C5H6N2O2,126.042927,1,206,0,Inactive,1.3178532240264973e-7,0.18048389383026353,0.21053116600875324,100,2
https://comptox.epa.gov/dashboard/chemical/details/DTXSID4052342,Thymine,65-71-4,C5H6N2O2,126.042927,5,209,2,Inactive,-3.9093369771362696e-8,-0.009378411996806287,0.010939746318056397,100,2
https://comptox.epa.gov/dashboard/chemical/details/DTXSID7052446,"2,3,5-Trimethylhydroquinone",700-13-0,C9H12O2,152.083730,24,255,9,Inactive,-0.000059525552854716675,-0.487357117056626,0.5684931765329151,100,2
https://comptox.epa.gov/dashboard/chemical/details/DTXSID2044476,(S)-(-)-Citronellal,5949-05-3,C10H18O,154.135765,3,206,1,Inactive,3.1450711970846683e-8,0.39450251733314323,0.4601799817419961,100,2
https://comptox.epa.gov/dashboard/chemical/details/DTXSID0041220,"cis-1,2,3,6-Tetrahydrophthalimide",1469-48-3,C8H9NO2,151.063329,16,329,5,Inactive,0,0.22755739824933302,0.2654415492188207,33.29955608743741,1.5224384440149865
https://comptox.epa.gov/dashboard/chemical/details/DTXSID8034372,Cloransulam-methyl,147150-35-4,C15H13ClFN5O5S,429.030996,9,314,3,Inactive,6.832395925453551e-7,0.340967929010193,0.397732862155642,181.33700092253045,2.258486428789046
https://comptox.epa.gov/dashboard/chemical/details/DTXSID0052542,2-Methylpropanoyl chloride,79-30-1,C4H7ClO,106.018542,0,207,0,Inactive,0.00019930690224318696,0.27596124247176157,0.32190374951375467,99.99999999999999,2
https://comptox.epa.gov/dashboard/chemical/details/DTXSID6052291,1-Methylimidazole,616-47-7,C4H6N2,82.053098,0,210,0,Inactive,1.2808037954536053e-19,0.40917625100397115,0.47729662408531026,11.344354634842439,1.0547797944916533
https://comptox.epa.gov/dashboard/chemical/details/DTXSID7052529,2-Methoxy-4-vinylphenol,7786-61-0,C9H10O2,150.068080,17,213,8,Inactive,-0.000023697757785356204,-0.05059969800620765,0.05902362363123739,100,2
https://comptox.epa.gov/dashboard/chemical/details/DTXSID6041503,Tralopyril,122454-29-9,C12H5BrClF3N2,347.927673,171,331,52,Inactive,0,0.3600171699608061,0.4199534538317387,25.454331642607848,1.405761698201561
https://comptox.epa.gov/dashboard/chemical/details/DTXSID7052311,1-Ethoxybutane,628-81-9,C6H14O,102.104465,3,206,1,Inactive,-1.7941275760263187e-8,-0.010665973098076246,0.012441662828195574,100,2
https://comptox.epa.gov/dashboard/chemical/details/DTXSID9041570,Chloroacetamide,79-07-2,C2H4ClNO,92.998142,11,314,4,Inactive,0,0.2627381648123408,0.3064792709146823,25.617699910548815,1.4085401339567114
https://comptox.epa.gov/dashboard/chemical/details/DTXSID2023309,Metoprolol,51384-51-1,C15H25NO3,267.183444,8,292,3,Inactive,-0.00000371167733065146,-0.2265163106709603,0.2642271395718404,100,2
https://comptox.epa.gov/dashboard/chemical/details/DTXSID1052610,"N,N-Diethyl-m-toluidine",91-67-8,C11H17N,163.136100,5,210,2,Inactive,0,-0.2223671910311492,0.2593872672866117,2.8077640012798804,0.4483606015884152
https://comptox.epa.gov/dashboard/chemical/details/DTXSID1032305,(Z)-Dichloropropene,10061-01-5,C3H4Cl2,109.969005,1,213,0,Inactive,0,-0.278726335897386,0.3251291804963515,25.487675417212113,1.4063302277990495
https://comptox.epa.gov/dashboard/chemical/details/DTXSID9022104,2-Decanone,693-54-9,C10H20O,156.151415,1,213,0,Inactive,0,-0.09294019671768135,0.10841304212140948,2.537998607807258,0.40449137953102976
https://comptox.epa.gov/dashboard/chemical/details/DTXSID8052300,Ethyl glycinate hydrochloride,623-33-6,C4H10ClNO2,139.040006,1,207,0,Inactive,4.6859621436576395e-7,0.03676968751340753,0.042891168966331016,100,2
https://comptox.epa.gov/dashboard/chemical/details/DTXSID5049075,Ximelagatran,192939-46-1,C24H35N5O5,473.263819,5,272,2,Inactive,5.770578387197328e-9,0.07989284915225317,0.09319354946765299,5,0.6989700043360189
https://comptox.epa.gov/dashboard/chemical/details/DTXSID3052511,Trityl chloride,76-83-5,C19H15Cl,278.086228,17,211,8,Inactive,1.1253856543939326e-12,0.07906648221669592,0.09222960752911323,99.99999999999999,2
https://comptox.epa.gov/dashboard/chemical/details/DTXSID1052587,Methyl 2-methylbutyrate,868-57-5,C6H12O2,116.083730,3,212,1,Inactive,0.0000014934614855288108,0.5199714738072575,0.6065372280525115,0.08756383730704051,-1.0576752146148805
https://comptox.epa.gov/dashboard/chemical/details/DTXSID8052724,3-Chloro-7-hydroxy-4-methyl-2-benzopyrone,6174-86-3,C10H7ClO3,210.008372,38,209,18,Inactive,-0.00002122997672933168,-0.5969576673045293,0.6963402167823477,100,2
https://comptox.epa.gov/dashboard/chemical/details/DTXSID6052536,Dibutyl butylphosphonate,78-46-6,C12H27O3P,250.169782,17,208,8,Inactive,6.222405820819567e-8,0.20535399087289558,0.23954168001096285,100,2
https://comptox.epa.gov/dashboard/chemical/details/DTXSID2022462,3-Phenylphenol,580-51-8,C12H10O,170.073165,80,328,24,Inactive,0.00006306272061814046,0.5643491634041009,0.6583029925056239,169.45623261979833,2.229057546868337
https://comptox.epa.gov/dashboard/chemical/details/DTXSID8034538,Diflufenzopyr,109293-97-2,C15H12F2N4O3,334.087747,8,215,4,Inactive,0.0004592977743892376,0.2468318965093627,0.28792489943251887,100,2
https://comptox.epa.gov/dashboard/chemical/details/DTXSID8034241,"2,4-D, isopropylamine salt",5742-17-6,C11H15Cl2NO3,279.042899,0,206,0,Inactive,2.138642721295084e-11,0.21305895078202416,0.24852937503069175,100,2
https://comptox.epa.gov/dashboard/chemical/details/DTXSID3032670,(R)-2-(4-Chloro-2-methylphenoxy)propionate,16484-77-8,C10H11ClO3,214.039672,3,215,1,Inactive,8.416918144033192e-12,0.09455165782791218,0.11029278207667506,100,2
https://comptox.epa.gov/dashboard/chemical/details/DTXSID7024166,"2,5-Furandione",108-31-6,C4H2O3,98.000394,0,337,0,Inactive,7.620492468778865e-8,0.14098935832479764,0.16446151162308525,99.99999999999999,2
https://comptox.epa.gov/dashboard/chemical/details/DTXSID0052629,Hydratropaldehyde,93-53-8,C9H10O,134.073165,8,210,4,Inactive,-1.130311864775443e-10,-0.39048478487351057,0.4554933702029456,0.08548407600825784,-1.0681147782055431
https://comptox.epa.gov/dashboard/chemical/details/DTXSID7052573,"2,6-Dibromo-4-nitroaniline",827-94-1,C6H4Br2N2O2,293.863953,14,219,6,Inactive,3.743411993486062e-9,0.15031246358431274,0.17533674364214827,100,2
https://comptox.epa.gov/dashboard/chemical/details/DTXSID8024153,"Indeno[1,2,3-cd]pyrene",193-39-5,C22H12,276.093900,56,321,17,Inactive,-5.78084142716493e-10,-0.01623732912232682,0.01894054788183068,50,1.6989700043360187
https://comptox.epa.gov/dashboard/chemical/details/DTXSID6052538,Diethoxy(dimethyl)silane,78-62-6,C6H16O2Si,148.091956,0,205,0,Inactive,6.844879399751599e-14,0.365925834494203,0.42684580310108955,167.19722142909518,2.2232290558300405
https://comptox.epa.gov/dashboard/chemical/details/DTXSID5052597,Diethyl L-tartrate,87-91-2,C8H14O6,206.079038,4,204,2,Inactive,0.0003010021417361437,0.2703265347232266,0.31533096583072273,99.99999999999999,2
https://comptox.epa.gov/dashboard/chemical/details/DTXSID1052294,"2,2-Diethoxyacetophenone",6175-45-7,C12H16O3,208.109944,6,207,3,Inactive,0,-0.07151858770946828,0.08342512643224516,0.3604687692460603,-0.4431323562750484
https://comptox.epa.gov/dashboard/chemical/details/DTXSID6052328,2-Isopropylaniline,643-28-7,C9H13N,135.104799,7,206,3,Inactive,-1.7104998362331516e-12,-0.24276994030153976,0.28318670169885457,4.082638655443206,0.6109409432608313
https://comptox.epa.gov/dashboard/chemical/details/DTXSID9021710,Benzyl trialkyl ammonium compound C2:C2:C2 (BTAAC C2:C2:C2),56-37-1,C13H22ClN,227.144077,4,314,1,Inactive,3.3545618791731175e-7,0.16580592817571743,0.19340958713371978,100,2
https://comptox.epa.gov/dashboard/chemical/details/DTXSID3032541,Diiodomethyl 4-methylphenyl sulfone,20018-09-1,C8H8I2O2S,421.833440,223,318,70,Inactive,-0.006425928291561456,-0.5656032103751816,0.6597658153949596,33.35,1.523095838252568
https://comptox.epa.gov/dashboard/chemical/details/DTXSID1024837,Citral diethyl acetal,7492-66-2,C14H26O2,226.193280,77,314,25,Inactive,1.2340399839158757e-7,0.03236665081085813,0.03775510706465885,100,2
https://comptox.epa.gov/dashboard/chemical/details/DTXSID8024238,Oryzalin,19044-88-3,C12H18N4O6S,346.094705,336,815,41,Inactive,0,-0.19623578782438866,0.22890546267894937,2.792477188402361,0.44598963407361175
https://comptox.epa.gov/dashboard/chemical/details/DTXSID3044415,"N,N'-1,3-Phenylenedimaleimide",3006-93-7,C14H8N2O4,268.048407,75,204,37,Inactive,-7.610272363164405e-8,-0.09294409739564781,0.10841759219101998,33.35,1.523095838252568
https://comptox.epa.gov/dashboard/chemical/details/DTXSID0051497,"2,3-Dihydro-4-methyl-1-phenyl-1H-phosphole 1-oxide",707-61-9,C11H13OP,192.070402,1,205,0,Inactive,3.2891928854953634e-12,0.08351844305603656,0.09742273854285984,100,2
https://comptox.epa.gov/dashboard/chemical/details/DTXSID8032671,Metalaxyl-M,70630-17-0,C15H21NO4,279.147058,4,321,1,Inactive,-7.977740234545159e-9,-0.14174034463356777,0.1653375234371404,99.99999999999999,2
https://comptox.epa.gov/dashboard/chemical/details/DTXSID4052502,"Diphenyl(2,4,6-trimethylbenzoyl)phosphine oxide",75980-60-8,C22H21O2P,348.127917,90,215,42,Inactive,-0.9948085867326558,-1.4817609688381808,1.7284471090209446,49.734629239880455,1.6966588847252329
https://comptox.epa.gov/dashboard/chemical/details/DTXSID4022313,"o,p'-DDE",3424-82-6,C14H8Cl4,315.938011,145,331,44,Inactive,1.1303943561152645e-7,0.17491876522214286,0.20403954512230352,100,2
https://comptox.epa.gov/dashboard/chemical/details/DTXSID1052539,1-Bromo-2-methylpropane,78-77-3,C4H9Br,135.988763,0,205,0,Inactive,0.0000021982943171597977,0.046437807384544096,0.05416885422891192,100,2
https://comptox.epa.gov/dashboard/chemical/details/DTXSID0052621,"1,2-Dimethoxy-4-(1-propen-1-yl)benzene",93-16-3,C11H14O2,178.099380,9,223,4,Inactive,-3.2391892716607397e-7,-0.12091016263997274,0.14103949655940493,100,2
https://comptox.epa.gov/dashboard/chemical/details/DTXSID6052295,Furfurylamine,617-89-0,C5H7NO,97.052764,4,207,2,Inactive,-0.0022421027832662957,-0.17426087652367458,0.20327212997044092,100,2
https://comptox.epa.gov/dashboard/chemical/details/DTXSID5052254,"3,5-Dimethylpyridine",591-22-0,C7H9N,107.073499,5,213,2,Inactive,-3.350245783298379e-7,-0.06232920472629696,0.07270587900639174,100,2
https://comptox.epa.gov/dashboard/chemical/details/DTXSID0028618,Diethylmethylbenzenediamine,68479-98-1,C11H18N2, ,13,313,4,Inactive,8.372545209552958e-7,0.1647504167430728,0.19217835232415154,100,2
https://comptox.epa.gov/dashboard/chemical/details/DTXSID3040300,4-Chlorobiphenyl,2051-62-9,C12H9Cl,188.039278,19,317,6,Inactive,-1.9525855928376188e-16,-0.584894582640364,0.6822688488275016,26.203402782727185,1.4183576926099342
https://comptox.epa.gov/dashboard/chemical/details/DTXSID8020880,4-(Methylnitrosamino)-1-(3-pyridyl)-1-butanol,76014-81-8,C10H15N3O2,209.116427,2,204,1,Inactive,1.0330789695269014e-17,0.28996328867231563,0.33823688068989943,0.08921269264324645,-1.0495733524313597
https://comptox.epa.gov/dashboard/chemical/details/DTXSID2050403,1-Ethyl-2-methylbenzene,611-14-3,C9H12,120.093900,2,208,1,Inactive,2.2380833635589684e-9,0.07595156827035993,0.08859611729781436,100,2
https://comptox.epa.gov/dashboard/chemical/details/DTXSID7024904,C.I. Solvent Red 72,596-03-2,C20H10Br2O5,487.889499,85,311,27,Inactive,-1.9583341435436683e-13,-0.20522057054944748,0.23938604764029153,0.09505811454642601,-1.022010804076646
https://comptox.epa.gov/dashboard/chemical/details/DTXSID3024364,Cresol,1319-77-3,C7H8O, ,5,197,3,Inactive,2.2097804236836105e-12,0.18844510314771343,0.219817771283453,100,2
https://comptox.epa.gov/dashboard/chemical/details/DTXSID6052619,4'-Acetylbiphenyl,92-91-1,C14H12O,196.088815,22,221,10,Inactive,1.327507230100972e-10,0.16692135811824318,0.1947107157907836,100.00000000000001,2
https://comptox.epa.gov/dashboard/chemical/details/DTXSID0028323,"Alcohols, C16-18",67762-27-0,, ,1,203,0,Inactive,-1.884194061989591e-13,-0.06287917100520114,0.07334740462680019,25,1.3979400086720377
https://comptox.epa.gov/dashboard/chemical/details/DTXSID4052550,Methyl toluene-4-sulfonate,80-48-8,C8H10O3S,186.035065,0,206,0,Inactive,0,-0.1572453471725494,0.18342382573384497,5.425472293813893,0.734437550017197
https://comptox.epa.gov/dashboard/chemical/details/DTXSID2031374,Glycidamide,5694-00-8,C3H5NO2,87.032028,0,203,0,Inactive,-0.009535477264310623,-0.5644552260862872,0.6584267126873908,100,2
https://comptox.epa.gov/dashboard/chemical/details/DTXSID6052299,Cyclohexyl acetate,622-45-7,C8H14O2,142.099380,1,206,0,Inactive,0.00004925625365481252,0.08305632595305863,0.09688368738179598,100,2
https://comptox.epa.gov/dashboard/chemical/details/DTXSID7052319,4-Chloro-3-nitroaniline,635-22-3,C6H5ClN2O2,172.003955,12,208,6,Inactive,-3.780690559825469e-13,-0.4019850553787325,0.4689082257199561,0.08230000042873747,-1.0846001625252961
https://comptox.epa.gov/dashboard/chemical/details/DTXSID5052595,p-Toluoyl chloride,874-60-2,C8H7ClO,154.018542,1,205,0,Inactive,-0.0000406903169611625,-0.3530644282014043,0.41184320754604403,100,2
https://comptox.epa.gov/dashboard/chemical/details/DTXSID6025648,1-Methyl phenanthrene,832-69-9,C15H12,192.093900,21,326,6,Inactive,-4.908904904129021e-13,-0.33671185713309176,0.39276823203886346,1.7713985992630994,0.24831629692270593
https://comptox.epa.gov/dashboard/chemical/details/DTXSID0052837,"Alachlor ESA, sodium salt",140939-15-7,C14H20NNaO5S,337.095988,6,208,3,Inactive,1.6940994778182068e-9,0.026147590698408142,0.030500687021040092,100,2
https://comptox.epa.gov/dashboard/chemical/details/DTXSID0052463,2-Amino-5-chlorobenzophenone,719-59-5,C13H10ClNO,231.045092,52,209,25,Inactive,1.8512413411034377e-7,0.09115441912543783,0.10632996517338603,33.35,1.523095838252568
https://comptox.epa.gov/dashboard/chemical/details/DTXSID0021628,Methyl glyoxal,78-98-8,C3H4O2,72.021129,0,205,0,Inactive,4.0524787082033357e-10,0.16537037630188262,0.19290152382729545,181.8171722207596,2.259634898954819
https://comptox.epa.gov/dashboard/chemical/details/DTXSID2022125,2-Nonanone,821-55-6,C9H18O,142.135765,1,207,0,Inactive,2.2025106237818136e-8,0.09955118028114175,0.11612463371300578,100,2
https://comptox.epa.gov/dashboard/chemical/details/DTXSID3034458,Clethodim,99129-21-2,C17H26ClNO3S,359.132193,15,320,5,Inactive,5.883209724688058e-8,0.32370114639502223,0.3775914755751292,49.99999999999999,1.6989700043360187
https://comptox.epa.gov/dashboard/chemical/details/DTXSID2052574,"1,5-Dihydroxynaphthalene",83-56-7,C10H8O2,160.052429,47,207,23,Inactive,8.86887530286222e-9,0.027164712535049193,0.03168714106797233,100,2
https://comptox.epa.gov/dashboard/chemical/details/DTXSID3052648,1-Methylpyrrole,96-54-8,C5H7N,81.057849,5,206,2,Inactive,2.474734406613237e-17,0.44452484050393315,0.5185301081722095,24.571382101765938,1.3904295855516642
https://comptox.epa.gov/dashboard/chemical/details/DTXSID3052278,2-Chlorobenzamide,609-66-5,C7H6ClNO,155.013791,20,206,10,Inactive,-0.0002836946046485849,-0.11699177003362614,0.13646876314498707,100,2
https://comptox.epa.gov/dashboard/chemical/details/DTXSID3032331,Bis(trichloromethyl)sulfone,3064-70-8,C2Cl6O2S,297.775017,198,317,62,Inactive,-2.2323594403328893e-7,-0.015095453006645575,0.01760857024676257,11.1,1.0453229787866574
https://comptox.epa.gov/dashboard/chemical/details/DTXSID4035839,"1,3-Dichloro-5-ethyl-5-methylhydantoin",89415-87-2,C6H8Cl2N2O2,209.996283,20,312,6,Inactive,0.00004894554986917374,0.033187661374099495,0.038712800892714574,99.99999999999999,2
https://comptox.epa.gov/dashboard/chemical/details/DTXSID3038771,"2,4-Dimethylpentan-3-one",565-80-0,C7H14O,114.104465,16,312,5,Inactive,-0.000008418855103635701,-0.2113697068570464,0.24655890284255716,100,2
https://comptox.epa.gov/dashboard/chemical/details/DTXSID7052284,"1,2-Bis(chloromethyl)benzene",612-12-4,C8H8Cl2,174.000306,45,205,22,Inactive,-0.006345910779721848,-0.44771081235897425,0.5222464861562952,33.35,1.523095838252568
https://comptox.epa.gov/dashboard/chemical/details/DTXSID3052228,(-)Bornyl acetate,5655-61-8,C12H20O2,196.146330,1,206,0,Inactive,4.4325389917380394e-10,0.24250189890892565,0.28287403630956104,0.03248357925497538,-1.4883361233642929
https://comptox.epa.gov/dashboard/chemical/details/DTXSID5052460,2-Phenylbenzimidazole,716-79-0,C13H10N2,194.084398,28,209,13,Inactive,1.2730720664470652e-8,0.04246427153429297,0.0495337972275504,100,2
https://comptox.epa.gov/dashboard/chemical/details/DTXSID5052591,Diethyl ethoxymethylenemalonate,87-13-8,C10H16O5,216.099774,2,205,1,Inactive,2.3877760626137336e-10,0.13142369811513663,0.15330334368441356,99.99999999999999,2
https://comptox.epa.gov/dashboard/chemical/details/DTXSID5052832,"2,2',3,4',5,5',6-Heptachlorobiphenyl",52663-68-0,C12H3Cl7,391.805444,74,313,24,Inactive,0.000023138001109805825,0.5236536420840151,0.6108324101005853,50,1.6989700043360187
https://comptox.epa.gov/dashboard/chemical/details/DTXSID1051808,C.I. Basic Green 4 oxalate (1:x),18015-76-4,, ,113,221,51,Inactive,-0.0000012569655666944648,-0.3598184709650524,0.41972167508199526,5.55,0.7442929831226762
https://comptox.epa.gov/dashboard/chemical/details/DTXSID0052596,4-Anisonitrile,874-90-8,C8H7NO,133.052764,2,205,1,Inactive,-4.93512466772006e-10,-0.0648547587859119,0.07565189169320201,100,2
https://comptox.epa.gov/dashboard/chemical/details/DTXSID4026216,"Phosphoric acid, tris(3-methylphenyl) ester",563-04-2,C21H21O4P,368.117746,30,317,9,Inactive,-2.4312829294524237e-9,-0.05018714258896723,0.058542385271450365,100,2
https://comptox.epa.gov/dashboard/chemical/details/DTXSID9052505,2-Methyl-1-hexene,6094-02-6,C7H14,98.109550,0,206,0,Inactive,-0.0007730713744553975,-0.07587447358310265,0.08850618775309488,100,2
https://comptox.epa.gov/dashboard/chemical/details/DTXSID0052833,Arsenobetaine,64436-13-1,C5H11AsO2,177.997500,2,207,1,Inactive,-5.759634362633825e-7,-0.25739304228817933,0.3002442831072402,100,2
https://comptox.epa.gov/dashboard/chemical/details/DTXSID0052594,Phthalide,87-41-2,C8H6O2,134.036779,0,208,0,Inactive,9.118826106842362e-10,0.19658886881154136,0.22931732520220968,1.1687218474168923,0.06771116256827296
https://comptox.epa.gov/dashboard/chemical/details/DTXSID3051834,2-(4-tert-Butylphenoxy)cyclohexanol,1942-71-8,C16H24O2,248.177630,53,207,26,Inactive,2.723897816852864e-10,0.3225781623760753,0.37628153522587876,180.61260054349611,2.2567480458424605
https://comptox.epa.gov/dashboard/chemical/details/DTXSID7052288,"1,3-Dihydro-2H-inden-2-one",615-13-4,C9H8O,132.057515,18,204,9,Inactive,-2.171464688138461e-22,-0.23722064694035278,0.27671355233875683,23.224998072419382,1.3659556866210008
https://comptox.epa.gov/dashboard/chemical/details/DTXSID2047062,(E)-2-Hexen-1-ol,928-95-0,C6H12O,100.088815,0,328,0,Inactive,0,-0.17900465386178946,0.20880565960061648,2.1974095622653635,0.3419110100632877
https://comptox.epa.gov/dashboard/chemical/details/DTXSID3052301,2-Methylpent-2-enal,623-36-9,C6H10O,98.073165,6,205,3,Inactive,-9.857207894108752e-8,-0.010301803397657863,0.012016865523421974,100,2
https://comptox.epa.gov/dashboard/chemical/details/DTXSID1049697,o-Terphenyl,84-15-1,C18H14,230.109550,40,206,19,Inactive,4.424626591603919e-7,0.44355305967112446,0.5173965435781932,163.5371910425391,2.2136165339248195
https://comptox.epa.gov/dashboard/chemical/details/DTXSID7024950,"2,3-Dibromopropyl acrylate",19660-16-3,C6H8Br2O2,269.889105,120,311,39,Inactive,-3.913094116917132e-8,-0.021592033040992532,0.025186712210978714,100,2
https://comptox.epa.gov/dashboard/chemical/details/DTXSID7047144,Chlorhexidine dihydrochloride,3697-42-5,C22H32Cl4N10,576.156552,268,453,59,Inactive,-3.4542023077536265e-9,-0.32360120429768924,0.3774748949438145,44.91105864675542,1.652353292404628
https://comptox.epa.gov/dashboard/chemical/details/DTXSID3044754,Prop-2-en-1-yl heptanoate,142-19-8,C10H18O2,170.130680,3,331,1,Inactive,-4.868887101089185e-10,-0.1181476808743892,0.13781711203054953,100,2
https://comptox.epa.gov/dashboard/chemical/details/DTXSID0052598,Diethylcarbamoyl chloride,88-10-8,C5H10ClNO,135.045092,4,210,2,Inactive,-1.5388057091493324e-11,-0.02741194097805061,0.03197552853164578,100,2
https://comptox.epa.gov/dashboard/chemical/details/DTXSID7052602,"1,4-Dichloro-2-nitrobenzene",89-61-2,C6H3Cl2NO2,190.954084,2,207,1,Inactive,-4.071545268855342e-19,-0.1636069270522208,0.19084449248311514,183.7384047853034,2.2641999415159524
https://comptox.epa.gov/dashboard/chemical/details/DTXSID7052866,cis-Permethrin in cyclohexane,NOCAS_52866,, ,2,204,1,Inactive,3.6849116979301633e-10,0.1978476021727988,0.23078561468009998,100,2
https://comptox.epa.gov/dashboard/chemical/details/DTXSID2047727,2-Ethoxy-5-(1-propenyl)phenol,94-86-0,C11H14O2,178.099380,22,327,7,Inactive,-6.765596338461553e-18,-0.13823964432187352,0.16125402045619674,1.258315611929421,0.09978958493127255
https://comptox.epa.gov/dashboard/chemical/details/DTXSID6040375,"1,2-Butanediol",584-03-2,C4H10O2,90.068080,2,204,1,Inactive,0,-0.06913135214664945,0.08064045974586222,0.08230000148789918,-1.0846001569361337
https://comptox.epa.gov/dashboard/chemical/details/DTXSID6038827,2-Chloro-5-nitroaniline,6283-25-6,C6H5ClN2O2,172.003955,8,328,2,Inactive,1.3729036780275803e-9,0.038446598898067876,0.04484725547141227,100,2
https://comptox.epa.gov/dashboard/chemical/details/DTXSID0052590,"4,7-Dichloroquinoline",86-98-6,C9H5Cl2N,196.979905,10,208,5,Inactive,0,-0.12870523473508463,0.15013230579838102,1.140438513109403,0.05707187520044306
https://comptox.epa.gov/dashboard/chemical/details/DTXSID6025432,Lactonitrile,78-97-7,C3H5NO,71.037114,5,210,2,Inactive,0.0000028739201371589354,0.3552507447315442,0.41439350585015444,100,2
https://comptox.epa.gov/dashboard/chemical/details/DTXSID3022085,Methyl p-nitrobenzoate,619-50-1,C8H7NO4,181.037508,3,207,1,Inactive,0.000014552495849656017,0.08764918804063228,0.10224117712835275,100,2
https://comptox.epa.gov/dashboard/chemical/details/DTXSID9037535,Demeton-S,126-75-0,C8H19O3PS2,258.051324,11,315,3,Inactive,6.074781950761705e-10,0.05510200270064739,0.06427547983253652,100,2
https://comptox.epa.gov/dashboard/chemical/details/DTXSID8052641,2-Bromophenol,95-56-7,C6H5BrO,171.952378,0,206,0,Inactive,-9.947142818317997e-10,-0.027216745570722067,0.031747836653814955,100,2
https://comptox.epa.gov/dashboard/chemical/details/DTXSID1036545,Triphenylsilanol,791-31-1,C18H16OSi,276.097042,99,314,32,Inactive,9.850375445413683e-17,0.3323596974350671,0.387691517233812,26.80568822039636,1.4282269619617554
https://comptox.epa.gov/dashboard/chemical/details/DTXSID7052654,2-Furylmethanethiol,98-02-2,C5H6OS,114.013936,17,205,8,Inactive,2.1841039891613376e-8,0.010448041055403702,0.012187449080470975,100,2
https://comptox.epa.gov/dashboard/chemical/details/DTXSID4037611,trans-Permethrin,61949-77-7,C21H20Cl2O3,390.078950,7,195,4,Inactive,3.6814346022091154e-8,0.34386245747660954,0.40110927674947444,163.2886322250993,2.2129559512170305
https://comptox.epa.gov/dashboard/chemical/details/DTXSID2052607,"2,6-Dimethoxyphenol",91-10-1,C8H10O3,154.062994,5,208,2,Inactive,-4.3794013601830317e-16,-0.216518157985009,0.2525644770581069,0.3768871116116848,-0.4237887138415361
https://comptox.epa.gov/dashboard/chemical/details/DTXSID9043855,2-Amino-6-chloro-4-nitrophenol,6358-09-4,C6H5ClN2O3,187.998870,13,313,4,Inactive,1.1830911832367053e-7,0.05797238902717964,0.06762373306109738,100,2
https://comptox.epa.gov/dashboard/chemical/details/DTXSID8034823,Pinoxaden,243973-20-8,C23H32N2O4,400.236208,41,319,13,Inactive,-0.000009242531808451757,-0.14083005827162368,0.16427569102032546,100,2
https://comptox.epa.gov/dashboard/chemical/details/DTXSID1040164,3-Oxobutanamide,5977-14-0,C4H7NO2,101.047678,1,204,0,Inactive,-2.6410494064884837e-19,-0.17277805498474524,0.20154244572577762,1.809157232815963,0.25747631278404864
https://comptox.epa.gov/dashboard/chemical/details/DTXSID4043937,Dimethyl sulfone,67-71-0,C2H6O2S,94.008851,3,313,1,Inactive,3.6344953016107706e-7,0.21231451499487755,0.24766100428047946,100,2
https://comptox.epa.gov/dashboard/chemical/details/DTXSID5052250,Isobornyl acrylate,5888-33-5,C13H20O2,208.146330,22,206,11,Inactive,7.004307826150446e-13,0.28561396373711195,0.3331634725839079,35.728967858222646,1.5530204704438904
https://comptox.epa.gov/dashboard/chemical/details/DTXSID8022824,Ciprofloxacin,85721-33-1,C17H18FN3O3,331.133220,0,193,0,Inactive,-1.653614782413623e-8,-0.04901457836308076,0.05717461051627919,5,0.6989700043360189
https://comptox.epa.gov/dashboard/chemical/details/DTXSID7052735,"1,2-dibromo(phenyl)ethane",93-52-7,C8H8Br2,261.899276,6,204,3,Inactive,0,0.16048263139344082,0.18720005865558687,3.137702304511106,0.4966117366884196
https://comptox.epa.gov/dashboard/chemical/details/DTXSID8035217,"1,3-Dimethylol-5,5-dimethylhydantoin",6440-58-0,C7H12N2O4,188.079707,4,210,2,Inactive,0.0000029149651169007257,0.2828519366891179,0.32994161847481623,100.00000000000001,2
https://comptox.epa.gov/dashboard/chemical/details/DTXSID7025394,Triazinetriethanol,4719-04-4,C9H21N3O3,219.158292,80,313,26,Inactive,3.3622422565070465e-13,0.27020585152326504,0.3151901910819827,179.09625903783999,2.253086514401845
https://comptox.epa.gov/dashboard/chemical/details/DTXSID4052267,Glycerol tributyrate,60-01-5,C15H26O6,302.172939,11,207,5,Inactive,0.0000012541790943111927,0.0055708792389148575,0.006498328892248436,100,2
https://comptox.epa.gov/dashboard/chemical/details/DTXSID9042336,(L)-(-)-Ethyl lactate,687-47-8,C5H10O3,118.062994,3,207,1,Inactive,8.556643812440432e-9,0.10125455058111046,0.11811158405957993,100,2
https://comptox.epa.gov/dashboard/chemical/details/DTXSID4047094,Ethyl benzoylacetate,94-02-0,C11H12O3,192.078644,7,328,2,Inactive,0,0.16658465582357004,0.19431795871317964,24.1728969659538,1.3833287009221402
https://comptox.epa.gov/dashboard/chemical/details/DTXSID2052283,But-2-en-1-ol,6117-91-5,C4H8O,72.057515,2,205,1,Inactive,2.56621825212176e-7,0.12582469258401602,0.14677220598597243,100,2
https://comptox.epa.gov/dashboard/chemical/details/DTXSID6038326,cis-Chlordane,5103-71-9,C10H6Cl8,405.797772,0,206,0,Inactive,-9.707010211379785e-8,-0.16417526265008406,0.19150744557861385,85,1.9294189257142929
https://comptox.epa.gov/dashboard/chemical/details/DTXSID4041444,5-Methyl-2-octanone,58654-67-4,C9H18O,142.135765,0,208,0,Inactive,-1.6771194057186652e-19,-0.12667580793328492,0.1477650164971311,23.878372863470354,1.3780047294718911
https://comptox.epa.gov/dashboard/chemical/details/DTXSID7021782,"2,3,4,5,6-Pentabromoethylbenzene",85-22-3,C8H5Br5,495.630815,16,311,5,Inactive,3.914802309977656e-16,0.23439552761502355,0.2734181022403963,36.212896248383466,1.558863260370462
https://comptox.epa.gov/dashboard/chemical/details/DTXSID3020881,4-(N-Methyl-N-nitrosamino)-1-(3-pyridyl)-1-butanone,64091-91-4,C10H13N3O2,207.100777,4,228,2,Inactive,0,-0.08971920995821761,0.10465581989078543,0.08230000055393508,-1.0846001618646324
https://comptox.epa.gov/dashboard/chemical/details/DTXSID4052269,Triphenylstibine,603-36-1,C18H15Sb,352.021190,48,217,22,Inactive,1.3460877085766472e-13,0.19691979457316644,0.22970334405950885,182.1256978484425,2.2603712288612154
https://comptox.epa.gov/dashboard/chemical/details/DTXSID3052307,"1,3,5-Tribromobenzene",626-39-1,C6H3Br3,311.778489,6,209,3,Inactive,-1.9890214538816598e-15,-0.1931526263053746,0.2253090110742328,0.29401701007324343,-0.5316275431686341
https://comptox.epa.gov/dashboard/chemical/details/DTXSID6027634,1-Propene tetramer,6842-15-5,, ,7,313,2,Inactive,5.880808762455512e-9,0.08434915759062732,0.09839175187627278,100,2
https://comptox.epa.gov/dashboard/chemical/details/DTXSID7047691,2-Methylpropyl but-2-enoate,589-66-2,C8H14O2,142.099380,2,209,1,Inactive,0.0000029921422065793177,0.34167486612751524,0.39855749139233554,179.56425955135356,2.2542198990113413
https://comptox.epa.gov/dashboard/chemical/details/DTXSID0023955,Chlorimuron-ethyl,90982-32-4,C15H15ClN4O6S,414.040083,9,207,4,Inactive,2.1342226306208524e-8,0.2935428488094578,0.34241237221702553,100,2
https://comptox.epa.gov/dashboard/chemical/details/DTXSID1034501,gamma-Cyhalothrin,76703-62-3,C23H19ClF3NO3,449.100556,28,320,9,Inactive,6.014448102938336e-7,0.15537787359213442,0.18124545190761837,100,2
https://comptox.epa.gov/dashboard/chemical/details/DTXSID2052289,2-Chlorobenzothiazole,615-20-3,C7H4ClNS,168.975298,0,203,0,Inactive,-0.000002587630406101526,-0.11678117594722463,0.1362231089892409,100,2
https://comptox.epa.gov/dashboard/chemical/details/DTXSID3052567,Bis(2-chloroethyl)amine hydrochloride,821-48-7,C4H10Cl3N,176.987882,1,208,0,Inactive,1.704888827532563e-9,0.055538973032976204,0.06478519774488904,100,2
https://comptox.epa.gov/dashboard/chemical/details/DTXSID3052309,3-Chloropyridine,626-60-8,C5H4ClN,113.003227,2,206,1,Inactive,6.49209984795857e-8,0.2179395675078917,0.25422252530760814,100,2
https://comptox.epa.gov/dashboard/chemical/details/DTXSID9026267,Trixylyl phosphate,25155-23-1,C24H27O4P, ,73,439,17,Inactive,3.190461923377527e-7,0.39950436458668914,0.46601454521543845,177.51531279292936,2.2492358220369253
https://comptox.epa.gov/dashboard/chemical/details/DTXSID7047693,alpha-Angelica lactone,591-12-8,C5H6O2,98.036779,1,205,0,Inactive,6.016305185813883e-10,0.004379699356120191,0.005108839313268175,99.99999999999999,2
https://comptox.epa.gov/dashboard/chemical/details/DTXSID2043903,"2,3-Dihydroxynaphthalene",92-44-4,C10H8O2,160.052429,18,324,6,Inactive,2.193029297979085e-12,0.41673936731053574,0.4861188611331119,170.32657886106549,2.2312824233708386
https://comptox.epa.gov/dashboard/chemical/details/DTXSID7052652,Citronellyl isobutyrate,97-89-2,C14H26O2,226.193280,3,206,1,Inactive,0.00008037355600064277,0.264487122318165,0.3085193979043361,100,2
https://comptox.epa.gov/dashboard/chemical/details/DTXSID1052298,4-Nitrobenzyl alcohol,619-73-8,C7H7NO3,153.042593,2,206,1,Inactive,1.040967293769355e-7,0.03282108560006983,0.03828519694701509,100,2
https://comptox.epa.gov/dashboard/chemical/details/DTXSID5052593,2-Chlorobenzonitrile,873-32-5,C7H4ClN,137.003227,1,206,0,Inactive,0,-0.11663211938245538,0.13604923722863027,0.0823000001170236,-1.0846001641702003
https://comptox.epa.gov/dashboard/chemical/details/DTXSID2052447,4-Chlorodiphenyl ether,7005-72-3,C12H9ClO,204.034193,10,213,5,Inactive,0.00002187819725454499,0.1831221870803319,0.2136086869022923,100,2
https://comptox.epa.gov/dashboard/chemical/details/DTXSID8022080,"2,4,6-Triiodophenol",609-23-4,C6H3I3O,471.731800,125,348,36,Inactive,0.0000074488490684861286,0.24220707365148814,0.2825301280310998,100,2
https://comptox.epa.gov/dashboard/chemical/details/DTXSID8047472,"N,N-Dimethylbutylamine",927-62-8,C6H15N,101.120449,1,207,0,Inactive,-5.1115929005087e-14,-0.20060489516484964,0.2340019465993911,0.0823000000857666,-1.0846001643351426
https://comptox.epa.gov/dashboard/chemical/details/DTXSID2037502,Bitertanol,55179-31-2,C20H23N3O2,337.179027,113,330,34,Inactive,0.00003347308548585548,0.40344601462734214,0.4706124080022284,33.35,1.523095838252568
https://comptox.epa.gov/dashboard/chemical/details/DTXSID2052310,4-Pyridinol,626-64-2,C5H5NO,95.037114,3,208,1,Inactive,-0.000002400526510337289,-0.08773234001803179,0.10233817239139996,100,2
https://comptox.epa.gov/dashboard/chemical/details/DTXSID1052585,9-Ethylcarbazole,86-28-2,C14H13N,195.104799,25,218,11,Inactive,-5.5027511224449855e-8,-0.06425758049172033,0.0749552941191852,100,2
https://comptox.epa.gov/dashboard/chemical/details/DTXSID4052506,3-Methylbut-3-en-1-ol,763-32-6,C5H10O,86.073165,9,206,4,Inactive,1.0821058348211155e-7,0.07917115049356944,0.09235170116254865,100,2
https://comptox.epa.gov/dashboard/chemical/details/DTXSID4020957,"2-Nitro-1,4-phenylenediamine",5307-14-2,C6H7N3O2,153.053826,57,449,13,Inactive,0,-0.05887235161581467,0.06867352298488846,0.08230000269560908,-1.0846001505630871
https://comptox.epa.gov/dashboard/chemical/details/DTXSID7041671,(+)-alpha-Pinene,7785-70-8,C10H16,136.125201,2,328,1,Inactive,-1.6488138081121964e-10,-0.24768467732918242,0.28891965268465886,0.08230000004851679,-1.0846001645317087
https://comptox.epa.gov/dashboard/chemical/details/DTXSID4021056,N-Nitrosomorpholine,59-89-2,C4H8N2O2,116.058578,9,333,3,Inactive,0,-0.1932939983658119,0.22547391900088087,25.98260788681983,1.4146827392702668
https://comptox.epa.gov/dashboard/chemical/details/DTXSID4047466,2-Isopropoxyethanol,109-59-1,C5H12O2,104.083730,0,328,0,Inactive,-1.9908145128554987e-7,-0.0520499189935222,0.06071527992781992,99.5,1.9978230807457253
https://comptox.epa.gov/dashboard/chemical/details/DTXSID0044365,"(1,1-Dimethylethyl)urea",1118-12-3,C5H12N2O,116.094963,1,328,0,Inactive,1.5965926431543653e-18,0.23896756450286144,0.27875129977178814,171.21165172269096,2.2335333170390204
https://comptox.epa.gov/dashboard/chemical/details/DTXSID7031294,Ethoxyacetic acid,627-03-2,C4H8O3,104.047344,3,326,1,Inactive,1.1782706179857096e-7,0.1265619683382735,0.14763222468858192,100.5,2.002166061756508
https://comptox.epa.gov/dashboard/chemical/details/DTXSID3027401,4-Thiazolecarbonitrile,1452-15-9,C4H2N2S,109.993869,5,328,2,Inactive,0,-0.22802620711155075,0.26598840619482744,0.07178824959507064,-1.1439466358919965
https://comptox.epa.gov/dashboard/chemical/details/DTXSID0027301,"1,2-Cyclohexanediamine",694-83-7,C6H14N2,114.115698,4,328,1,Inactive,-0.0000050015694544869635,-0.3514431334397038,0.4099519968159292,100,2
https://comptox.epa.gov/dashboard/chemical/details/DTXSID9044746,Propan-2-yl benzoate,939-48-0,C10H12O2,164.083730,1,331,0,Inactive,0.00003916289515022155,0.08936613497536613,0.10424396437143284,104.5,2.019116290447073
https://comptox.epa.gov/dashboard/chemical/details/DTXSID0020282,"4-Chloro-1,3-diaminobenzene",5131-60-2,C6H7ClN2,142.029776,15,328,5,Inactive,0.0000012904091434259784,0.2084067424297526,0.2431026589501948,100,2
https://comptox.epa.gov/dashboard/chemical/details/DTXSID9047467,Choline hydroxide,123-41-1,C5H15NO2,121.110279,2,328,1,Inactive,1.2590868367120824e-8,0.338527685227836,0.3948863623492472,20.040938932338133,1.3019180646792874
https://comptox.epa.gov/dashboard/chemical/details/DTXSID4021343,Sodium thiocyanate,540-72-7,CNNaS,80.964914,2,331,1,Inactive,7.635701857543218e-11,0.12372334538896786,0.14432102285946716,100.5,2.002166061756508
https://comptox.epa.gov/dashboard/chemical/details/DTXSID5020520,"2,2-Dimethylvinyl chloride",513-37-1,C4H7Cl,90.023628,7,331,2,Inactive,0.0000014896584144561277,0.15487396781983143,0.18065765502696562,100.5,2.002166061756508
https://comptox.epa.gov/dashboard/chemical/details/DTXSID8020202,Budesonide,51333-22-3,C25H34O6,430.235539,71,331,21,Inactive,-3.798956772035508e-9,-0.03371822599131717,0.0393316948290947,100,2
https://comptox.epa.gov/dashboard/chemical/details/DTXSID5047083,Methyl butyrate,623-42-7,C5H10O2,102.068080,0,326,0,Inactive,-2.832682788156865e-7,-0.038988180524599986,0.04547900054795607,99.99999999999999,2
https://comptox.epa.gov/dashboard/chemical/details/DTXSID9044615,Ethylene acrylate,2274-11-5,C8H10O4,170.057909,59,331,18,Inactive,0.000058955425846386807,0.16067622396067405,0.18742588084971887,100.5,2.002166061756508
https://comptox.epa.gov/dashboard/chemical/details/DTXSID0044369,"N,N-Dimethylpyridin-4-amine",1122-58-3,C7H10N2,122.084398,3,328,1,Inactive,-0.000060982240342627466,-0.13043309145517057,0.1521478191068309,100,2
https://comptox.epa.gov/dashboard/chemical/details/DTXSID6044771,N-(4-Methyl-2-pentanylidene)hydroxylamine,105-44-2,C6H13NO,115.099714,2,328,1,Inactive,-0.0004482802351758803,-0.21757351934429134,0.2537955368098388,100,2
https://comptox.epa.gov/dashboard/chemical/details/DTXSID4044953,2-(Pyridin-4-yl)ethanol,5344-27-4,C7H9NO,123.068414,4,328,1,Inactive,5.912030667971467e-11,0.35701413678016075,0.41645047047036005,0.12774707882703074,-0.8936490220253916
https://comptox.epa.gov/dashboard/chemical/details/DTXSID0020284,"2-Chloro-1,4-diaminobenzene sulfate (1:1)",61702-44-1,C6H9ClN2O4S,239.997156,194,448,43,Inactive,-0.9888624290305199,-1.2681103600457297,1.4792275757264315,165.92041838219887,2.219899834156171
https://comptox.epa.gov/dashboard/chemical/details/DTXSID2020349,4-Methoxy-2-methylaniline,102-50-1,C8H11NO,137.084064,19,328,6,Inactive,0.000057265453425672864,0.2107478273910556,0.24583349180274952,100,2
https://comptox.epa.gov/dashboard/chemical/details/DTXSID5020447,"2,4-Dichlorophenyl benzenesulfonate",97-16-5,C12H8Cl2O3S,301.957121,46,326,14,Inactive,-0.00005156019558289359,-0.16734204753223483,0.19520144230923128,100,2
https://comptox.epa.gov/dashboard/chemical/details/DTXSID1020803,Meloxicam,71125-38-7,C14H13N3O4S2,351.034748,22,329,7,Inactive,-0.0002943954916701971,-0.2150244781106901,0.25082212676351545,100,2
https://comptox.epa.gov/dashboard/chemical/details/DTXSID2047486,Methoxybenzyl alcohol,1331-81-3,, ,5,328,2,Inactive,-3.7055389646130284e-19,-0.17794981621656572,0.2075752107517694,0.40053021795334326,-0.39736471304958404
https://comptox.epa.gov/dashboard/chemical/details/DTXSID4022107,2-Methylimidazole,693-98-1,C4H6N2,82.053098,1,328,0,Inactive,1.3022228509559273e-9,0.09971853507247364,0.11631985002072456,100,2
https://comptox.epa.gov/dashboard/chemical/details/DTXSID7027596,3-Methoxypropylamine,5332-73-0,C4H11NO,89.084064,1,328,0,Inactive,1.3085470974249725e-15,0.2629271924795537,0.3066997682363085,0.0967059426214391,-1.014546837515754
https://comptox.epa.gov/dashboard/chemical/details/DTXSID3027798,N-Ethyl-2-methylallylamine,18328-90-0,C6H13N,99.104799,5,328,2,Inactive,-1.0694558953242074e-15,-0.25691819550142575,0.2996903830025319,0.0822900305857672,-1.084652776256104
https://comptox.epa.gov/dashboard/chemical/details/DTXSID9044744,2-Ethyl-4-methyl-1H-imidazole,931-36-2,C6H10N2,110.084398,2,328,1,Inactive,-7.361006264089736e-19,-0.24666291307333854,0.2877277833405102,0.20588369770400833,-0.686378040353744
https://comptox.epa.gov/dashboard/chemical/details/DTXSID8044703,4-Chlorobenzonitrile,623-03-0,C7H4ClN,137.003227,2,328,1,Inactive,-1.4546920182970534e-17,-0.28411666693722276,0.331416903211694,0.23154535925429018,-0.6353639189259759
https://comptox.epa.gov/dashboard/chemical/details/DTXSID4047468,2-tert-Butyl-6-methylphenol,2219-82-1,C11H16O,164.120115,21,332,6,Inactive,-0.0000182960813082721,-0.07340222066251705,0.08562234987153342,100.5,2.002166061756508
https://comptox.epa.gov/dashboard/chemical/details/DTXSID3047716,"3-Methyl-1,2-cyclopentanedione",765-70-8,C6H8O2,112.052429,3,331,1,Inactive,-2.9028943295689874e-9,-0.1296276231268504,0.15120825501196575,103.99999999999999,2.0170333392987803
https://comptox.epa.gov/dashboard/chemical/details/DTXSID0020288,4-Chloro-2-methylaniline hydrochloride,3165-93-3,C7H9Cl2N,177.011205,24,331,7,Inactive,-8.148001284966372e-8,-0.33878727484514665,0.3951891688970025,99.99999999999999,2
https://comptox.epa.gov/dashboard/chemical/details/DTXSID0020361,Cyclohexylamine hydrochloride,4998-76-9,C6H14ClN,135.081477,5,326,2,Inactive,0.00001598097117890987,0.20584099300254596,0.24010975910116944,100,2
https://comptox.epa.gov/dashboard/chemical/details/DTXSID5020497,"1,2-Dimethyl-5-nitroimidazole",551-92-8,C5H7N3O2,141.053826,2,326,1,Inactive,-0.00011184233269862122,-0.18324731068699823,0.2137546413043591,100,2
https://comptox.epa.gov/dashboard/chemical/details/DTXSID8020830,8-Methoxypsoralen,298-81-7,C12H8O4,216.042259,18,335,5,Inactive,-0.000001034292318492518,-0.03733497965319806,0.043550571923570015,100,2
https://comptox.epa.gov/dashboard/chemical/details/DTXSID1027211,"3,3-Dimethyl-1-butene",558-37-2,C6H12,84.093900,1,326,0,Inactive,0,-0.05062393733725568,0.05905189836822647,0.08190000035088586,-1.0867160963789246
https://comptox.epa.gov/dashboard/chemical/details/DTXSID8021147,Phenylhydrazine,100-63-0,C6H8N2,108.068748,28,328,9,Inactive,0,-0.09727106728509335,0.11346492354440077,0.08053841249971522,-1.0939969350639298
https://comptox.epa.gov/dashboard/chemical/details/DTXSID4029359,1-Methoxy-2-propylamine,37143-54-7,C4H11NO,89.084064,2,326,1,Inactive,3.522370098500612e-7,0.0750129814244024,0.08750127288324432,100,2
https://comptox.epa.gov/dashboard/chemical/details/DTXSID9020322,Chlorpropamide,94-20-2,C10H13ClN2O3S,276.033541,2,331,1,Inactive,3.017931794777971e-14,0.2772752479182464,0.3234365128696388,5.228531355181168,0.7183797168000258
https://comptox.epa.gov/dashboard/chemical/details/DTXSID6044804,N-(2-Hydroxyethyl)acetamide,142-26-7,C4H9NO2,103.063329,3,328,1,Inactive,8.372402119251123e-13,0.207676278319457,0.24225058590586707,184.08224948274403,2.2650119127660506
https://comptox.epa.gov/dashboard/chemical/details/DTXSID3044910,"Hex-3-yne-2,5-diol",3031-66-1,C6H10O2,114.068080,120,328,37,Inactive,-1.800828676678544e-16,-0.3601247624893868,0.42007895855138544,2.4734684927924975,0.3933063826632046
https://comptox.epa.gov/dashboard/chemical/details/DTXSID0044860,6-Methylpyridin-2-amine,1824-81-3,C6H8N2,108.068748,0,331,0,Inactive,-1.5230059554905482e-7,-0.07987891398963116,0.09317729435494973,99.5,1.9978230807457253
https://comptox.epa.gov/dashboard/chemical/details/DTXSID7020007,Acetohexamide,968-81-0,C15H20N2O4S,324.114378,3,331,1,Inactive,0,-0.09213032984556706,0.1074683472055383,0.08230000473704333,-1.0846001397905038
https://comptox.epa.gov/dashboard/chemical/details/DTXSID1020308,2-(Chloromethyl)pyridine hydrochloride,6959-47-3,C6H7Cl2N,162.995555,8,328,2,Inactive,0,-0.32277382602476423,0.37650977329870505,25.426721186885214,1.4052903608736822
https://comptox.epa.gov/dashboard/chemical/details/DTXSID7047437,alpha-Hexyl-gamma-butyrolactone,18436-37-8,C10H18O2,170.130680,3,328,1,Inactive,0,0.10506343268445874,0.12255457547222046,2.257690941997179,0.35366449056870486
https://comptox.epa.gov/dashboard/chemical/details/DTXSID9020401,"2,4-Diaminophenol dihydrochloride",137-09-7,C6H10Cl2N2O,196.017018,45,328,14,Inactive,1.999973198138658e-11,0.012054701650075286,0.014061589322007626,100,2
https://comptox.epa.gov/dashboard/chemical/details/DTXSID7020504,4-Dimethylaminoantipyrine,58-15-1,C13H17N3O,231.137162,3,329,1,Inactive,-1.3934147096994892e-17,-0.2623934722418137,0.30607719332621963,23.656623865440878,1.3739527647538492
https://comptox.epa.gov/dashboard/chemical/details/DTXSID8020838,3'-Methyl-4-(dimethylamino)azobenzene,55-80-1,C15H17N3,239.142248,61,326,19,Inactive,0,-0.2097174996033162,0.2446316332550389,19.842513309037898,1.2975966802736179
https://comptox.epa.gov/dashboard/chemical/details/DTXSID1047657,"1,3-Nonanediol monoacetate",1322-17-4,, ,5,328,2,Inactive,-8.420898538473131e-15,-0.2730362007319406,0.31849174174375433,0.6239352411287084,-0.20486048384311578
https://comptox.epa.gov/dashboard/chemical/details/DTXSID9047461,3-Pyridinamine,462-08-8,C5H6N2,94.053098,3,328,1,Inactive,-5.244906434823528e-13,-0.12114721178553896,0.14131601005852285,100,2
https://comptox.epa.gov/dashboard/chemical/details/DTXSID4030336,3-Chloropropionitrile,542-76-7,C3H4ClN,89.003227,0,326,0,Inactive,-9.66358658413208e-16,-0.26754386163923966,0.3120850284977001,0.5528645033991276,-0.257381292992653
https://comptox.epa.gov/dashboard/chemical/details/DTXSID2047145,"3,3-Dimethylacrylic acid",541-47-9,C5H8O2,100.052429,5,328,2,Inactive,-4.812423955408559e-11,-0.23669263129521667,0.27609763173175844,181.5491508140099,2.258994221865534
https://comptox.epa.gov/dashboard/chemical/details/DTXSID6020222,N-Butylurea,592-31-4,C5H12N2O,116.094963,7,326,2,Inactive,0,0.2471603490765412,0.2883080333536636,24.652527265567358,1.3918614478010356
https://comptox.epa.gov/dashboard/chemical/details/DTXSID9021215,Pyrazinamide,98-96-4,C5H5N3O,123.043262,1,331,0,Inactive,2.864243977986769e-7,0.020797356676863183,0.024259736745250508,103,2.012837224705172
https://comptox.epa.gov/dashboard/chemical/details/DTXSID4020088,Chloralose,15879-93-3,C8H11Cl3O6,307.962121,3,329,1,Inactive,-0.00012115877438067393,-0.09723609080530507,0.11342412411949676,100,2
https://comptox.epa.gov/dashboard/chemical/details/DTXSID6020309,3-(Chloromethyl)pyridine hydrochloride,6959-48-4,C6H7Cl2N,162.995555,19,328,6,Inactive,-1.2573678851946438e-13,-0.35310386884344036,0.41188921433468184,10.332503946807659,1.0142055798454912
https://comptox.epa.gov/dashboard/chemical/details/DTXSID8020410,Dibenzo-p-dioxin,262-12-4,C12H8O2,184.052429,8,328,2,Inactive,-9.558015978994151e-11,-0.2712720314395822,0.3164338704829184,99.99999999999999,2
https://comptox.epa.gov/dashboard/chemical/details/DTXSID4020539,Diphenylacetonitrile,86-29-3,C14H11N,193.089149,16,326,5,Inactive,0,-0.2355720240833739,0.27479046388458783,26.00068507377785,1.4149847910416549
https://comptox.epa.gov/dashboard/chemical/details/DTXSID9020902,Monocrotaline,315-22-0,C16H23NO6,325.152537,3,329,1,Inactive,-1.3013767216615043e-11,-0.19706218701289,0.22986944223995937,100,2
https://comptox.epa.gov/dashboard/chemical/details/DTXSID0026098,"2,3,5,6-Tetrachloronitrobenzene",117-18-0,C6HCl4NO2,258.876139,10,331,3,Inactive,6.51464302459296e-9,0.02947002549835785,0.03437624653816407,100,2
https://comptox.epa.gov/dashboard/chemical/details/DTXSID5020738,Indole-3-acetic acid,87-51-4,C10H9NO2,175.063329,8,331,2,Inactive,3.325968384628482e-7,0.07959758779460109,0.09284913248625586,100,2
https://comptox.epa.gov/dashboard/chemical/details/DTXSID1044720,4-Methylpyridin-2-amine,695-34-1,C6H8N2,108.068748,7,331,2,Inactive,0,-0.11261132656349339,0.13135905583631288,0.08270000015781154,-1.0824944896187148
https://comptox.epa.gov/dashboard/chemical/details/DTXSID9047465,6-(1-Methylethyl)quinoline,135-79-5,C12H13N,171.104799,6,328,2,Inactive,-3.0564152084634598e-21,-0.14665030067336146,0.17106489748793313,3.4466316996266237,0.5373948780219444
https://comptox.epa.gov/dashboard/chemical/details/DTXSID9047463,"Tricyclo(5.2.1.02,6)decane-8-one",13380-94-4,C10H14O,150.104465,8,328,2,Inactive,0.000007635403061327558,0.3309290718786787,0.3860227186495371,100,2
https://comptox.epa.gov/dashboard/chemical/details/DTXSID8023688,Topiramate,97240-79-4,C12H21NO8S,339.098788,2,329,1,Inactive,0,0.1870900783971508,0.2182371596584902,0.08230000026594655,-1.0846001633843387
https://comptox.epa.gov/dashboard/chemical/details/DTXSID1021039,Nitrosoheptamethyleneimine,20917-49-1,C7H14N2O,142.110613,3,328,1,Inactive,1.0000207023604014e-8,0.060795488590290936,0.07091682714371719,100,2
https://comptox.epa.gov/dashboard/chemical/details/DTXSID2026608,Itaconic acid,97-65-4,C5H6O4,130.026609,0,328,0,Inactive,0,-0.21927659870323063,0.25578214777901553,26.301853302386863,1.4199863511757742
https://comptox.epa.gov/dashboard/chemical/details/DTXSID5020310,Chlorfenson,80-33-1,C12H8Cl2O3S,301.957121,34,341,10,Inactive,-2.0454345641811804e-10,-0.17879402007930428,0.20855995914011366,100,2
https://comptox.epa.gov/dashboard/chemical/details/DTXSID7020423,Mucochloric acid,87-56-9,C4H2Cl2O3,167.938099,76,328,23,Inactive,-0.00020417070996408824,-0.16041965837738928,0.18712660178242738,100,2
https://comptox.epa.gov/dashboard/chemical/details/DTXSID7020552,Doxylamine succinate,562-10-7,C21H28N2O5,388.199822,3,383,1,Inactive,-0.000014435834281242934,-0.3999673401894272,0.4665545978007939,100,2
https://comptox.epa.gov/dashboard/chemical/details/DTXSID3020912,Nalidixic acid,389-08-2,C12H12N2O3,232.084792,4,449,1,Inactive,-5.5072742771027486e-8,-0.057735753510296445,0.06734770205228417,100,2
https://comptox.epa.gov/dashboard/chemical/details/DTXSID2021650,Pyruvic acid,127-17-3,C3H4O3,88.016044,4,334,1,Inactive,2.319812062735956e-7,0.10113658557592128,0.1179739800354,100.5,2.002166061756508
https://comptox.epa.gov/dashboard/chemical/details/DTXSID8047470,Methoxybenzyl acetate,1331-83-5,C10H12O3, ,1,328,0,Inactive,7.95486611557009e-9,0.16056699427145896,0.18729846641209125,100,2
https://comptox.epa.gov/dashboard/chemical/details/DTXSID8021648,4-Oxopentanoic acid,123-76-2,C5H8O3,116.047344,2,331,1,Inactive,0.000011031374047008145,0.1416482173660403,0.165230058662073,100,2
https://comptox.epa.gov/dashboard/chemical/details/DTXSID7020421,"2,3-Dichloro-p-dioxane",3883-43-0,C4H6Cl2O2,155.974485,5,326,2,Inactive,0,0.07784215699099123,0.09080145451295574,184.4992171778315,2.2659945278063565
https://comptox.epa.gov/dashboard/chemical/details/DTXSID4025793,1-Nitro-2-(trifluoromethyl)benzene,384-22-5,C7H4F3NO2,191.019413,3,326,1,Inactive,0,0.05324029712870375,0.06210383428285165,0.08230011205518703,-1.0845995734764755
https://comptox.epa.gov/dashboard/chemical/details/DTXSID3030428,5-(Hydroxymethyl)-2-furfural,67-47-0,C6H6O3,126.031694,1,329,0,Inactive,-0.000001351704149337084,-0.13748525485616306,0.16037403892172195,100,2
https://comptox.epa.gov/dashboard/chemical/details/DTXSID8020175,"1,4-Bis[2-(3,5-dichloropyridyloxy)]benzene",76150-91-9,C16H8Cl4N2O2,399.933988,18,329,5,Inactive,-3.266524203690265e-11,-0.03264670270204318,0.03808178248118989,100,2
https://comptox.epa.gov/dashboard/chemical/details/DTXSID5020314,Tetrasul,2227-13-6,C12H6Cl4S,321.894432,11,326,3,Inactive,0,-0.34619600067745926,0.4038313122761942,24.235550575199944,1.3844528903288484
https://comptox.epa.gov/dashboard/chemical/details/DTXSID2020424,Chloranocryl,2164-09-2,C10H9Cl2NO,229.006119,66,326,20,Inactive,-3.144818717263817e-7,-0.0902814868960928,0.10531170567005625,100,2
https://comptox.epa.gov/dashboard/chemical/details/DTXSID0020577,Ethionamide,536-33-4,C8H10N2S,166.056470,6,331,2,Inactive,-0.0000012851212218839454,-0.040325069826556224,0.04703845750332391,100,2
https://comptox.epa.gov/dashboard/chemical/details/DTXSID8020917,N-(1-Naphthyl)ethylenediamine dihydrochloride,1465-25-4,C12H16Cl2N2,258.069054,76,328,23,Inactive,0.00000658664226128435,0.5870103265826678,0.6847368254967555,161.57808188962903,2.2083824482703722
https://comptox.epa.gov/dashboard/chemical/details/DTXSID3020962,1-Methoxy-2-nitrobenzene,91-23-6,C7H7NO3,153.042593,2,328,1,Inactive,0,0.13699631849152571,0.15980370358172763,24.713099769786684,1.3929272224754141
https://comptox.epa.gov/dashboard/chemical/details/DTXSID7027544,2-Butenoic acid,3724-65-0,C4H6O2,86.036779,6,328,2,Inactive,-3.008216398028093e-18,-0.21862291292680655,0.25501963525896026,24.22255764267257,1.384219998074358
https://comptox.epa.gov/dashboard/chemical/details/DTXSID1024918,Diallylamine,124-02-7,C6H11N,97.089149,7,328,2,Inactive,-5.108050280475692e-20,-0.2052337503127833,0.23940142159352315,0.40371199624817444,-0.393928345395286
https://comptox.epa.gov/dashboard/chemical/details/DTXSID6027341,2-(2-Aminoethoxy)ethanol,929-06-6,C4H11NO2,105.078979,13,328,4,Inactive,4.408455426941408e-8,0.11712095880185595,0.13661945948377638,100,2
https://comptox.epa.gov/dashboard/chemical/details/DTXSID0022016,"1,4-Diazabicyclo[2.2.2]octane",280-57-9,C6H12N2,112.100048,15,331,5,Inactive,0.00000218108145200395,0.2587607139803608,0.30183964715863265,100,2
https://comptox.epa.gov/dashboard/chemical/details/DTXSID1025930,Pindone,83-26-1,C14H14O3,230.094294,78,331,24,Inactive,0.00001714920773573163,0.464403231781217,0.5417178885617472,100,2
https://comptox.epa.gov/dashboard/chemical/details/DTXSID7040316,Nickel chloride,7718-54-9,Cl2Ni,127.873047,13,331,4,Inactive,-7.768420075703066e-7,-0.06547379063786736,0.07637398104324288,100,2
https://comptox.epa.gov/dashboard/chemical/details/DTXSID6020721,3-Hydroxy-4-butyrophenetidide,1083-57-4,C12H17NO3,223.120843,2,326,1,Inactive,-0.002256475530056606,-0.48863775381607744,0.569987015924781,100,2
https://comptox.epa.gov/dashboard/chemical/details/DTXSID2020923,Nefiracetam,77191-36-7,C14H18N2O2,246.136828,1,329,0,Inactive,-0.000005930327589212161,-0.21058247591587811,0.24564061232673864,100,2
https://comptox.epa.gov/dashboard/chemical/details/DTXSID9020956,4-Hydroxy-3-nitrophenylarsonic acid,121-19-7,C6H6AsNO6,262.941107,2,328,1,Inactive,-0.00012553682322797698,-0.06174224524641439,0.07202120149264205,100,2
https://comptox.epa.gov/dashboard/chemical/details/DTXSID0021121,Phenformin hydrochloride,834-28-6,C10H16ClN5,241.109423,27,331,8,Inactive,0.000014899529399148294,0.05604584202203128,0.06537645116376642,100,2
https://comptox.epa.gov/dashboard/chemical/details/DTXSID6021292,Sulfisoxazole,127-69-5,C11H13N3O3S,267.067762,1,369,0,Inactive,2.9059679545331204e-10,0.27140965781129056,0.31659440913207104,184.67405814586772,2.266405892758163
https://comptox.epa.gov/dashboard/chemical/details/DTXSID9021479,"2,7-Acetylaminofluorene",304-28-9,C17H16N2O2,280.121178,8,326,2,Inactive,-5.243620394741956e-7,-0.08617360825898923,0.10051994026130903,99.99999999999999,2
https://comptox.epa.gov/dashboard/chemical/details/DTXSID5021627,5-Methyl-2-furancarboxylic acid,1917-15-3,C6H6O3,126.031694,1,328,0,Inactive,-4.297729791911506e-9,-0.05745083084975071,0.06701534497224787,100,2
https://comptox.epa.gov/dashboard/chemical/details/DTXSID7023510,Primidone,125-33-7,C12H14N2O2,218.105528,1,331,0,Inactive,-4.416299961167399e-8,-0.06586102063411445,0.07682567776195472,100,2
https://comptox.epa.gov/dashboard/chemical/details/DTXSID7024409,1-(2-Pyridyl)-1-ethanone,1122-62-9,C7H7NO,121.052764,0,326,0,Inactive,2.98758005705436e-10,0.0010013560452931196,0.001168063539252635,100,2
https://comptox.epa.gov/dashboard/chemical/details/DTXSID4024931,Dipentylamine,2050-92-2,C10H23N,157.183050,3,328,1,Inactive,1.03942717730196e-7,0.12655163651251844,0.1476201728025269,100,2
https://comptox.epa.gov/dashboard/chemical/details/DTXSID7025508,(+-)-Lipoic acid,1077-28-7,C8H14O2S2,206.043522,3,326,1,Inactive,-0.0000017200280116847274,-0.1243172222220859,0.1450137693394357,100,2
https://comptox.epa.gov/dashboard/chemical/details/DTXSID5026174,Triallylamine,102-70-5,C9H15N,137.120449,3,328,1,Inactive,-5.923048536703707e-10,-0.08314502766157726,0.09698715630483992,100,2
https://comptox.epa.gov/dashboard/chemical/details/DTXSID4026975,2-Methyl-5-nitrobenzenesulfonic acid,121-03-9,C7H7NO5S,217.004494,9,328,3,Inactive,-2.909628332443392e-8,-0.010387790491105726,0.01211716789756239,100,2
https://comptox.epa.gov/dashboard/chemical/details/DTXSID7027542,"Disodium 2,2'-(ethene-1,2-diyl)bis(5-nitrobenzene-1-sulfonate)",3709-43-1,C14H8N2Na2O10S2,473.941575,3,326,1,Inactive,-3.1928740858336196e-19,-0.08866616346476078,0.103427460387763,0.08230000133539164,-1.084600157740911
https://comptox.epa.gov/dashboard/chemical/details/DTXSID9021182,Praziquantel,55268-74-1,C19H24N2O2,312.183778,15,329,5,Inactive,1.948503139064031e-7,0.05469574128131407,0.06380158330636199,100,2
https://comptox.epa.gov/dashboard/chemical/details/DTXSID6021296,Suxibuzone,27470-51-5,C24H26N2O6,438.179087,4,329,1,Inactive,-2.364550010621038e-9,-0.04448752188262053,0.05189388180862448,100,2
https://comptox.epa.gov/dashboard/chemical/details/DTXSID3021487,"1,2,4-Benzenetricarboxylic acid",528-44-9,C9H6O6,210.016438,1,328,0,Inactive,-7.380434345776016e-11,-0.006855506634467914,0.007996823288246574,100,2
https://comptox.epa.gov/dashboard/chemical/details/DTXSID2021654,Glutaric acid,110-94-1,C5H8O4,132.042259,3,331,1,Inactive,2.867324110490572e-12,0.09216667454064556,0.10751074262859087,100,2
https://comptox.epa.gov/dashboard/chemical/details/DTXSID4023622,Sulfanilamide,63-74-1,C6H8N2O2S,172.030649,1,346,0,Inactive,0,-0.2516774665403927,0.2935771683799586,25.17400830606733,1.4009523711547227
https://comptox.epa.gov/dashboard/chemical/details/DTXSID2024452,Amiloride hydrochloride,2016-88-8,C6H9Cl2N7O,265.024563,16,329,5,Inactive,0,-0.12853791396706649,0.14993712917823634,24.469458463877626,1.3886243580419346
https://comptox.epa.gov/dashboard/chemical/details/DTXSID9024934,Diazoaminobenzene,136-35-6,C12H11N3,197.095297,92,328,28,Inactive,3.791145642804098e-8,0.006592673037219495,0.007690232697138072,100,2
https://comptox.epa.gov/dashboard/chemical/details/DTXSID1025560,5-Methoxypsoralen,484-20-8,C12H8O4,216.042259,18,329,5,Inactive,-0.00004278246748101265,-0.21901986614797034,0.25548267394196394,100,2
https://comptox.epa.gov/dashboard/chemical/details/DTXSID4026181,Tribromsalan,87-10-5,C13H8Br3NO2,446.810518,130,330,39,Inactive,1.1203124504685218e-8,0.1316599330133963,0.15357890737891886,100.00000000000001,2
https://comptox.epa.gov/dashboard/chemical/details/DTXSID5027279,Manganese(II) acetate,638-38-0,C4H6MnO4,172.964653,15,351,4,Inactive,0.0002514812804214114,0.47836062797678564,0.5579989363225113,100,2
https://comptox.epa.gov/dashboard/chemical/details/DTXSID8027585,4-(Diglycidylamino)phenyl glycidyl ether,5026-74-4,C15H19NO4,277.131408,113,341,33,Inactive,-3.1828217970308613e-7,-0.26202470567942193,0.3056470338659057,99.99999999999999,2
https://comptox.epa.gov/dashboard/chemical/details/DTXSID9020958,"4-Nitro-1,2-phenylenediamine",99-56-9,C6H7N3O2,153.053826,49,331,15,Inactive,1.7873118754031867e-10,0.23994308119265506,0.27988922217475,183.86347146494003,2.2644954556275008
https://comptox.epa.gov/dashboard/chemical/details/DTXSID9021184,Prednisolone,50-24-8,C21H28O5,360.193674,19,341,6,Inactive,3.0298190469143757e-10,0.17524558619119884,0.20442077581403592,0.0823000000148521,-1.0846001647093562
https://comptox.epa.gov/dashboard/chemical/details/DTXSID1021299,Chlorotrianisene,569-57-3,C23H21ClO3,380.117922,36,359,10,Inactive,0,-0.09944770708633167,0.1160039341209718,5.404939683326999,0.7327908517871249
https://comptox.epa.gov/dashboard/chemical/details/DTXSID2021577,"1,3-Dichloropropanone",534-07-6,C3H4Cl2O,125.963920,108,331,33,Inactive,-0.000012134364423876475,-0.1843083370075953,0.21499230913000647,33.35,1.523095838252568
https://comptox.epa.gov/dashboard/chemical/details/DTXSID8020965,6-Nitrobenzimidazole,94-52-0,C7H5N3O2,163.038176,6,331,2,Inactive,-0.000003405505906896842,-0.11893206740788884,0.13873208459676944,100,2
https://comptox.epa.gov/dashboard/chemical/details/DTXSID0023747,"2',3'-Dideoxycytidine",7481-89-2,C9H13N3O3,211.095691,3,328,1,Inactive,0.000009317371550284301,0.2542052308128799,0.2965257592397197,100,2
https://comptox.epa.gov/dashboard/chemical/details/DTXSID2024458,2-Aminoanthracene,613-13-8,C14H11N,193.089149,74,329,22,Inactive,0,0.7401479185176207,0.8633690297651246,25.865112696238814,1.4127143750029023
https://comptox.epa.gov/dashboard/chemical/details/DTXSID4024937,Phenoxathiin,262-20-4,C12H8OS,200.029586,27,326,8,Inactive,-1.1948108541488174e-16,-0.2252614864957968,0.2627634100881359,23.336760910930554,1.3680405768109198
https://comptox.epa.gov/dashboard/chemical/details/DTXSID0025812,Olivetol,500-66-3,C11H16O2,180.115030,73,329,22,Inactive,0.000018318297813606163,0.17288824207093595,0.20167097694949254,100,2
https://comptox.epa.gov/dashboard/chemical/details/DTXSID5026209,"2,3,6-Trichlorophenol",933-75-5,C6H3Cl3O,195.924948,12,326,4,Inactive,0.0000027130545649853274,0.051876143800015415,0.060512574338218744,100,2
https://comptox.epa.gov/dashboard/chemical/details/DTXSID3027297,Dodecanedioic acid,693-23-2,C12H22O4,230.151809,17,328,5,Inactive,-3.3249848685150854e-19,-0.10573826441053497,0.12334175435636033,178.46997132830438,2.251565153874021
https://comptox.epa.gov/dashboard/chemical/details/DTXSID0032520,Azoxystrobin,131860-33-8,C22H17N3O5,403.116821,274,883,31,Inactive,0,0.25329674985711603,0.29546603279624223,26.040374660804883,1.4156472284349257
https://comptox.epa.gov/dashboard/chemical/details/DTXSID4027604,2-[4-(Diethylamino)-2-hydroxybenzoyl]benzoic acid,5809-23-4,C18H19NO4,313.131408,21,326,6,Inactive,-6.472692010130522e-7,-0.02871391875418673,0.03349426182972724,100,2
https://comptox.epa.gov/dashboard/chemical/details/DTXSID8020963,4-Nitroanthranilic acid,619-17-0,C7H6N2O4,182.032757,11,331,3,Inactive,-1.2079428942204742e-10,-0.12671658158429527,0.14781257821639296,99.99999999999999,2
https://comptox.epa.gov/dashboard/chemical/details/DTXSID9021188,Probenecid,57-66-9,C13H19NO4S,285.103479,2,331,1,Inactive,-5.791760078736696e-9,-0.025484436038881692,0.029727129221774402,100,2
https://comptox.epa.gov/dashboard/chemical/details/DTXSID7021314,"2,2',5,5'-Tetrachlorobenzidine",15721-02-5,C12H8Cl4N2,319.944159,173,344,50,Inactive,1.8239919269641293e-10,0.29515281565329743,0.3442903691378353,11.1,1.0453229787866574
https://comptox.epa.gov/dashboard/chemical/details/DTXSID9021683,Tridecanedioic acid,505-52-2,C13H24O4,244.167459,14,331,4,Inactive,4.829454361185793e-13,0.1780761839641691,0.20772261642151776,48.59232133619162,1.6865676465299322
https://comptox.epa.gov/dashboard/chemical/details/DTXSID2027620,3'-Amino-4'-methoxyacetanilide,6375-47-9,C9H12N2O2,180.089878,11,326,3,Inactive,-8.485418697634114e-10,-0.09834627310815844,0.11471913150071945,100,2
https://comptox.epa.gov/dashboard/chemical/details/DTXSID9047411,3-Phenylpropyl cinnamate,122-68-9,C18H18O2,266.130680,13,328,4,Inactive,0.000001210827849131588,0.006705770953349116,0.007822159350816777,100,2
https://comptox.epa.gov/dashboard/chemical/details/DTXSID7023938,"1,2-Benzenedicarboxylic acid, 2-butoxy-2-oxoethyl butyl ester",85-70-1,C18H24O6,336.157288,20,449,4,Inactive,0.000002889511066036896,0.284583609417072,0.3319615830867533,99.99999999999999,2
https://comptox.epa.gov/dashboard/chemical/details/DTXSID1024465,2-Aminobenzimidazole,934-32-7,C7H7N3,133.063997,10,326,3,Inactive,2.2381193178336926e-8,0.14883092519478158,0.17360855616782406,99,1.99563519459755
https://comptox.epa.gov/dashboard/chemical/details/DTXSID1024966,"2,4-Dichloroaniline",554-00-7,C6H5Cl2N,160.979905,7,328,2,Inactive,0.000007918926996302486,0.06843736759277229,0.07983093943787713,100,2
https://comptox.epa.gov/dashboard/chemical/details/DTXSID4025824,Palladium(II) chloride,7647-10-1,Cl2Pd,175.841185,12,328,4,Inactive,-1.0816072598506445e-16,-0.1478528287883364,0.172467624572501,0.0823000001985445,-1.084600163740017
https://comptox.epa.gov/dashboard/chemical/details/DTXSID2026232,"2',4',5'-Trihydroxybutyrophenone",1421-63-2,C10H12O4,196.073559,32,331,10,Inactive,1.5912015617738762e-9,0.11784708753917593,0.1374664753947042,100,2
https://comptox.epa.gov/dashboard/chemical/details/DTXSID3021192,Promethazine hydrochloride,58-33-3,C17H21ClN2S,320.111398,116,331,35,Inactive,0.000014762179433447173,0.2578011391298693,0.3007203206200738,33.35,1.523095838252568
https://comptox.epa.gov/dashboard/chemical/details/DTXSID9021342,Bithionol,97-18-7,C12H6Cl4O2S,353.884261,241,453,53,Inactive,-1.0982891469539069e-7,-0.09159990215943185,0.10684961299676513,11.1,1.0453229787866574
https://comptox.epa.gov/dashboard/chemical/details/DTXSID7021603,(E)-Hexadec-9-enoic acid,10030-73-6,C16H30O2,254.224580,8,328,2,Inactive,2.441117558108961e-8,0.20426530073715576,0.2382717428501706,100,2
https://comptox.epa.gov/dashboard/chemical/details/DTXSID3021805,Piperine,94-62-2,C17H19NO3,285.136493,51,329,16,Inactive,2.1671529342349233e-7,0.21586715161797143,0.25180509002016743,100,2
https://comptox.epa.gov/dashboard/chemical/details/DTXSID8023973,4-Chlorophenyl methyl sulfide,123-09-1,C7H7ClS,157.995699,3,331,1,Inactive,-7.475830263884914e-11,-0.03554873491853694,0.04146695006244777,100,2
https://comptox.epa.gov/dashboard/chemical/details/DTXSID3024491,2-Amino-6-nitrobenzothiazole,6285-57-0,C7H5N3O2S,195.010248,29,328,9,Inactive,1.5807026843824362e-8,0.019035019158083227,0.022204002214840552,100,2
https://comptox.epa.gov/dashboard/chemical/details/DTXSID7025138,"N,N-Dimethyl-4-nitrosoaniline",138-89-6,C8H10N2O,150.079313,148,341,43,Inactive,0.011771401181364348,0.691573688448929,0.80670807749225,100,2
https://comptox.epa.gov/dashboard/chemical/details/DTXSID5025861,Phenethyl anthranilate,133-18-6,C15H15NO2,241.110279,80,329,24,Inactive,-5.767992148041286e-7,-0.27814678344368615,0.3244531431433708,33.35,1.523095838252568
https://comptox.epa.gov/dashboard/chemical/details/DTXSID7026520,7-Amino-4-hydroxynaphthalene-2-sulfonic acid,87-02-5,C10H9NO4S,239.025229,65,331,20,Inactive,0.0000019252836817423723,0.12533081273562738,0.14619610416246417,100,2
https://comptox.epa.gov/dashboard/chemical/details/DTXSID5027308,2-Ethylhexanoyl chloride,760-67-8,C8H15ClO,162.081143,1,331,0,Inactive,-0.000019971956595871453,-0.13222856259259333,0.1542422033982745,100,2
https://comptox.epa.gov/dashboard/chemical/details/DTXSID3027792,Ethyltriacetoxysilane,17689-77-9,C8H14O6Si,234.055965,19,444,4,Inactive,1.2562813686197757e-8,0.247896633609209,0.2891668958143912,181.18857039442761,2.2581307983563077
https://comptox.epa.gov/dashboard/chemical/details/DTXSID9021053,N-Methyl-N-nitrosoaniline,614-00-6,C7H8N2O,136.063663,0,326,0,Inactive,0,0.23343890681264132,0.2723022215450077,24.921632390509483,1.3965764856184326
https://comptox.epa.gov/dashboard/chemical/details/DTXSID3021275,Sodium diethyldithiocarbamate trihydrate,20624-25-3,C5H16NNaO3S2,225.046930,99,326,30,Inactive,-0.00004120419231827814,-0.32694946109283124,0.38138057534674785,100,2
https://comptox.epa.gov/dashboard/chemical/details/DTXSID9021344,"4,4'-Thiodianiline",139-65-1,C12H12N2S,216.072120,26,334,8,Inactive,0.000006974734562089391,0.05778065581612229,0.06740007977198745,100,2
https://comptox.epa.gov/dashboard/chemical/details/DTXSID7021867,4-Bromoaniline,106-40-1,C6H6BrN,170.968362,24,329,7,Inactive,0.000002837458315912105,0.6015438056278913,0.7016898633807466,0.08224038624545206,-1.0849148586616086
https://comptox.epa.gov/dashboard/chemical/details/DTXSID3023974,4-Chlorophenyl methyl sulfone,98-57-7,C7H7ClO2S,189.985528,6,331,2,Inactive,0.0000256839542886027,0.1701793085757472,0.19851105550011042,100,2
https://comptox.epa.gov/dashboard/chemical/details/DTXSID5024506,5-Aminosalicylic acid,89-57-6,C7H7NO3,153.042593,14,329,4,Inactive,0.0000016817337143345005,0.00863083827084048,0.010067715219519125,100,2
https://comptox.epa.gov/dashboard/chemical/details/DTXSID1025221,tert-Dodecanethiol,25103-58-6,C12H26S,202.175522,8,331,2,Inactive,-0.0002335314600213505,-0.07807996463946364,0.09107885279186134,100,2
https://comptox.epa.gov/dashboard/chemical/details/DTXSID9025873,Phenoxyacetic acid,122-59-8,C8H8O3,152.047344,1,328,0,Inactive,1.1693826032776838e-8,0.11755523103261582,0.13712603010992366,100,2
https://comptox.epa.gov/dashboard/chemical/details/DTXSID7026526,2-Amino-5-methylbenzenesulfonic acid,88-44-8,C7H9NO3S,187.030314,3,331,1,Inactive,0.000014059086004729382,0.06338512137656797,0.07393758649492077,100.00000000000001,2
https://comptox.epa.gov/dashboard/chemical/details/DTXSID1027346,Trichloromethylstannane,993-16-8,CH3Cl3Sn,239.832235,5,328,2,Inactive,3.731673164599823e-16,0.3264217553008678,0.3807650161778166,2.850197182265161,0.45487490639707695
https://comptox.epa.gov/dashboard/chemical/details/DTXSID5027803,"N-Ethyl-N-(3-methylphenyl)ethane-1,2-diamine",19248-13-6,C11H18N2,178.146999,27,326,8,Inactive,2.7017608715116822e-17,0.10260739220614518,0.11968964910848445,0.08230000138349816,-1.0846001574870545
https://comptox.epa.gov/dashboard/chemical/details/DTXSID6021117,Phenazone,60-80-0,C11H12N2O,188.094963,0,329,0,Inactive,3.9966264883355904e-8,0.15777538404848943,0.18404210406966276,100,2
https://comptox.epa.gov/dashboard/chemical/details/DTXSID4021347,Thiouracil,141-90-2,C4H4N2OS,128.004434,2,326,1,Inactive,1.6890908754302596e-7,0.1456541281610374,0.169902880445223,102.50000000000001,2.010723865391773
https://comptox.epa.gov/dashboard/chemical/details/DTXSID1021617,3-Methylbenzoic acid,99-04-7,C8H8O2,136.052429,7,328,2,Inactive,9.644905265127333e-17,0.18647949527222257,0.21752492559422903,0.08230000038290167,-1.0846001627671702
https://comptox.epa.gov/dashboard/chemical/details/DTXSID1022051,2-Tolualdehyde,529-20-4,C8H8O,120.057515,6,326,2,Inactive,-6.503613615754959e-7,-0.029578818108682247,0.03450315113124799,100,2
https://comptox.epa.gov/dashboard/chemical/details/DTXSID9024015,"4,4'-Dibromodiphenyl ether",2050-47-7,C12H8Br2O,325.894191,21,331,6,Inactive,0,0.16971963333478235,0.19797485272648954,0.33004209509137505,-0.48143066466761003
https://comptox.epa.gov/dashboard/chemical/details/DTXSID9024568,Benzenesulfonic acid,98-11-3,C6H6O3S,158.003765,2,328,1,Inactive,1.4103108450878867e-14,0.2949043505993416,0.34400053919006757,24.138207498986688,1.3827050162914527
https://comptox.epa.gov/dashboard/chemical/details/DTXSID7025346,Furfuryl acetate,623-17-6,C7H8O3,140.047344,3,326,1,Inactive,-4.631977384489321e-14,-0.16900354212854024,0.19713954541225046,168.09905472675328,2.2255652712734437
https://comptox.epa.gov/dashboard/chemical/details/DTXSID4044909,Dimethoxy(methyl)phenylsilane,3027-21-2,C9H14O2Si,182.076306,10,328,3,Inactive,0,-0.10952189610451596,0.1277552916276175,24.271194965138665,1.3850911588614034
https://comptox.epa.gov/dashboard/chemical/details/DTXSID8026060,Sulfacetamide,144-80-9,C8H10N2O3S,214.041213,0,336,0,Inactive,1.032758293162957e-7,0.08786848362876915,0.10249698142695929,100,2
https://comptox.epa.gov/dashboard/chemical/details/DTXSID3026560,3-Hydroxy-2-naphthoic acid,92-70-6,C11H8O3,188.047344,16,334,5,Inactive,-0.00001703872676025996,-0.19398285324855177,0.22627745564116658,100,2
https://comptox.epa.gov/dashboard/chemical/details/DTXSID6027503,Isophorone diamine,2855-13-2,C10H22N2,170.178299,6,328,2,Inactive,-0.000001906587205199152,-0.1218946871348447,0.1421879264024828,100,2
https://comptox.epa.gov/dashboard/chemical/details/DTXSID5027805,4-Methylphthalic anhydride,19438-61-0,C9H6O3,162.031694,1,326,0,Inactive,0,0.09610552445439757,0.11210533911848906,26.877113670746393,1.4293826280658322
https://comptox.epa.gov/dashboard/chemical/details/DTXSID1021118,Phenazopyridine hydrochloride,136-40-3,C11H12ClN5,249.078123,74,331,22,Inactive,0,-0.1612469711915832,0.18809164707112241,26.361844021505057,1.4209757860567853
https://comptox.epa.gov/dashboard/chemical/details/DTXSID2021282,Streptozotocin,18883-66-4,C8H15N3O7,265.091000,0,331,0,Inactive,0,-0.19310530529606534,0.22525381198108846,24.945251577492705,1.3969878882377542
https://comptox.epa.gov/dashboard/chemical/details/DTXSID6021371,Triamcinolone acetonide,76-25-5,C24H31FO6,434.210467,18,331,5,Inactive,0,0.3705372336889029,0.4322249160445693,24.573252181344923,1.3904626375930158
https://comptox.epa.gov/dashboard/chemical/details/DTXSID5021621,2-Methylbutanoic acid,116-53-0,C5H10O2,102.068080,2,328,1,Inactive,0.000003008410355345517,0.09148766866482799,0.10671869467500944,100,2
https://comptox.epa.gov/dashboard/chemical/details/DTXSID7022544,Acetazolamide,59-66-5,C4H6N4O3S2,221.988132,1,329,0,Inactive,4.928771275379107e-12,0.2548232742422528,0.2972466956128694,159.1900823435527,2.2019160073863486
https://comptox.epa.gov/dashboard/chemical/details/DTXSID5024346,"1,2,4-Tribromobenzene",615-54-3,C6H3Br3,311.778489,9,331,3,Inactive,0.000003788678478159385,0.18773687590315596,0.218991637136901,100,2
https://comptox.epa.gov/dashboard/chemical/details/DTXSID6024670,"1,2,3,4-Butanetetracarboxylic acid",1703-58-8,C8H10O8,234.037567,1,326,0,Inactive,0,0.3168515748711477,0.36960157548499795,25.05710578929185,1.3989309065492574
https://comptox.epa.gov/dashboard/chemical/details/DTXSID0025492,1-Chlorododecane,112-52-7,C12H25Cl,204.164479,21,326,6,Inactive,0.000165535217887178,0.2650018755965728,0.30911984820275407,100,2
https://comptox.epa.gov/dashboard/chemical/details/DTXSID5026120,"3,3',5,5'-Tetramethylbenzidine",54827-17-7,C16H20N2,240.162649,24,326,7,Inactive,0,0.2784687290755722,0.3248286868433318,25.33894235123391,1.4037884834515653
https://comptox.epa.gov/dashboard/chemical/details/DTXSID8026725,12-hydroxystearic acid,106-14-9,C18H36O3,300.266445,32,331,10,Inactive,1.2776995272134819e-9,0.1049512706083239,0.1224237404588046,100,2
https://comptox.epa.gov/dashboard/chemical/details/DTXSID5027512,Bis[2-(dimethylamino)ethyl]ether,3033-62-3,C8H20N2O,160.157563,15,331,5,Inactive,0.000002792782710937491,0.27598756060116664,0.3219344491310625,100,2
https://comptox.epa.gov/dashboard/chemical/details/DTXSID7029166,Sodium 6-hydroxynaphthalene-2-sulfonate,135-76-2,C10H7NaO4S,245.996274,1,326,0,Inactive,2.7576220890994986e-7,0.18100872918067296,0.2111433768600341,100,2
https://comptox.epa.gov/dashboard/chemical/details/DTXSID1029201,Potassium 6-hydroxynaphthalene-2-sulfonate,833-66-9,C10H7KO4S,261.970211,1,326,0,Inactive,4.258488759025029e-9,0.10544425448561724,0.12299879714839314,100,2
https://comptox.epa.gov/dashboard/chemical/details/DTXSID1031591,Methoxyacetic acid,625-45-6,C3H6O3,90.031694,2,328,1,Inactive,5.295681184656307e-8,0.1633670963367019,0.19056473433344673,100,2
https://comptox.epa.gov/dashboard/chemical/details/DTXSID3040697,"2,6-Dichlorotoluene",118-69-4,C7H6Cl2,159.984656,1,328,0,Inactive,0,-0.09415105622512421,0.10982548762313647,0.08230000044089103,-1.0846001624611623
https://comptox.epa.gov/dashboard/chemical/details/DTXSID3044598,Panthenol,16485-10-2,C9H19NO4,205.131408,0,331,0,Inactive,0,-0.29231507987430516,0.34098020217668884,0.008288507632957602,-2.0815236582454357
https://comptox.epa.gov/dashboard/chemical/details/DTXSID6044696,3-{[3-(Aziridin-1-yl)propanoyl]oxy}-2-({[3-(aziridin-1-yl)propanoyl]oxy}methyl)-2-(hydroxymethyl)propyl 3-(aziridin-1-yl)propanoate,57116-45-7,C20H33N3O7,427.231850,1,328,0,Inactive,0.000004829626644191768,0.25824771212943065,0.3012412398683813,99.99999999999999,2
https://comptox.epa.gov/dashboard/chemical/details/DTXSID2044765,3-Phenyl-2-propen-1-yl acetate,103-54-8,C11H12O2,176.083730,5,331,2,Inactive,4.15555683473328e-7,0.09508404874931947,0.11091380636353891,99.99999999999999,2
https://comptox.epa.gov/dashboard/chemical/details/DTXSID0044781,"2,3,4,5-Tetrachloro-6-(trichloromethyl)pyridine",1134-04-9,C6Cl7N,330.785043,114,328,35,Inactive,-0.000006684272619253916,-0.28261942413194646,0.3296703968232099,33.35,1.523095838252568
https://comptox.epa.gov/dashboard/chemical/details/DTXSID0044816,"(2Z)-3,7-Dimethylocta-2,6-dienenitrile",31983-27-4,C10H15N,149.120449,5,328,2,Inactive,-0.0001534371579772137,-0.28189491504021563,0.32882527019928254,100,2
https://comptox.epa.gov/dashboard/chemical/details/DTXSID3044831,1-Butoxy-1-oxopropan-2-yl butanoate,7492-70-8,C11H20O4,216.136159,0,331,0,Inactive,1.6350284598477742e-11,0.11196875264992513,0.13060950510134503,100,2
https://comptox.epa.gov/dashboard/chemical/details/DTXSID9044871,1-(2-Isocyanatopropan-2-yl)-3-(prop-1-en-2-yl)benzene,2094-99-7,C13H15NO,201.115364,14,328,4,Inactive,-2.1512534978329837e-11,-0.09320039043603427,0.108716553341998,100,2
https://comptox.epa.gov/dashboard/chemical/details/DTXSID5029265,"4'-Chloro-2',5'-dimethoxyacetoacetanilide",4433-79-8,C12H14ClNO4,271.061136,26,329,8,Inactive,8.368510120563397e-9,0.04971784457687207,0.05799495771104487,100,2
https://comptox.epa.gov/dashboard/chemical/details/DTXSID9033187,Amitriptyline hydrochloride,549-18-8,C20H24ClN,313.159727,88,334,26,Inactive,7.438428175057145e-7,0.3132689453071056,0.3654225035274494,63.8829508777698,1.8053849688367192
https://comptox.epa.gov/dashboard/chemical/details/DTXSID7040732,4-Chlorophenyl isocyanate,104-12-1,C7H4ClNO,152.998142,25,328,8,Inactive,0.000014590635403261586,0.25262835556766616,0.29468636306436125,100,2
https://comptox.epa.gov/dashboard/chemical/details/DTXSID1044568,"1,4-Dioxacyclohexadecane-5,16-dione",54982-83-1,C14H24O4,256.167459,11,333,3,Inactive,0,0.09506559724376254,0.11089228301928321,5.369597878136883,0.729941763195777
https://comptox.epa.gov/dashboard/chemical/details/DTXSID0044604,"1,4-Bis[(ethenyloxy)methyl]cyclohexane",17351-75-6,C12H20O2,196.146330,1,328,0,Inactive,7.359324166136889e-7,0.12285653253457555,0.1433099014952627,100,2
https://comptox.epa.gov/dashboard/chemical/details/DTXSID7044716,1-Cyclohexylpyrrolidin-2-one,6837-24-7,C10H17NO,167.131014,3,328,1,Inactive,0,-0.19315423316611297,0.22531088544793829,0.08260175591413327,-1.0830107205281243
https://comptox.epa.gov/dashboard/chemical/details/DTXSID2044767,2-(2-Pyridyl)ethanol,103-74-2,C7H9NO,123.068414,1,328,0,Inactive,1.418669512433967e-10,0.12870640698861652,0.1501336732107173,99.99999999999999,2
https://comptox.epa.gov/dashboard/chemical/details/DTXSID5044786,2-Benzyl-2-(dimethylamino)-1-[4-(morpholin-4-yl)phenyl]butan-1-one,119313-12-1,C23H30N2O2,366.230728,61,331,18,Inactive,2.1960774796513406e-8,0.14431040163298858,0.16833544799048517,100,2
https://comptox.epa.gov/dashboard/chemical/details/DTXSID5044817,Isobornyl cyclohexanol,3407-42-9,C16H28O,236.214016,82,331,25,Inactive,0.0069194590045399025,0.4849577400827401,0.5656943471122589,33.35,1.523095838252568
https://comptox.epa.gov/dashboard/chemical/details/DTXSID8044832,"3,7-Dimethyl-2,6-octadienal dimethyl acetal",7549-37-3,C12H22O2,198.161980,5,328,2,Inactive,0,-0.16079345182598312,0.1875626250136909,24.892847435717943,1.396074577399666
https://comptox.epa.gov/dashboard/chemical/details/DTXSID4044872,Bis[4-(glycidyloxy)phenyl]methane,2095-03-6,C19H20O4,312.136159,85,332,26,Inactive,0,-0.19198748944389932,0.22394990020400266,0.027400004116067515,-1.5622493719392736
https://comptox.epa.gov/dashboard/chemical/details/DTXSID7044922,1-(2-Hydroxyethyl)pyrrolidin-2-one,3445-11-2,C6H11NO2,129.078979,14,446,3,Inactive,7.595299832818623e-16,0.16861220363932233,0.19668305621152082,23.547100631950997,1.3719374398274093
https://comptox.epa.gov/dashboard/chemical/details/DTXSID4044791,Benzyl propanoate,122-63-4,C10H12O2,164.083730,2,449,0,Inactive,-7.361581296158321e-9,-0.030434449237521765,0.035501229216804916,100,2
https://comptox.epa.gov/dashboard/chemical/details/DTXSID8029282,"4,4'-(4-Methylpentane-2,2-diyl)diphenol",6807-17-6,C18H22O2,270.161980,171,341,50,Inactive,-6.745026630381915e-7,-0.398030805151919,0.4642956650461248,2.2025207182168267,0.34292000233490194
https://comptox.epa.gov/dashboard/chemical/details/DTXSID3033307,Cetylpyridinium bromide,140-72-7,C21H38BrN,383.218763,169,332,51,Inactive,0,-0.46683828479443584,0.5445583334307404,24.885641918931643,1.3959488477424593
https://comptox.epa.gov/dashboard/chemical/details/DTXSID5041803,Copper(I) iodide,7681-65-4,CuI,189.834070,24,328,7,Inactive,0,-0.31823387038342077,0.3712139979554551,24.97710095015215,1.397542029137546
https://comptox.epa.gov/dashboard/chemical/details/DTXSID0044573,2-(2-Methylbutan-2-yl)cyclohexyl acetate,67874-72-0,C13H24O2,212.177630,13,328,4,Inactive,0,0.08360126425420825,0.09751934795797876,1.3071742847842216,0.11633349567077365
https://comptox.epa.gov/dashboard/chemical/details/DTXSID5044607,sec-Butylparaben,17696-61-6,C11H14O3,194.094294,48,329,15,Inactive,0,-0.11302225321751125,0.1318383942735466,19.84251525739891,1.29759672291753
https://comptox.epa.gov/dashboard/chemical/details/DTXSID4044747,N-Butylphosphorothioic triamide,94317-64-3,C4H14N3PS,167.064606,3,328,1,Inactive,0,-0.08167679393694974,0.09527448847914513,0.08230000594292369,-1.084600133427112
https://comptox.epa.gov/dashboard/chemical/details/DTXSID2044769,Cyclamen aldehyde,103-95-7,C13H18O,190.135765,3,328,1,Inactive,0,0.08640720656578378,0.10079242842002184,0.08230000061152691,-1.0846001615607221
https://comptox.epa.gov/dashboard/chemical/details/DTXSID9044821,"Ethyl 2-cyano-3,3-diphenylacrylate",5232-99-5,C18H15NO2,277.110279,77,461,17,Inactive,-6.523624392114884e-7,-0.020714404259556254,0.024162974265406756,100,2
https://comptox.epa.gov/dashboard/chemical/details/DTXSID8044836,"2,4,4'-Trihydroxybenzophenone",1470-79-7,C13H10O4,230.057909,108,508,21,Inactive,4.682879266513441e-15,0.20965285911936504,0.2445562313110272,183.06202683826075,2.262598266503049
https://comptox.epa.gov/dashboard/chemical/details/DTXSID9044873,Decyl prop-2-enoate,2156-96-9,C13H24O2,212.177630,5,328,2,Inactive,2.2993510648792168e-9,0.17215279730042093,0.20081309405597972,100,2
https://comptox.epa.gov/dashboard/chemical/details/DTXSID2044927,Bis(2-ethylhexyl) phosphonate,3658-48-8,C16H35O3P,306.232382,4,331,1,Inactive,0.0000016600371852612924,0.11483653027075502,0.1339547153223464,100,2
https://comptox.epa.gov/dashboard/chemical/details/DTXSID3029364,4-Methoxy-2-methyl-N-phenylaniline,41317-15-1,C14H15NO,213.115364,40,326,12,Inactive,5.347411178354845e-8,0.14622258159151053,0.17056597099030918,100,2
https://comptox.epa.gov/dashboard/chemical/details/DTXSID2033314,Chlorhexidine,55-56-1,C22H30Cl2N10,504.203196,160,334,48,Inactive,0,0.7697505565085179,0.8978999663539581,24.75110829005112,1.393594650278766
https://comptox.epa.gov/dashboard/chemical/details/DTXSID0044440,"2,6-Di(butan-2-yl)phenol",5510-99-6,C14H22O,206.167065,31,328,9,Inactive,0,-0.10428749668493933,0.12164946029955791,0.02740000006889954,-1.562249436087543
https://comptox.epa.gov/dashboard/chemical/details/DTXSID3044413,1-Ethyl-2-pyrrolidinone,2687-91-4,C6H11NO,113.084064,1,328,0,Inactive,2.0363970658836156e-7,0.08143498623361617,0.09499242420929625,100,2
https://comptox.epa.gov/dashboard/chemical/details/DTXSID5044574,"2,4-Dimethyl-3-cyclohexene-1-carboxaldehyde",68039-49-6,C9H14O,138.104465,5,328,2,Inactive,2.4610721332330437e-8,0.04486908616289681,0.0523389695731283,100,2
https://comptox.epa.gov/dashboard/chemical/details/DTXSID4044616,Tetrabutylphosphonium chloride,2304-30-5,C16H36ClP,294.224316,22,328,7,Inactive,4.614816634019131e-11,0.030363580346204972,0.03541856194934944,100,2
https://comptox.epa.gov/dashboard/chemical/details/DTXSID3044750,4-Methoxy-2-nitroaniline,96-96-8,C7H8N2O3,168.053492,5,328,2,Inactive,8.051806931498781e-14,0.10613741070838131,0.12380735122326247,100,2
https://comptox.epa.gov/dashboard/chemical/details/DTXSID1044770,4-Methoxybenzyl acetate,104-21-2,C10H12O3,180.078644,1,331,0,Inactive,0,-0.20634217470245303,0.2406943784011216,26.008690038754768,1.4151184789445468
https://comptox.epa.gov/dashboard/chemical/details/DTXSID9044794,4-(Hydroxymethyl)-4-methyl-1-phenylpyrazolidin-3-one,13047-13-7,C11H14N2O2,206.105528,13,328,4,Inactive,-2.9642021941620046e-8,-0.06645224589824175,0.07751533123512065,99.99999999999999,2
https://comptox.epa.gov/dashboard/chemical/details/DTXSID4044822,3-Methyl-5-phenylpentan-1-ol,55066-48-3,C12H18O,178.135765,9,331,3,Inactive,-3.1101451342500324e-10,-0.05369470839689213,0.06263389672836375,100,2
https://comptox.epa.gov/dashboard/chemical/details/DTXSID7044841,Bisphenol A glycidyl methacrylate,1565-94-2,C29H36O8,512.241018,120,331,36,Inactive,4.4622887244675605e-10,0.11837494903367915,0.13808221618780453,100,2
https://comptox.epa.gov/dashboard/chemical/details/DTXSID8044882,Di(ethylene glycol) dimethacrylate,2358-84-1,C12H18O5,242.115424,4,328,1,Inactive,1.0573382866086158e-8,0.08602541347690006,0.10034707375445613,100,2
https://comptox.epa.gov/dashboard/chemical/details/DTXSID9044950,Exifone,52479-85-3,C13H10O7,278.042653,58,329,18,Inactive,1.9911346040525915e-10,0.1545734202082354,0.18030707172688476,100,2
https://comptox.epa.gov/dashboard/chemical/details/DTXSID0030162,2-Acetylthiazole,24295-03-2,C5H5NOS,127.009185,9,326,3,Inactive,-1.40673162393499e-14,-0.1947796598065752,0.22720691593916886,0.2755200667100773,-0.5598467650732201
https://comptox.epa.gov/dashboard/chemical/details/DTXSID4037584,Pentachloroaniline,527-20-8,C6H2Cl5N,262.862988,13,328,4,Inactive,0.00012340153157869456,0.40340648264178514,0.47056629466304156,100,2
https://comptox.epa.gov/dashboard/chemical/details/DTXSID0044577,Calcium bromide,7789-41-5,Br2Ca,197.799267,1,328,0,Inactive,-2.1365691115498023e-20,-0.17365642987827035,0.20256705399747507,24.177312291876017,1.3834080201937045
https://comptox.epa.gov/dashboard/chemical/details/DTXSID8044620,"Trimethyl benzene-1,2,4-tricarboxylate",2459-10-1,C12H12O6,252.063388,4,328,1,Inactive,0,-0.16958714551209408,0.19782030810092446,4.397303380145323,0.6431864296355901
https://comptox.epa.gov/dashboard/chemical/details/DTXSID8044753,"2,6-Dimethylhept-5-enal",106-72-9,C9H16O,140.120115,7,328,2,Inactive,2.8198211287751664e-8,0.13452202629025387,0.15691748691648866,100.00000000000001,2
https://comptox.epa.gov/dashboard/chemical/details/DTXSID1044774,"1,4-Dioxacycloheptadecane-5,17-dione",105-95-3,C15H26O4,270.183109,19,333,6,Inactive,4.6509339371720994e-15,0.17516758373369345,0.20432978737190044,177.23144019420275,2.2485407666010855
https://comptox.epa.gov/dashboard/chemical/details/DTXSID4044799,2-tert-Butylcyclohexanol,13491-79-7,C10H20O,156.151415,5,331,2,Inactive,-2.9344367474529603e-7,-0.023563429899452582,0.02748631064311312,100,2
https://comptox.epa.gov/dashboard/chemical/details/DTXSID4044824,4-Methyl-1-(1-methylethyl)-3-cyclohexen-1-ol,562-74-3,C10H18O,154.135765,4,331,1,Inactive,-8.127445583802217e-8,-0.10317982035890874,0.12035737609453279,100,2
https://comptox.epa.gov/dashboard/chemical/details/DTXSID3044883,Butane-1-sulfonyl chloride,2386-60-9,C4H9ClO2S,156.001178,1,328,0,Inactive,-5.634048141988925e-10,-0.1999473336875552,0.23323491314505182,100,2
https://comptox.epa.gov/dashboard/chemical/details/DTXSID3044960,"1,3-Propanediyl bis(p-aminobenzoate)",57609-64-0,C17H18N2O4,314.126657,38,340,11,Inactive,8.659226622220485e-7,0.13908783586537216,0.1622434204013213,100,2
https://comptox.epa.gov/dashboard/chemical/details/DTXSID1031460,1-Butyl-1-methylpyrrolidinium chloride,479500-35-1,C9H20ClN,177.128427,6,326,2,Inactive,3.526976519188543e-9,0.016781684060318013,0.01957552797554302,100,2
https://comptox.epa.gov/dashboard/chemical/details/DTXSID6037728,"2,3,4-Trihydroxbenzophenone",1143-72-2,C13H10O4,230.057909,46,332,14,Inactive,0,0.20082211686247933,0.23425533174259613,24.723167969225358,1.3931041194670095
https://comptox.epa.gov/dashboard/chemical/details/DTXSID1044514,Hexylparaben,1083-27-8,C13H18O3,222.125594,139,329,42,Inactive,1.732807403785144e-7,0.14528956596240206,0.16947762529844745,33.35,1.523095838252568
https://comptox.epa.gov/dashboard/chemical/details/DTXSID9044580,Pentaerythritol allyl ether,91648-24-7,, ,7,328,2,Inactive,5.68451544897493e-10,0.025350609685696267,0.029571023224829743,100,2
https://comptox.epa.gov/dashboard/chemical/details/DTXSID7040152,Arbutin,497-76-7,C12H16O7,272.089603,1,329,0,Inactive,0,-0.2587397491978854,0.30181519212275104,1.4044760228949478,0.1475143293593828
https://comptox.epa.gov/dashboard/chemical/details/DTXSID6044644,N-Isopropylphthalimide,304-17-6,C11H11NO2,189.078979,4,328,1,Inactive,-9.821554202615776e-11,-0.10544873597479865,0.12300402472367863,100,2
https://comptox.epa.gov/dashboard/chemical/details/DTXSID8044755,Prop-2-en-1-yl 3-cyclohexylpropanoate,2705-87-5,C12H20O2,196.146330,5,449,1,Inactive,0,-0.2648028314716673,0.30888766686615815,25.664625839797278,1.4093349371377564
https://comptox.epa.gov/dashboard/chemical/details/DTXSID1044776,2-Cyanoethyl prop-2-enoate,106-71-8,C6H7NO2,125.047678,49,328,15,Inactive,-3.897696351370487e-8,-0.04365676523888103,0.050924819355658575,100.49999999999999,2.002166061756508
https://comptox.epa.gov/dashboard/chemical/details/DTXSID6044808,3-(4-tert-Butylphenyl)propanal,18127-01-0,C13H18O,190.135765,17,329,5,Inactive,-4.1552326995448265e-10,-0.01792080500600368,0.020904291755128455,100.00000000000001,2
https://comptox.epa.gov/dashboard/chemical/details/DTXSID4044826,"3,7-Dimethyloctanal",5988-91-0,C10H20O,156.151415,5,328,2,Inactive,0,-0.08321868155506877,0.09707307222647023,0.5690928386240097,-0.24481687945167172
https://comptox.epa.gov/dashboard/chemical/details/DTXSID1044853,"Trisodium 2,4,6-trithioxo-1,3,5-triazinane-1,3,5-triide",17766-26-6,C3N3Na3S3,242.894743,2,328,1,Inactive,2.7852191596459725e-7,0.25306825312816367,0.29519949553491315,100,2
https://comptox.epa.gov/dashboard/chemical/details/DTXSID6042440,Teflubenzuron,83121-18-0,C14H6Cl2F4N2O2,379.974245,7,326,2,Inactive,-2.2688733527970773e-18,-0.10932909172353528,0.1275303888383546,0.8632510324993934,-0.06386289353625972
https://comptox.epa.gov/dashboard/chemical/details/DTXSID2044890,2-[(4-Hydroxyphenyl)methyl]phenol,2467-03-0,C13H12O2,200.083730,46,449,10,Inactive,-6.051608753922722e-8,-0.04930906154724483,0.057518119772514184,100,2
https://comptox.epa.gov/dashboard/chemical/details/DTXSID3044962,"3,3'-Sulphonyldianiline",599-61-1,C12H12N2O2S,248.061949,3,331,1,Inactive,3.4595039501616904e-8,0.11607959459004066,0.13540472714893745,100,2
https://comptox.epa.gov/dashboard/chemical/details/DTXSID6031461,1-Butyl-3-methylimidazolium chloride,79917-90-1,C8H15ClN2,174.092376,2,329,1,Inactive,0,-0.12626259451195504,0.14728301058759072,23.77445365706717,1.3761105455275486
https://comptox.epa.gov/dashboard/chemical/details/DTXSID7044552,Aluminum hydroxide acetate (1:1:2),142-03-0,C4H7AlO5,162.010887,4,328,1,Inactive,0,-0.12041229934055918,0.1404587481130251,1.528722572053728,0.18432867811461207
https://comptox.epa.gov/dashboard/chemical/details/DTXSID9044582,"1-tert-Butyl-3,4,5-trimethyl-2,6-dinitrobenzene",145-39-1,C13H18N2O4,266.126657,21,331,6,Inactive,3.0530674866473628e-12,0.271417641910758,0.31660372243828766,100,2
https://comptox.epa.gov/dashboard/chemical/details/DTXSID0044658,"1H-Isoindole-1,3(2H)-diimine",3468-11-9,C8H7N3,145.063997,92,328,28,Inactive,1.947620731383707e-8,0.05584288259243724,0.06513970269575581,100,2
https://comptox.epa.gov/dashboard/chemical/details/DTXSID8044757,3-Methylbutyl 3-methylbutanoate,659-70-1,C10H20O2,172.146330,7,328,2,Inactive,1.9707182362744336e-11,0.045472879531154795,0.0530432835102337,100,2
https://comptox.epa.gov/dashboard/chemical/details/DTXSID6044777,2-Hydroxy-1-[4-(2-hydroxyethoxy)phenyl]-2-methylpropan-1-one,106797-53-9,C12H16O4,224.104859,1,328,0,Inactive,0,0.12086885746833545,0.1409913148310388,1.809031740675164,0.2574461869146192
https://comptox.epa.gov/dashboard/chemical/details/DTXSID1044809,"3,7-Dimethyloct-6-en-3-ol",18479-51-1,C10H20O,156.151415,2,328,1,Inactive,0,0.08893877764825237,0.1037454598541031,25.900599137504948,1.4133098103786554
https://comptox.epa.gov/dashboard/chemical/details/DTXSID9044827,Propylene glycol diacetate,623-84-7,C7H12O4,160.073559,1,328,0,Inactive,-5.102244013427584e-8,-0.08598343598409816,0.10029810777572998,100,2
https://comptox.epa.gov/dashboard/chemical/details/DTXSID0044868,"N-(2,4-Dimethylphenyl)acetamide",2050-43-3,C10H13NO,163.099714,1,328,0,Inactive,-2.909277808059697e-7,-0.014184768595134744,0.01654627351239756,100,2
https://comptox.epa.gov/dashboard/chemical/details/DTXSID2044898,4-Ethenylphenyl acetate,2628-16-2,C10H10O2,162.068080,9,331,3,Inactive,-0.00000463874098527889,-0.20517212775453833,0.2393295400047319,100,2
https://comptox.epa.gov/dashboard/chemical/details/DTXSID7044976,"2,2-Bis[(prop-2-en-1-yloxy)methyl]butan-1-ol",682-09-7,C12H22O3,214.156895,5,328,2,Inactive,-0.00003040405908716533,-0.5289742714797481,0.6170388271210291,172.41509706801702,2.2365752909914196
https://comptox.epa.gov/dashboard/chemical/details/DTXSID1031462,N-Butylpyridinium chloride,1124-64-7,C9H14ClN,171.081477,2,326,1,Inactive,5.702701123329791e-10,0.28427663308053663,0.3316035007964373,170.1979440884123,2.230954309705969
https://comptox.epa.gov/dashboard/chemical/details/DTXSID1040245,Sucralose,56038-13-2,C12H19Cl3O8,396.014551,1,444,0,Inactive,1.0865017690500183e-11,0.15108258251758833,0.17623507331327343,100,2
https://comptox.epa.gov/dashboard/chemical/details/DTXSID1044560,"5-Bromo-5-nitro-1,3-dioxane",30007-47-7,C4H6BrNO4,210.948021,86,328,26,Inactive,1.8041933783015175e-10,0.15023428441819847,0.17524554907264775,33.35,1.523095838252568
https://comptox.epa.gov/dashboard/chemical/details/DTXSID4044587,3-[Ethyl(phenyl)amino]propanenitrile,148-87-8,C11H14N2,174.115698,7,328,2,Inactive,7.544372766874964e-12,0.0833250197807047,0.09719711382463903,100,2
https://comptox.epa.gov/dashboard/chemical/details/DTXSID7044689,N-(4-Methoxyphenyl)-3-oxobutanamide,5437-98-9,C11H13NO3,207.089543,6,328,2,Inactive,5.916027959534163e-7,0.1485828816678588,0.17331921792364205,100.00000000000001,2
https://comptox.epa.gov/dashboard/chemical/details/DTXSID7044764,2-Phenylethyl 2-methylpropanoate,103-48-0,C12H16O2,192.115030,2,446,0,Inactive,2.092943898796135e-7,0.18586024919078512,0.21680258634940985,100,2
https://comptox.epa.gov/dashboard/chemical/details/DTXSID6044779,"1,4-Butanediol diacrylate",1070-70-8,C10H14O4,198.089209,108,328,33,Inactive,-1.5201350284611748e-7,-0.06653012773366931,0.07760617897380523,99.99999999999999,2
https://comptox.epa.gov/dashboard/chemical/details/DTXSID0044810,"2,6-Dimethyloctan-2-ol",18479-57-7,C10H22O,158.167065,3,331,1,Inactive,-1.8918321086931598e-8,-0.19193414746869025,0.223887677764096,100.00000000000001,2
https://comptox.epa.gov/dashboard/chemical/details/DTXSID8044830,2-Hydroxy-2-methylpropiophenone,7473-98-5,C10H12O2,164.083730,4,331,1,Inactive,-1.4562217909185346e-7,-0.12485317198100414,0.14563894494526167,100,2
https://comptox.epa.gov/dashboard/chemical/details/DTXSID4044870,"Butane-1,4-diyl bis(2-methylprop-2-enoate)",2082-81-7,C12H18O4,226.120509,6,328,2,Inactive,-1.1603917515390274e-15,-0.2564660141872894,0.2991629217576963,0.1361867963434854,-0.8658649963375695
https://comptox.epa.gov/dashboard/chemical/details/DTXSID4044905,Tempone,2896-70-0,C9H16NO2,170.118104,2,328,1,Inactive,0,-0.18490536399312296,0.21568873020523016,26.021709403139564,1.4153358225855284
https://comptox.epa.gov/dashboard/chemical/details/DTXSID6044983,2-(2-Ethoxyethoxy)ethyl acrylate,7328-17-8,C9H16O4,188.104859,12,328,4,Inactive,-4.7785146036251236e-17,-0.17915175723878551,0.20897725300336037,179.69814947951812,2.2545436047941605
https://comptox.epa.gov/dashboard/chemical/details/DTXSID6044985,{2-[2-(Ethenyloxy)ethoxy]ethoxy}ethene,764-99-8,C8H14O3,158.094294,2,328,1,Inactive,-0.0000014484502144625884,-0.16524311119809942,0.19275307140795161,100,2
https://comptox.epa.gov/dashboard/chemical/details/DTXSID8047000,"1,2-Bis(2-chloroethoxy)ethane",112-26-5,C6H12Cl2O2,186.021435,2,328,1,Inactive,-1.4198661494889794e-8,-0.20687428757690227,0.2413150783512868,100,2
https://comptox.epa.gov/dashboard/chemical/details/DTXSID3047057,Ethyl isovalerate,108-64-5,C7H14O2,130.099380,0,328,0,Inactive,0,-0.24100555696956544,0.28112858076471575,25.08155607683484,1.3993544769201998
https://comptox.epa.gov/dashboard/chemical/details/DTXSID2047068,"cis-3,7-Dimethyl-2,6-octadien-1-yl acetate",141-12-8,C12H20O2,196.146330,1,331,0,Inactive,-2.5612382856781013e-7,-0.007228218125688275,0.008431584435993523,100,2
https://comptox.epa.gov/dashboard/chemical/details/DTXSID0047086,(E)-2-Nonenal,18829-56-6,C9H16O,140.120115,20,328,6,Inactive,-4.4556094265278175e-8,-0.10250176541408981,0.1195664373845946,100,2
https://comptox.epa.gov/dashboard/chemical/details/DTXSID9047095,Ethyl 3-phenylpropionate,2021-28-5,C11H14O2,178.099380,0,328,0,Inactive,-6.847041586726711e-8,-0.013136055550302525,0.01532296889805476,100,2
https://comptox.epa.gov/dashboard/chemical/details/DTXSID0047111,Sclareol,515-03-7,C20H36O2,308.271530,123,331,37,Inactive,8.674782348537248e-13,0.024724850236372626,0.028841086255323767,33.35,1.523095838252568
https://comptox.epa.gov/dashboard/chemical/details/DTXSID4047125,9-Decenyl acetate,50816-18-7,C12H22O2,198.161980,0,328,0,Inactive,0,-0.16242780153772396,0.18946906410460757,26.582897408501932,1.4246023152051266
https://comptox.epa.gov/dashboard/chemical/details/DTXSID7047142,beta-Cyclocitral,432-25-7,C10H16O,152.120115,6,328,2,Inactive,2.7941740464587933e-12,0.1623774468091812,0.18941032623338164,175.07537249194394,2.2432250590298746
https://comptox.epa.gov/dashboard/chemical/details/DTXSID0047163,"6-Acetyl-1,2,3,4-tetrahydronaphthalene",774-55-0,C12H14O,174.104465,5,331,2,Inactive,-0.0000011831168836661439,-0.023497909676855125,0.027409882500036998,100,2
https://comptox.epa.gov/dashboard/chemical/details/DTXSID8047187,Citronellyl propionate,141-14-0,C13H24O2,212.177630,13,331,4,Inactive,0,-0.16571700559714986,0.19330586056979746,6.380089029549115,0.8048267390302742
https://comptox.epa.gov/dashboard/chemical/details/DTXSID4047098,3-Phenylbutyraldehyde,16251-77-7,C10H12O,148.088815,23,328,7,Inactive,-1.7124376597017832e-7,-0.021578247710230477,0.025170631874403743,100,2
https://comptox.epa.gov/dashboard/chemical/details/DTXSID1044986,"3,6,9,12-Tetraoxatetradeca-1,13-diene",765-12-8,C10H18O4,202.120509,2,328,1,Inactive,-9.487272826241361e-7,-0.19546083485498644,0.22800149419296561,100,2
https://comptox.epa.gov/dashboard/chemical/details/DTXSID3047001,Phenylacetaldehyde dimethyl acetal,101-48-4,C10H14O2,166.099380,2,331,1,Inactive,-6.2416453302089586e-9,-0.09829462715738925,0.11465888744234772,100,2
https://comptox.epa.gov/dashboard/chemical/details/DTXSID9047045,Longifolene,475-20-7,C15H24,204.187801,4,328,1,Inactive,6.11071035043477e-14,0.08417692342488295,0.09819084386741295,99.99999999999999,2
https://comptox.epa.gov/dashboard/chemical/details/DTXSID8047058,Ethyl levulinate,539-88-8,C7H12O3,144.078644,2,328,1,Inactive,-1.041470031431639e-14,-0.1741213745115245,0.2031094034209675,0.6793273302052623,-0.16792091283666624
https://comptox.epa.gov/dashboard/chemical/details/DTXSID1047071,2-Methylphenethyl alcohol,19819-98-8,C9H12O,136.088815,1,328,0,Inactive,5.838067611769995e-10,0.1377420595707506,0.16067359693131092,100,2
https://comptox.epa.gov/dashboard/chemical/details/DTXSID5047087,Methyl 2-methoxybenzoate,606-45-1,C9H10O3,166.062994,2,328,1,Inactive,4.790485538633243e-10,0.06393859724456853,0.07458320598691516,100,2
https://comptox.epa.gov/dashboard/chemical/details/DTXSID0047113,(-)-Ambroxide,6790-58-5,C16H28O,236.214016,81,446,18,Inactive,3.861492487271642e-18,0.05076184235224475,0.059212762049677216,100,2
https://comptox.epa.gov/dashboard/chemical/details/DTXSID9047126,Ethyl o-anisate,7335-26-4,C10H12O3,180.078644,2,328,1,Inactive,8.262596543802045e-9,0.02541579278343607,0.029647058117916267,100,2
https://comptox.epa.gov/dashboard/chemical/details/DTXSID2047149,4-Isopropylcyclohexanol,4621-04-9,C9H18O,142.135765,0,328,0,Inactive,-1.815571299491283e-7,-0.031437494597066004,0.036671263310279846,100,2
https://comptox.epa.gov/dashboard/chemical/details/DTXSID5047164,delta-Octanolactone,698-76-0,C8H14O2,142.099380,6,328,2,Inactive,-2.7527176386253853e-17,-0.18073336869824752,0.21082217388614283,48.883138789132644,1.6891590842032984
https://comptox.epa.gov/dashboard/chemical/details/DTXSID3047188,2-Cyclohexylethyl acetate,21722-83-8,C10H18O2,170.130680,5,328,2,Inactive,-4.7663262481417236e-8,-0.025107468098327784,0.029287403003614623,100,2
https://comptox.epa.gov/dashboard/chemical/details/DTXSID5044992,"2,5-Bis(2-methylbutan-2-yl)benzene-1,4-diol",79-74-3,C16H26O2,250.193280,109,331,33,Inactive,0.000053260690685831846,0.12490209123071404,0.14569600835664498,100,2
https://comptox.epa.gov/dashboard/chemical/details/DTXSID8047050,Nootkatone,4674-50-4,C15H22O,218.167065,16,328,5,Inactive,0,0.2228817688807449,0.25998751295052425,26.46234217390025,1.4226282808259145
https://comptox.epa.gov/dashboard/chemical/details/DTXSID5047031,Tribenzylamine,620-40-6,C21H21N,287.167400,26,328,8,Inactive,0.0000031152661723035158,0.22676679130501343,0.2645193206569815,100,2
https://comptox.epa.gov/dashboard/chemical/details/DTXSID4047046,Butyl 2-methylbutyrate,15706-73-7,C9H18O2,158.130680,4,328,1,Inactive,1.9498798099843557e-7,0.08056627244265586,0.09397908543730168,100,2
https://comptox.epa.gov/dashboard/chemical/details/DTXSID3047059,Butyrophenone,495-40-9,C10H12O,148.088815,2,328,1,Inactive,-3.177599036167934e-13,-0.248998066172682,0.29045169678442156,19.025043180241767,1.2793256511413986
https://comptox.epa.gov/dashboard/chemical/details/DTXSID6047072,"3,5,5-Trimethyl-2-cyclohexen-1-ol",470-99-5,C9H16O,140.120115,4,328,1,Inactive,-1.232041044325081e-8,-0.07260302244616812,0.08469009974777282,100,2
https://comptox.epa.gov/dashboard/chemical/details/DTXSID9047099,6-Hexyltetrahydro-2H-pyran-2-one,710-04-3,C11H20O2,184.146330,18,328,5,Inactive,-0.00001867337857705132,-0.11525492663355791,0.13444276703845995,100,2
https://comptox.epa.gov/dashboard/chemical/details/DTXSID0047115,"3,7-Dimethylocta-2,6-dienoic acid",459-80-3,C10H16O2,168.115030,2,328,1,Inactive,1.1834695188464821e-8,0.20361287166651412,0.23751069625445959,100,2
https://comptox.epa.gov/dashboard/chemical/details/DTXSID4047129,Methyl geranate,2349-14-6,C11H18O2,182.130680,12,328,4,Inactive,0,0.1357588794036072,0.15836025348479377,0.08230000003562381,-1.0846001645997445
https://comptox.epa.gov/dashboard/chemical/details/DTXSID1047152,Geranyl butyrate,106-29-6,C14H24O2,224.177630,8,328,2,Inactive,0,-0.15773938120114958,0.18400010740575423,24.512439247730686,1.3893865303103934
https://comptox.epa.gov/dashboard/chemical/details/DTXSID0047165,Methyl benzodioxepinone,28940-11-6,C10H10O3,178.062994,6,328,2,Inactive,0.000009717895406669407,0.183626138244966,0.21419653673227027,100,2
https://comptox.epa.gov/dashboard/chemical/details/DTXSID8047189,Decyl acetate,112-17-4,C12H24O2,200.177630,4,328,1,Inactive,0,0.10669139917359535,0.12445356865054491,0.08230000366244697,-1.0846001454611145
https://comptox.epa.gov/dashboard/chemical/details/DTXSID5044994,2-Ethylanthraquinone,84-51-5,C16H12O2,236.083730,28,328,9,Inactive,4.483189450138544e-7,0.14689293709332543,0.17134792844059668,100,2
https://comptox.epa.gov/dashboard/chemical/details/DTXSID0047032,(-)-alpha-Cedrene,469-61-4,C15H24,204.187801,12,331,4,Inactive,0,0.09452953188190825,0.11026697256474356,0.44879722890894175,-0.34794983328770346
https://comptox.epa.gov/dashboard/chemical/details/DTXSID2047060,"1,3-Dimethoxybenzene",151-10-0,C8H10O2,138.068080,0,328,0,Inactive,-1.1553693088988686e-10,-0.04743066579831162,0.05532700543618064,100,2
https://comptox.epa.gov/dashboard/chemical/details/DTXSID6047074,Isobutyl benzoate,120-50-3,C11H14O2,178.099380,4,328,1,Inactive,-3.793067990906074e-7,-0.0002457856857394341,0.00028670451367615254,100,2
https://comptox.epa.gov/dashboard/chemical/details/DTXSID0047088,beta-Homocyclocitral,472-66-2,C11H18O,166.135765,10,328,3,Inactive,0.00004345519552609608,0.39224580856848723,0.45754757218188313,100,2
https://comptox.epa.gov/dashboard/chemical/details/DTXSID1047104,"trans,cis-2,6-Nonadienal",557-48-2,C9H14O,138.104465,33,328,10,Inactive,9.829686073434773e-11,0.14802370848258128,0.17266695261509316,100,2
https://comptox.epa.gov/dashboard/chemical/details/DTXSID5047116,(-)-Isopulegol,89-79-2,C10H18O,154.135765,2,331,1,Inactive,-5.326545763715148e-14,-0.2155520665989016,0.2514375490997624,0.10771586361442115,-0.9677203322371642
https://comptox.epa.gov/dashboard/chemical/details/DTXSID3047130,Benzyl (2E)-2-methylbut-2-enoate,37526-88-8,C12H14O2,190.099380,3,328,1,Inactive,2.96139124211058e-19,0.3419434706586334,0.39887081367240956,0.0817884913263065,-1.087307802748167
https://comptox.epa.gov/dashboard/chemical/details/DTXSID1047158,2-Heptanol,543-49-7,C7H16O,116.120115,2,328,1,Inactive,5.826330600547465e-12,0.044315342349189366,0.05169303752736027,100,2
https://comptox.epa.gov/dashboard/chemical/details/DTXSID5047166,4-(4-Methoxyphenyl)-2-butanone,104-20-1,C11H14O2,178.099380,2,328,1,Inactive,2.4043097071977765e-9,0.0706888553213213,0.08245725875472212,100,2
https://comptox.epa.gov/dashboard/chemical/details/DTXSID7047190,5-Octyldihydrofuran-2(3H)-one,2305-05-7,C12H22O2,198.161980,14,328,4,Inactive,-4.937359875181688e-9,-0.002183926704387073,0.0025475106160146883,99.99999999999999,2
https://comptox.epa.gov/dashboard/chemical/details/DTXSID5044996,"3,3,5-Trimethylcyclohexanone",873-94-9,C9H16O,140.120115,1,328,0,Inactive,-5.75228865117112e-10,-0.26865253145891016,0.31337827159491216,100,2
https://comptox.epa.gov/dashboard/chemical/details/DTXSID0047034,"(2E,6Z)-1,1-diethoxynona-2,6-diene",67674-36-6,C13H24O2,212.177630,26,328,8,Inactive,-0.000012228004492184262,-0.11122034433694834,0.12973650047230134,100,2
https://comptox.epa.gov/dashboard/chemical/details/DTXSID3047051,Ocimene-Limonene mixture,NOCAS_47051,, ,14,328,4,Inactive,0,-0.1296274298285332,0.15120802953300894,2.172962949517838,0.33705232137016394
https://comptox.epa.gov/dashboard/chemical/details/DTXSID7047061,Heptadecane,629-78-7,C17H36,240.281701,6,331,2,Inactive,-1.3062266221955786e-7,-0.09271022541707595,0.10814478479917695,100,2
https://comptox.epa.gov/dashboard/chemical/details/DTXSID6047078,(S)-Limonene,5989-54-8,C10H16,136.125201,1,331,0,Inactive,-3.153425764435668e-16,-0.27780005891522097,0.3240486953130826,182.8231722666834,2.262031240357127
https://comptox.epa.gov/dashboard/chemical/details/DTXSID9047091,1-Phenylethyl propionate,120-45-6,C11H14O2,178.099380,2,328,1,Inactive,3.4905058966348645e-7,0.06936394609334648,0.08091177633686371,100,2
https://comptox.epa.gov/dashboard/chemical/details/DTXSID6047105,2-Methoxy-4-methylphenol,93-51-6,C8H10O2,138.068080,7,328,2,Inactive,-1.5899955498928237e-7,-0.1637042171947348,0.1909579796575657,100,2
https://comptox.epa.gov/dashboard/chemical/details/DTXSID0047117,Ytterbium(III) chloride,10361-91-8,Cl3Yb,278.845430,2,328,1,Inactive,-6.082397854093814e-12,-0.04485781197225124,0.05232581843563872,100,2
https://comptox.epa.gov/dashboard/chemical/details/DTXSID8047131,3-Methyl-2-butenyl benzoate,5205-11-8,C12H14O2,190.099380,6,328,2,Inactive,-5.5178337977520144e-8,-0.1940231867740284,0.2263245039620313,100,2
https://comptox.epa.gov/dashboard/chemical/details/DTXSID6047159,p-Tolyl isovalerate,55066-56-3,C12H16O2,192.115030,2,328,1,Inactive,2.4704986083043326e-9,0.090165566903482,0.10517648711570132,100,2
https://comptox.epa.gov/dashboard/chemical/details/DTXSID0047169,5-Methyl-2-thiophenecarboxaldehyde,13679-70-4,C6H6OS,126.013936,22,331,7,Inactive,1.986181539610402e-11,0.07311357329861036,0.08528564799305012,100,2
https://comptox.epa.gov/dashboard/chemical/details/DTXSID2047191,Linalyl benzoate,126-64-7,C17H22O2,258.161980,30,331,9,Inactive,2.2045833830407983e-11,0.01213828912526053,0.014159092585268485,100,2
https://comptox.epa.gov/dashboard/chemical/details/DTXSID0044997,"2,6-Di-tert-butyl-4-[(dimethylamino)methyl]phenol",88-27-7,C17H29NO,263.224915,57,448,13,Inactive,5.550287553428789e-9,0.03427573856954935,0.03998202306985259,100,2
https://comptox.epa.gov/dashboard/chemical/details/DTXSID0047038,4-Ethyl-2-methoxyphenol,2785-89-9,C9H12O2,152.083730,1,328,0,Inactive,-8.54340903562597e-11,-0.06508011549280093,0.07591476617613986,100,2
https://comptox.epa.gov/dashboard/chemical/details/DTXSID8047052,Valencene,4630-07-3,C15H24,204.187801,25,328,8,Inactive,1.3513923676029778e-17,0.21504948073723207,0.2508512918707583,5.370985427359745,0.7300539740426315
https://comptox.epa.gov/dashboard/chemical/details/DTXSID0047080,4-Ethylbenzaldehyde,4748-78-1,C9H10O,134.073165,0,328,0,Inactive,-3.1795089930371355e-7,-0.09347938921727586,0.10904200032501275,100,2
https://comptox.epa.gov/dashboard/chemical/details/DTXSID4047092,cis-Jasmone,488-10-8,C11H16O,164.120115,7,328,2,Inactive,-5.963874703922346e-10,-0.16395845642139806,0.19125454507234402,100,2
https://comptox.epa.gov/dashboard/chemical/details/DTXSID1047106,Citronellic acid,502-47-6,C10H18O2,170.130680,4,328,1,Inactive,7.668447054575792e-9,0.0973096065691183,0.11350987891537999,99.99999999999999,2
https://comptox.epa.gov/dashboard/chemical/details/DTXSID9047120,"4'-tert-Butyl-2',6'-dimethylacetophenone",2040-10-0,C14H20O,204.151415,14,328,4,Inactive,0,-0.20572326332535854,0.23997242958280582,25.344178698749236,1.4038782220782409
https://comptox.epa.gov/dashboard/chemical/details/DTXSID3047136,Bromopentafluorobenzene,344-04-7,C6BrF5,245.910354,2,328,1,Inactive,-0.000022349048273334805,-0.2287202184642783,0.2667979577631821,100,2
https://comptox.epa.gov/dashboard/chemical/details/DTXSID5047160,Linalyl isovalerate,1118-27-0,C15H26O2,238.193280,18,331,5,Inactive,7.092428972299741e-7,0.11046085086255687,0.12885056520491373,100,2
https://comptox.epa.gov/dashboard/chemical/details/DTXSID3023685,Tolcapone,134308-13-7,C14H11NO5,273.063722,95,332,29,Inactive,1.731333426682049e-13,0.1812746306621717,0.2114535460820924,0.08230000004409765,-1.0846001645550283
https://comptox.epa.gov/dashboard/chemical/details/DTXSID9047174,Bis(2-butoxyethyl) phthalate,117-83-9,C20H30O6,366.204239,44,328,13,Inactive,1.1328925303509962e-9,0.1451084335610791,0.16926633766029206,100.00000000000001,2
https://comptox.epa.gov/dashboard/chemical/details/DTXSID7047192,"trans-2,cis-6-Nonadien-1-ol",28069-72-9,C9H16O,140.120115,5,328,2,Inactive,8.130399104479509e-12,0.13127833371122055,0.15313377876200893,100,2
https://comptox.epa.gov/dashboard/chemical/details/DTXSID5044998,Fluxofenim,88485-37-4,C12H11ClF3NO3,309.037955,11,328,3,Inactive,-3.8305524329886464e-8,-0.000026738835882988572,0.000031190363731050804,100,2
https://comptox.epa.gov/dashboard/chemical/details/DTXSID4047042,"4-(2,5,6,6-Tetramethyl-2-cyclohexen-1-yl)-3-buten-2-one",79-69-6,C14H22O,206.167065,12,328,4,Inactive,0,0.09246295755919966,0.1078563513587718,0.7888344956335456,-0.10301410600836466
https://comptox.epa.gov/dashboard/chemical/details/DTXSID3047053,(R)-alpha-Phellandrene,4221-98-1,C10H16,136.125201,22,326,7,Inactive,-0.0000020606182210886104,-0.2049850920186884,0.23911136623466228,100,2
https://comptox.epa.gov/dashboard/chemical/details/DTXSID7047065,"1,2-Dimethoxybenzene",91-16-7,C8H10O2,138.068080,0,331,0,Inactive,-1.0688321041488697e-10,-0.15456635237517174,0.18029882722869456,100,2
https://comptox.epa.gov/dashboard/chemical/details/DTXSID5047081,2-tert-Butylcyclohexanone,1728-46-7,C10H18O,154.135765,4,328,1,Inactive,-3.0559980765896554e-9,-0.3210027478331331,0.3744438429330435,165.9631277505215,2.220011610972507
https://comptox.epa.gov/dashboard/chemical/details/DTXSID9047093,Methyl 2-octynoate,111-12-6,C9H14O2,154.099380,9,328,3,Inactive,3.2716886448353913e-7,0.24596912834186765,0.2869184961217127,100,2
https://comptox.epa.gov/dashboard/chemical/details/DTXSID6047107,"3,5,5-Trimethylhexanal",5435-64-3,C9H18O,142.135765,7,328,2,Inactive,0,-0.04140976740941249,0.04830373742409274,0.18735413106140678,-0.7273367264965576
https://comptox.epa.gov/dashboard/chemical/details/DTXSID4047123,Nonyl acetate,143-13-5,C11H22O2,186.161980,2,328,1,Inactive,0,0.15567755124497637,0.1815950204167005,0.27794419731421005,-0.5560423883666502
https://comptox.epa.gov/dashboard/chemical/details/DTXSID8047139,5-Cyclohexadecen-1-one,37609-25-9,C16H28O,236.214016,46,328,14,Inactive,-3.983430773721801e-7,-0.1755018911972367,0.20471975092272773,100,2
https://comptox.epa.gov/dashboard/chemical/details/DTXSID0032493,Triadimenol,55219-65-3,C14H18ClN3O2,295.108754,116,733,16,Inactive,0,0.08284871660115137,0.09664151486432766,1.1198869198333439,0.04917417215969527
https://comptox.epa.gov/dashboard/chemical/details/DTXSID3047184,"2,3,5-Trimethylphenol",697-82-5,C9H12O,136.088815,2,328,1,Inactive,0,0.08573326377193438,0.10000628645909015,1.3186157077519352,0.12011824488664395
https://comptox.epa.gov/dashboard/chemical/details/DTXSID2047193,Rhodinol,141-25-3,C10H20O,156.151415,12,328,4,Inactive,-3.116764068444888e-8,-0.12368288607862211,0.1442738278128498,100,2
https://comptox.epa.gov/dashboard/chemical/details/DTXSID0046567,4-Tolyl acetate,140-39-6,C9H10O2,150.068080,2,328,1,Inactive,-0.000016899882428471753,-0.17143416964943348,0.19997482802526784,100,2
https://comptox.epa.gov/dashboard/chemical/details/DTXSID4047044,Ethyl dodecanoate,106-33-2,C14H28O2,228.208930,1,328,0,Inactive,-0.00009248841416502682,-0.15948137683666486,0.18603211350083604,100,2
https://comptox.epa.gov/dashboard/chemical/details/DTXSID3047055,"1-Oxaspiro(4.5)dec-6-ene, 2,6,10,10-tetramethyl-, (2S,5S)-",66537-39-1,C13H22O,194.167065,12,328,4,Inactive,-1.043165376157273e-8,-0.2323543371502815,0.2710370908411618,100,2
https://comptox.epa.gov/dashboard/chemical/details/DTXSID2047066,"2,3-Hexanedione",3848-24-6,C6H10O2,114.068080,4,326,1,Inactive,-0.000014009898158053035,-0.3356429456647671,0.39152136633239687,99.99999999999999,2
https://comptox.epa.gov/dashboard/chemical/details/DTXSID0047082,3-sec-Butyl-2-methoxypyrazine,24168-70-5,C9H14N2O,166.110613,1,328,0,Inactive,1.558401603085114e-7,0.13270467750284926,0.15479758274588876,100,2
https://comptox.epa.gov/dashboard/chemical/details/DTXSID6047109,Hydrotropic aldehyde dimethyl acetal,90-87-9,C11H16O2,180.115030,2,331,1,Inactive,-7.854810944636245e-12,-0.0277912298971508,0.03241796212889218,100,2
https://comptox.epa.gov/dashboard/chemical/details/DTXSID9047124,Heptyl acetate,112-06-1,C9H18O2,158.130680,4,328,1,Inactive,0,-0.05871116703288387,0.06848550411258415,0.17205560742621054,-0.7643311688170892
https://comptox.epa.gov/dashboard/chemical/details/DTXSID2047141,Cyclopentadecanone,502-72-7,C15H28O,224.214016,27,328,8,Inactive,1.4201438902178193e-7,0.2884263438781598,0.33644406265645754,174.79629860606732,2.2425322320055927
https://comptox.epa.gov/dashboard/chemical/details/DTXSID0047161,"4-(1,3-Benzodioxol-5-yl)butan-2-one",55418-52-5,C11H12O3,192.078644,6,328,2,Inactive,1.1504921174563408e-17,0.09673750141905943,0.11284252870608774,173.63538650402833,2.239638238106189
https://comptox.epa.gov/dashboard/chemical/details/DTXSID3047186,Isobutyl salicylate,87-19-4,C11H14O3,194.094294,2,328,1,Inactive,-5.814217414719445e-16,-0.14094388577435701,0.1644084687234531,182.29439491058073,2.260773315408522
https://comptox.epa.gov/dashboard/chemical/details/DTXSID2047195,p-Mentha-8-thiol-3-one,38462-22-5,C10H18OS,186.107836,12,328,4,Inactive,-6.472905966134031e-12,-0.007961029637581479,0.009286395681414714,100,2
https://comptox.epa.gov/dashboard/chemical/details/DTXSID2047197,"Bicyclo(2.2.1)heptan-2-ol, 1,3,3-trimethyl-, acetate, (1S,2R,4R)-",76109-40-5,C12H20O2,196.146330,0,328,0,Inactive,-1.5269795213267014e-10,-0.17997830841161858,0.20994140985131768,180.9795865749069,2.257629591787194
https://comptox.epa.gov/dashboard/chemical/details/DTXSID5047405,Citronellyl butyrate,141-16-2,C14H26O2,226.193280,14,328,4,Inactive,-1.3654754835036411e-8,-0.00625415200743998,0.007295354098247744,100,2
https://comptox.epa.gov/dashboard/chemical/details/DTXSID4047416,2-methyl-6-methylideneoct-7-en-2-yl acetate,1118-39-4,C12H20O2,196.146330,3,328,1,Inactive,6.443079673738569e-14,0.027815795541797805,0.032446617504735056,100,2
https://comptox.epa.gov/dashboard/chemical/details/DTXSID6047444,"6-Methyl-1,2,3,4-tetrahydroquinoline",91-61-2,C10H13N,147.104799,12,328,4,Inactive,-4.995922825519094e-14,-0.15473316178486152,0.18049340735868802,168.28515659546997,2.2260458112047554
https://comptox.epa.gov/dashboard/chemical/details/DTXSID2047519,Hexyl isobutyrate,2349-07-7,C10H20O2,172.146330,4,328,1,Inactive,-1.5578201126294203e-7,-0.08238037909017537,0.09609520771093623,100,2
https://comptox.epa.gov/dashboard/chemical/details/DTXSID7047560,(3Z)-Hex-3-en-1-yl hexanoate,31501-11-8,C12H22O2,198.161980,6,328,2,Inactive,3.288416591029729e-10,0.012358450185834528,0.014415906441666987,100,2
https://comptox.epa.gov/dashboard/chemical/details/DTXSID5047582,Hexyl propanoate,2445-76-3,C9H18O2,158.130680,1,328,0,Inactive,-3.219666019986618e-9,-0.1426808887998407,0.16643465103011215,99.99999999999999,2
https://comptox.epa.gov/dashboard/chemical/details/DTXSID1047601,"1,1-Dimethylphenylethanol",100-86-7,C10H14O,150.104465,4,331,1,Inactive,-2.0116986898367597e-18,-0.1726631286919686,0.20140838630413146,24.319939769016433,1.3859624950243736
https://comptox.epa.gov/dashboard/chemical/details/DTXSID0047618,4-Pentanolide,108-29-2,C5H8O2,100.052429,2,328,1,Inactive,2.416368701554651e-12,0.09034019596921727,0.10538018873166291,99.99999999999999,2
https://comptox.epa.gov/dashboard/chemical/details/DTXSID7047643,1-Cyclohexylethanol,1193-81-3,C8H16O,128.120115,1,331,0,Inactive,9.843613653711054e-9,0.2101392065200311,0.24512354667183076,100,2
https://comptox.epa.gov/dashboard/chemical/details/DTXSID1047655,Octanenitrile,124-12-9,C8H15N,125.120449,3,328,1,Inactive,-0.0000010547580917961019,-0.11343493200789713,0.13231977654585467,100,2
https://comptox.epa.gov/dashboard/chemical/details/DTXSID9047700,(Z)-5-Octen-1-ol,64275-73-6,C8H16O,128.120115,5,328,2,Inactive,0,-0.17788174169575338,0.2074958030664743,25.7300161305245,1.4104400584760126
https://comptox.epa.gov/dashboard/chemical/details/DTXSID2021656,Phenylacetic acid,103-82-2,C8H8O2,136.052429,5,328,2,Inactive,0,-0.12225503818293985,0.14260826931906068,23.93442351665865,1.379022971548523
https://comptox.epa.gov/dashboard/chemical/details/DTXSID7047198,Ethyl 2-methylpentanoate,39255-32-8,C8H16O2,144.115030,2,449,0,Inactive,2.6666055497974156e-9,0.11657317345556846,0.13598047788143533,100,2
https://comptox.epa.gov/dashboard/chemical/details/DTXSID0047408,"Methyl 3,7-dimethyloct-6-enoate",2270-60-2,C11H20O2,184.146330,8,328,2,Inactive,9.906160229986916e-7,0.11042881666453634,0.12881319789795745,100,2
https://comptox.epa.gov/dashboard/chemical/details/DTXSID9047419,5-Methyl-2-phenyl-2-hexenal,21834-92-4,C13H16O,188.120115,28,328,9,Inactive,9.21425536376612e-10,0.00837155761632137,0.00976526907121762,100,2
https://comptox.epa.gov/dashboard/chemical/details/DTXSID1047447,"Hydrazinecarboxylic acid, phenylmethyl ester",5331-43-1,C8H10N2O2,166.074228,3,331,1,Inactive,0,0.1976026678246449,0.23049990323616953,4.653748475481352,0.6678029069562054
https://comptox.epa.gov/dashboard/chemical/details/DTXSID4047547,Hydroxycitronellal dimethyl acetal,141-92-4,C12H26O3,218.188195,2,328,1,Inactive,0,-0.053134226132328835,0.061980104402735464,5.536709316857921,0.7432517231871273
https://comptox.epa.gov/dashboard/chemical/details/DTXSID7047562,(3Z)-Hex-3-en-1-yl (2E)-2-methylbut-2-enoate,67883-79-8,C11H18O2,182.130680,1,328,0,Inactive,0,-0.18379734385121002,0.21439624494525733,1.8780217288027514,0.2737006127674412
https://comptox.epa.gov/dashboard/chemical/details/DTXSID5047584,2-Phenylethyl hexanoate,6290-37-5,C14H20O2,220.146330,2,328,1,Inactive,1.0646498375801568e-11,0.10287325402366616,0.11999977206323707,100,2
https://comptox.epa.gov/dashboard/chemical/details/DTXSID1047603,Benzyl 3-methylbutanoate,103-38-8,C12H16O2,192.115030,1,328,0,Inactive,9.767079133541652e-8,0.11796323970274741,0.13760196477224465,100,2
https://comptox.epa.gov/dashboard/chemical/details/DTXSID4047622,Oxacycloheptadecan-2-one,109-29-5,C16H30O2,254.224580,33,328,10,Inactive,1.603977941008017e-9,0.002702195612984047,0.00315206183284304,100,2
https://comptox.epa.gov/dashboard/chemical/details/DTXSID2047644,Isoquinoline,119-65-3,C9H7N,129.057849,5,331,2,Inactive,9.93826740814223e-15,0.2179196375531387,0.2541992773793659,174.9312723420854,2.2428674549421546
https://comptox.epa.gov/dashboard/chemical/details/DTXSID6047656,9-Decen-1-ol,13019-22-2,C10H20O,156.151415,9,328,3,Inactive,2.0120873803162177e-7,0.22668641828560904,0.264425566997684,100,2
https://comptox.epa.gov/dashboard/chemical/details/DTXSID9047702,2-Propylphenol,644-35-9,C9H12O,136.088815,5,328,2,Inactive,-9.314412141356616e-10,-0.08907037722543334,0.10389896835750577,100,2
https://comptox.epa.gov/dashboard/chemical/details/DTXSID2047199,2-Methoxy-4-propylphenol,2785-87-7,C10H14O2,166.099380,5,331,2,Inactive,2.6099713303904396e-10,0.024966017505952228,0.029122403470894762,100,2
https://comptox.epa.gov/dashboard/chemical/details/DTXSID4047410,Linalyl cinnamate,78-37-5,C19H24O2,284.177630,56,328,17,Inactive,2.2823701487749008e-20,0.17396368218630023,0.2029254582034994,36.10307084051688,1.557544143522588
https://comptox.epa.gov/dashboard/chemical/details/DTXSID8047420,4-(4-Hydroxy-3-methoxyphenyl)-2-butanone,122-48-5,C11H14O3,194.094294,6,328,2,Inactive,1.8015698264385514e-11,0.2109935654609026,0.24612014077335673,176.79562161160325,2.2474715053972703
https://comptox.epa.gov/dashboard/chemical/details/DTXSID4047462,3-Carene,13466-78-9,C10H16,136.125201,16,331,5,Inactive,1.6239605997296265e-10,0.10794916131846048,0.12592072522225073,100,2
https://comptox.epa.gov/dashboard/chemical/details/DTXSID4047549,"Ethyl 2,4-dimethyl-1,3-dioxolane-2-acetate",6290-17-1,C9H16O4,188.104859,0,328,0,Inactive,2.9320368254079613e-9,0.0037948751073392426,0.004426652507603187,100,2
https://comptox.epa.gov/dashboard/chemical/details/DTXSID2047567,2-Phenylethyl 2-methylbutanoate,24817-51-4,C13H18O2,206.130680,3,328,1,Inactive,6.02037915827187e-8,0.046729571619022664,0.05450919187999447,100,2
https://comptox.epa.gov/dashboard/chemical/details/DTXSID0047585,(3Z)-Hex-3-en-1-yl 2-methylpropanoate,41519-23-7,C10H18O2,170.130680,0,328,0,Inactive,7.906644649518143e-20,0.144540287719643,0.1686036059122001,0.2857707452134418,-0.5439822326572747
https://comptox.epa.gov/dashboard/chemical/details/DTXSID6047604,2-Phenylethyl butanoate,103-52-6,C12H16O2,192.115030,13,331,4,Inactive,-0.000008638701538345927,-0.023069637774361478,0.02691031114722936,100,2
https://comptox.epa.gov/dashboard/chemical/details/DTXSID9047623,Dihexyl nonanedioate,109-31-9,C21H40O4,356.292660,4,328,1,Inactive,0,-0.23914127005831687,0.2789539241298742,25.83992078841637,1.4122911780070093
https://comptox.epa.gov/dashboard/chemical/details/DTXSID7047645,Methyl 4-methoxybenzoate,121-98-2,C9H10O3,166.062994,4,328,1,Inactive,7.082327926592993e-9,0.1510772834260164,0.1762288920197311,100,2
https://comptox.epa.gov/dashboard/chemical/details/DTXSID1047659,Methyl 3-nonenoate,13481-87-3,C10H18O2,170.130680,4,328,1,Inactive,2.5576731163430023e-8,0.06721336392940316,0.07840316151831143,100,2
https://comptox.epa.gov/dashboard/chemical/details/DTXSID4047703,2-Methyl-4-oxo-4H-pyran-3-yl isobutyrate,65416-14-0,C10H12O4,196.073559,1,328,0,Inactive,-1.725329336999851e-8,-0.09068600546771033,0.10578356919619962,100,2
https://comptox.epa.gov/dashboard/chemical/details/DTXSID4047200,Dihydro-beta-ionone,17283-81-7,C13H22O,194.167065,10,331,3,Inactive,5.083836396065014e-10,0.029570502791445855,0.03449345146555285,100,2
https://comptox.epa.gov/dashboard/chemical/details/DTXSID8047422,1-(5-Isopropyl-2-methyl-cyclohex-2-enyl)-propan-1-one,31375-17-4,C13H22O,194.167065,9,328,3,Inactive,0.0000018595225269358208,0.050264121399651786,0.05863217964826399,100,2
https://comptox.epa.gov/dashboard/chemical/details/DTXSID4047464,2-Ethyl-3-methylpyrazine,15707-23-0,C7H10N2,122.084398,3,328,1,Inactive,7.065052823507033e-10,0.06216329373322022,0.07251234686296976,100,2
https://comptox.epa.gov/dashboard/chemical/details/DTXSID1047570,"rel-(1S,5S)-3,3,5-Trimethylcyclohexanol",933-48-2,C9H18O,142.135765,2,331,1,Inactive,4.498226046060073e-12,0.0476756445149651,0.05561276863515555,100,2
https://comptox.epa.gov/dashboard/chemical/details/DTXSID0047587,(6Z)-Non-6-en-1-ol,35854-86-5,C9H18O,142.135765,4,328,1,Inactive,-2.6187809665471135e-7,-0.11971296110365787,0.13964298283156568,100,2
https://comptox.epa.gov/dashboard/chemical/details/DTXSID1047605,2-Phenylethyl cinnamate,103-53-7,C17H16O2,252.115030,24,328,7,Inactive,-1.426270592248659e-8,-0.22192985275531055,0.25887712017487463,100,2
https://comptox.epa.gov/dashboard/chemical/details/DTXSID4047624,Butyl undec-10-enoate,109-42-2,C15H28O2,240.208930,4,328,1,Inactive,-3.886098826289392e-8,-0.29282842506532736,0.34157900996688717,182.69130514022442,2.261717878389872
https://comptox.epa.gov/dashboard/chemical/details/DTXSID2047646,Isobutyl 3-phenylacrylate,122-67-8,C13H16O2,204.115030,13,328,4,Inactive,0,-0.09472846552367305,0.11049902502477359,1.8071426548399887,0.25699243687993795
https://comptox.epa.gov/dashboard/chemical/details/DTXSID5047667,2-Tridecenenitrile,22629-49-8,C13H23N,193.183050,12,328,4,Inactive,0.0000035177607259301813,0.3041110415686822,0.3547399760656948,100,2
https://comptox.epa.gov/dashboard/chemical/details/DTXSID4047705,12-Oxahexadecanolide,6707-60-4,C15H28O3,256.203845,24,328,7,Inactive,-1.1423389732447581e-7,-0.06717568419174054,0.07835920879246612,100,2
https://comptox.epa.gov/dashboard/chemical/details/DTXSID9047201,4-Formyl-2-methoxyphenyl isobutyrate,20665-85-4,C12H14O4,222.089209,8,449,2,Inactive,1.985049335740837e-17,0.14912801631928363,0.17395510753883497,172.46223076091178,2.2366939993042694
https://comptox.epa.gov/dashboard/chemical/details/DTXSID8047424,"1,1'-Bi(cyclohexyl)-2-one",90-42-6,C12H20O,180.151415,2,328,1,Inactive,4.60311694107679e-9,0.05123374080810805,0.05976322298024682,100,2
https://comptox.epa.gov/dashboard/chemical/details/DTXSID6047490,Linalyl isobutyrate,78-35-3,C14H24O2,224.177630,9,328,3,Inactive,-7.255636752481001e-10,-0.03302139723200032,0.03851885680740742,99.99999999999999,2
https://comptox.epa.gov/dashboard/chemical/details/DTXSID8047551,epsilon-Decalactone,5579-78-2,C10H18O2,170.130680,5,328,2,Inactive,0,0.12288338790882002,0.1433412277988641,0.09079305598876634,-1.0419473658080212
https://comptox.epa.gov/dashboard/chemical/details/DTXSID1047574,"3,7-Dimethylocta-1,6-dien-3-yl propanoate",144-39-8,C13H22O2,210.161980,6,328,2,Inactive,-2.813053881183722e-8,-0.09904583403355506,0.11553515654424173,100,2
https://comptox.epa.gov/dashboard/chemical/details/DTXSID0047589,6-Amyl-alpha-pyrone,27593-23-3,C10H14O2,166.099380,6,328,2,Inactive,8.006510356633891e-17,0.13343955679881037,0.1556548060236616,5.432465798524362,0.7349970007893593
https://comptox.epa.gov/dashboard/chemical/details/DTXSID6047608,3-Phenyl-2-propen-1-yl isobutyrate,103-59-3,C13H16O2,204.115030,6,328,2,Inactive,-9.415416672521859e-12,-0.2228789103085162,0.259984178478225,49.169781680066144,1.691698279973036
https://comptox.epa.gov/dashboard/chemical/details/DTXSID9047629,2-Methylundecanal,110-41-8,C12H24O,184.182715,36,331,11,Inactive,-0.0000032050968898509565,-0.21365307515933718,0.24922241026644285,100,2
https://comptox.epa.gov/dashboard/chemical/details/DTXSID7047647,3-Phenylprop-2-en-1-yl 3-phenylprop-2-enoate,122-69-0,C18H16O2,264.115030,15,328,5,Inactive,1.6183830874352477e-15,0.1451125459983807,0.16927113474329966,3.0299633206677266,0.48143737116632346
https://comptox.epa.gov/dashboard/chemical/details/DTXSID8047682,4-Cyclohexyl-4-methyl-pentan-2-one,4927-39-3,C12H22O,182.167065,1,328,0,Inactive,5.079043816054809e-7,0.15992053674042822,0.1865443855082792,100,2
https://comptox.epa.gov/dashboard/chemical/details/DTXSID9047706,"2-Methyl-4-propyl-1,3-oxathiane",67715-80-4,C8H16OS,160.092186,1,328,0,Inactive,0,-0.23074302729293933,0.26915752731962855,26.5545663048746,1.4241392128183126
https://comptox.epa.gov/dashboard/chemical/details/DTXSID4047202,alpha-Farnesene,502-61-4,C15H24,204.187801,25,328,8,Inactive,0,-0.35066425451461214,0.40904344877433274,25.9815589420791,1.4146652059991462
https://comptox.epa.gov/dashboard/chemical/details/DTXSID9047413,Geranyl tiglate,7785-33-3,C15H24O2,236.177630,15,328,5,Inactive,-4.923825757739835e-10,-0.10677562445221671,0.12455181589986591,100,2
https://comptox.epa.gov/dashboard/chemical/details/DTXSID3047552,Hexyl hexanoate,6378-65-0,C12H24O2,200.177630,1,328,0,Inactive,4.580100720794455e-9,0.02431645671979263,0.028364702676649086,100,2
https://comptox.epa.gov/dashboard/chemical/details/DTXSID6047579,(3Z)-Hex-3-en-1-yl propanoate,33467-74-2,C9H16O2,156.115030,0,328,0,Inactive,0.0000013046422749729503,0.039053563954115654,0.04555526912440051,100,2
https://comptox.epa.gov/dashboard/chemical/details/DTXSID4047591,Allyl-alpha-ionone,79-78-7,C16H24O,232.182715,31,328,9,Inactive,2.0022161421115398e-18,0.29184628013355424,0.3404333558407066,27.333675724591984,1.4366980378239185
https://comptox.epa.gov/dashboard/chemical/details/DTXSID1047609,4-Hydroxyoctanoic acid lactone,104-50-7,C8H14O2,142.099380,3,328,1,Inactive,0,0.13997689265266433,0.1632804889070166,0.5717221557502784,-0.24281497739628438
https://comptox.epa.gov/dashboard/chemical/details/DTXSID8047636,Hexyl octanoate,1117-55-1,C14H28O2,228.208930,6,328,2,Inactive,1.2050100302849618e-8,0.010113501236690902,0.011797214491581842,100,2
https://comptox.epa.gov/dashboard/chemical/details/DTXSID2047648,3-Phenylpropyl acetate,122-72-5,C11H14O2,178.099380,3,328,1,Inactive,2.2341905442230078e-7,0.13520001713290308,0.15770835085241658,99.99999999999999,2
https://comptox.epa.gov/dashboard/chemical/details/DTXSID8047684,Phenethyl 2-methylcrotonate,55719-85-2,C13H16O2,204.115030,8,328,2,Inactive,-7.137146464573226e-9,-0.12657959106621267,0.14765278127888232,99.99999999999999,2
https://comptox.epa.gov/dashboard/chemical/details/DTXSID8047713,Anisyl propionate,7549-33-9,C11H14O3,194.094294,5,328,2,Inactive,0,-0.32952718555956045,0.38438744386067836,25.746284040431476,1.4107145562047319
https://comptox.epa.gov/dashboard/chemical/details/DTXSID9047203,2-Phenoxyethyl propanoate,23495-12-7,C11H14O3,194.094294,1,328,0,Inactive,0,-0.037240168376332775,0.04343997630062761,1.0120768229911348,0.005213479435440395
https://comptox.epa.gov/dashboard/chemical/details/DTXSID4047414,"Hexa-2,4-dienyl isobutyrate",16491-24-0,C10H16O2,168.115030,44,328,13,Inactive,0,-0.1303764201065481,0.15208171301364123,0.6469400651533668,-0.18913595206523548
https://comptox.epa.gov/dashboard/chemical/details/DTXSID6047440,4-Isopropylbenzonitrile,13816-33-6,C10H11N,145.089149,6,328,2,Inactive,2.5321763619480047e-9,0.18056116845401,0.21062130544610122,100,2
https://comptox.epa.gov/dashboard/chemical/details/DTXSID7047510,Benzyl butyrate,103-37-7,C11H14O2,178.099380,0,328,0,Inactive,-2.7955917517670176e-13,-0.11836440118793241,0.13806991231837434,100,2
https://comptox.epa.gov/dashboard/chemical/details/DTXSID3047554,(3Z)-Hex-3-en-1-yl benzoate,25152-85-6,C13H16O2,204.115030,5,328,2,Inactive,-2.9456189157518115e-11,-0.10728284521513223,0.1251434796565271,100,2
https://comptox.epa.gov/dashboard/chemical/details/DTXSID0047581,n-Amyl caproate,540-07-8,C11H22O2,186.161980,0,328,0,Inactive,-2.7664208377012125e-7,-0.007074142173750109,0.008251857651918503,100,2
https://comptox.epa.gov/dashboard/chemical/details/DTXSID4047593,alpha-Phellandrene,99-83-2,C10H16,136.125201,12,331,4,Inactive,-5.0520601555463416e-8,-0.08213006491774863,0.09580322080024226,100,2
https://comptox.epa.gov/dashboard/chemical/details/DTXSID0047610,3-Phenylpropanal,104-53-0,C9H10O,134.073165,13,328,4,Inactive,-2.5815570150858066e-8,-0.12407580728491484,0.14473216322414237,100,2
https://comptox.epa.gov/dashboard/chemical/details/DTXSID3047639,Methyl 2-nonynoate,111-80-8,C10H16O2,168.115030,4,328,1,Inactive,0.0000013042067269327412,0.1503680645090669,0.1754016011054445,100,2
https://comptox.epa.gov/dashboard/chemical/details/DTXSID1047651,Ethyl nonanoate,123-29-5,C11H22O2,186.161980,2,328,1,Inactive,1.5924424798966573e-10,0.1587457617558638,0.1851740319434849,100,2
https://comptox.epa.gov/dashboard/chemical/details/DTXSID8047686,(3aR)-(+)-Sclareolide,564-20-5,C16H26O2,250.193280,37,328,11,Inactive,3.1183179629742785e-7,0.2584683306278029,0.30149858731761736,100,2
https://comptox.epa.gov/dashboard/chemical/details/DTXSID8047717,4-Methyl-1-phenylpentan-2-ol,7779-78-4,C12H18O,178.135765,4,328,1,Inactive,-0.000007768164952695379,-0.19073671551765586,0.22249089526169447,100,2
https://comptox.epa.gov/dashboard/chemical/details/DTXSID8047399,Cashmeran,33704-61-9,C14H22O,206.167065,10,328,3,Inactive,0,-0.07706329440347409,0.08989292552884158,0.7816263210695992,-0.10700082428568441
https://comptox.epa.gov/dashboard/chemical/details/DTXSID9047415,Ethyl linalool,10339-55-6,C11H20O,168.151415,7,328,2,Inactive,6.248691739252846e-10,0.0947560532380984,0.1105312055898214,100,2
https://comptox.epa.gov/dashboard/chemical/details/DTXSID1047443,3-Methoxy-5-methylphenol,3209-13-0,C8H10O2,138.068080,3,328,1,Inactive,-0.0000024725275889933055,-0.02133182957225526,0.02488318961674491,100,2
https://comptox.epa.gov/dashboard/chemical/details/DTXSID2047511,Ethyl hexadecanoate,628-97-7,C18H36O2,284.271530,1,331,0,Inactive,0,-0.10451364856905837,0.12191326234221238,24.18204376895779,1.3834930028966104
https://comptox.epa.gov/dashboard/chemical/details/DTXSID8047559,Hexyl butyrate,2639-63-6,C10H20O2,172.146330,2,331,1,Inactive,-3.700586339291876e-17,-0.18435348403514373,0.21504497231312986,5.398784261626998,0.7322959731728658
https://comptox.epa.gov/dashboard/chemical/details/DTXSID4047599,Hexyl 2-methylbutanoate,10032-15-2,C11H22O2,186.161980,1,328,0,Inactive,0.000057330157278944204,0.1813009979707173,0.21148430306596952,100,2
https://comptox.epa.gov/dashboard/chemical/details/DTXSID5047617,2-Isopropyl-5-methylanisole,1076-56-8,C11H16O,164.120115,1,328,0,Inactive,-8.353955247345599e-9,-0.09330414986524128,0.10883758682122856,100,2
https://comptox.epa.gov/dashboard/chemical/details/DTXSID7047641,Dodecyl acetate,112-66-3,C14H28O2,228.208930,0,328,0,Inactive,-2.909323228445885e-19,-0.2206798998327803,0.2574190729184041,24.321043782253188,1.3859822095458223
https://comptox.epa.gov/dashboard/chemical/details/DTXSID6047654,Ethyl tetradecanoate,124-06-1,C16H32O2,256.240230,1,331,0,Inactive,2.881311757306766e-9,0.08101821634437842,0.09450626974489247,100.00000000000001,2
https://comptox.epa.gov/dashboard/chemical/details/DTXSID7047697,Naphthalen-2-yl 2-aminobenzoate,63449-68-3,C17H13NO2,263.094629,79,328,24,Inactive,8.082073878142849e-9,0.5859370720724083,0.683484893711188,161.3602611180504,2.2077965879937316
https://comptox.epa.gov/dashboard/chemical/details/DTXSID2047725,"2,2,2-Trichloro-1-phenylethyl acetate",90-17-5,C10H9Cl3O2,265.966813,28,449,6,Inactive,0,0.19610837081299054,0.22875683306214697,23.046028400074768,1.3625960927387946
https://comptox.epa.gov/dashboard/chemical/details/DTXSID9058654,BisOPP-A,24038-68-4,C27H24O2,380.177630,89,202,44,Inactive,-2.215048764472623e-9,-0.006691048281414394,0.0078049856228823815,3.705,0.5687882123153469
https://comptox.epa.gov/dashboard/chemical/details/DTXSID2044896,Tris[3-(trimethoxysilyl)propyl] isocyanurate,26115-70-8,C21H45N3O12Si3,615.231104,3,328,1,Inactive,0,-0.14471836085213824,0.16881132496913887,0.061300000460288814,-1.212539522220559
https://comptox.epa.gov/dashboard/chemical/details/DTXSID1023815,Dibromoacetic acid,631-64-1,C2H2Br2O2,215.842155,5,328,2,Inactive,-3.3553345669091326e-9,-0.3557866010271926,0.41501857243278306,100,2
https://comptox.epa.gov/dashboard/chemical/details/DTXSID4058655,BPS-MPE4,63134-33-8,C19H16O4S,340.076930,72,202,36,Inactive,1.5756406650878835e-11,0.025393800196572437,0.029621404166986418,33.35,1.523095838252568
https://comptox.epa.gov/dashboard/chemical/details/DTXSID8047135,2-Methylbenzenethiol,137-06-4,C7H8S,124.034671,30,328,9,Inactive,-1.5107747361890996e-18,-0.22835909265800242,0.2663767111053356,19.605677153038606,1.292381846827472
https://comptox.epa.gov/dashboard/chemical/details/DTXSID0025737,3-Nitrobenzoic acid,121-92-6,C7H5NO4,167.021858,1,331,0,Inactive,2.669665389892558e-9,0.3087011046650542,0.36009420084013233,171.32792445410075,2.233828153671623
https://comptox.epa.gov/dashboard/chemical/details/DTXSID1029889,(-)-Epigallocatechin gallate,989-51-5,C22H18O11,458.084911,58,331,18,Inactive,1.0949051411548087e-18,0.20979318923807044,0.24471992383167382,170.61714032732058,2.2320226585762195
https://comptox.epa.gov/dashboard/chemical/details/DTXSID4047418,Acetaldehyde ethyl cis-3-hexenyl acetal,28069-74-1,C10H20O2,172.146330,2,331,1,Inactive,0,0.07916688258793271,0.09234672272856738,7.337791527625399,0.865565368950586
https://comptox.epa.gov/dashboard/chemical/details/DTXSID8026303,p-Xylenol blue,125-31-5,C23H22O5S,410.118795,62,452,14,Inactive,0,-0.198260881983851,0.231267698032039,26.590216665858826,1.4247218761207185
https://comptox.epa.gov/dashboard/chemical/details/DTXSID4047179,Isocetyl stearate,25339-09-7,, ,3,328,1,Inactive,-1.224925017586723e-13,-0.2435134089546993,0.2840539443049336,18.552751240010092,1.2684083214851172
https://comptox.epa.gov/dashboard/chemical/details/DTXSID9047128,"3,3-Dimethylallyl acetate",1191-16-8,C7H12O2,128.083730,4,331,1,Inactive,-1.553463585443664e-12,-0.07741389447658101,0.09030189411117596,70.5,1.8481891169913987
https://comptox.epa.gov/dashboard/chemical/details/DTXSID2027834,2-Carboxyethyl acrylate,24615-84-7,C6H8O4,144.042259,8,326,2,Inactive,-8.962299898573528e-7,-0.05396977152254453,0.06295475284100986,100,2
https://comptox.epa.gov/dashboard/chemical/details/DTXSID3044700,"N,N,N,N',N',N'-Hexamethylhexane-1,6-diaminium dichloride",60-25-3,C12H30Cl2N2,272.178604,4,202,2,Inactive,-0.0008505761129112148,-0.27102470985879884,0.3161453743757233,50,1.6989700043360187
https://comptox.epa.gov/dashboard/chemical/details/DTXSID7020841,Methyl hesperidin,11013-97-1,C29H36O15,624.205420,2,326,1,Inactive,2.6744054088437852e-12,0.22997176528330782,0.26825786427081,148.08373040334715,2.1705073462714735
https://comptox.epa.gov/dashboard/chemical/details/DTXSID9047679,2-Pentylfuran,3777-69-3,C9H14O,138.104465,38,334,11,Inactive,1.573886539379441e-8,0.10315862456339502,0.12033265158616095,70,1.845098040014257
https://comptox.epa.gov/dashboard/chemical/details/DTXSID8029286,"1,1,2,2-(4,4',4'',4'''-Tetraglycidyloxyphenyl)ethane",7328-97-4,C38H38O8,622.256668,66,326,20,Inactive,-7.454319606902456e-20,-0.15748035568573776,0.18369795887256182,19.501483869367622,1.290067658119441
https://comptox.epa.gov/dashboard/chemical/details/DTXSID7044843,C.I. Solvent Red 140,15905-32-5,C20H8I4O5,835.655050,94,328,29,Inactive,-3.6627516807182274e-13,-0.3426028190723115,0.3996399315554059,15.969472832588092,1.2032905799032387
https://comptox.epa.gov/dashboard/chemical/details/DTXSID3025253,Ergotamine D-tartrate,379-79-3,C70H76N10O16,1312.544076,85,330,26,Inactive,-9.913234494682873e-16,-0.11420710266800482,0.13322049951885914,38.55313151540366,1.5860596598091459
https://comptox.epa.gov/dashboard/chemical/details/DTXSID6024674,2-(2-Butoxyethoxy)ethyl thiocyanate,112-56-1,C9H17NO2S,203.098000,11,326,3,Inactive,0,-0.05992311478234794,0.06989921902875454,0.47678796529116163,-0.32167471525104613
https://comptox.epa.gov/dashboard/chemical/details/DTXSID3044590,C.I. Solvent Red 43,15086-94-9,C20H8Br4O5,643.710525,78,331,24,Inactive,4.478486689728908e-14,0.156309235583739,0.1823318686615319,148.81556863120335,2.1726483681516147
https://comptox.epa.gov/dashboard/chemical/details/DTXSID6020062,2-Amino-4-nitrophenol,99-57-0,C6H6N2O3,154.037842,58,446,13,Inactive,0,-0.09428069781958538,0.10997671217545478,0.0948271686995662,-1.0230672161866345
https://comptox.epa.gov/dashboard/chemical/details/DTXSID7021998,Dibutyl butanedioate,141-03-7,C12H22O4,230.151809,5,326,2,Inactive,-4.3536515927283485e-7,-0.2377223768329665,0.2772988110954897,7.415773017383257,0.8701564284171102
https://comptox.epa.gov/dashboard/chemical/details/DTXSID4028967,2-Chloro-5-trichloromethylpyridine,69045-78-9,C6H3Cl4N,228.901960,9,326,3,Inactive,-0.0001478036425156066,-0.3012871266936415,0.35144593093659926,100,2
https://comptox.epa.gov/dashboard/chemical/details/DTXSID4021002,N-Methyl-4-nitro-N-nitrosobenzenamine,943-41-9,C7H7N3O3,181.048741,14,326,4,Inactive,-0.0002248658882824747,-0.18896304621931434,0.22042194241737617,100,2
https://comptox.epa.gov/dashboard/chemical/details/DTXSID0023377,Nomifensine,24526-64-5,C16H18N2,238.146999,15,329,5,Inactive,0.00009655817576024899,0.10761610668985641,0.1255322230804997,100,2
https://comptox.epa.gov/dashboard/chemical/details/DTXSID0022305,4-tert-Butylstyrene,1746-23-2,C12H16,160.125201,3,326,1,Inactive,3.506303368370411e-17,0.17218045198975573,0.20084535274603624,0.15160018424260435,-0.8193002708972517
https://comptox.epa.gov/dashboard/chemical/details/DTXSID5044445,4-Bromobenzyl bromide,589-15-1,C7H6Br2,247.883626,5,326,2,Inactive,-7.562399467835306e-10,-0.3657830343696813,0.42667922936376745,49.13795045180231,1.691417038061123
https://comptox.epa.gov/dashboard/chemical/details/DTXSID3044966,"N-(4-Methylpentan-2-yl)-N-phenylbenzene-1,4-diamine",61931-82-6,C18H24N2,268.193949,120,329,36,Inactive,1.1118661861881258e-10,0.16777258665203823,0.19570365832962497,33.35,1.523095838252568
https://comptox.epa.gov/dashboard/chemical/details/DTXSID6044721,2-(Dimethylamino)-2-methylpropan-1-ol,7005-47-2,C6H15NO,117.115364,3,331,1,Inactive,-0.0005402847004477585,-0.7519189844563914,0.8770997632098824,60.230308349271574,1.7798150865483715
https://comptox.epa.gov/dashboard/chemical/details/DTXSID9023041,Felbamate,25451-15-4,C11H14N2O4,238.095357,10,329,3,Inactive,0,0.29704935470924,0.3465026473104474,0.6383625911111847,-0.19493257114042495
https://comptox.epa.gov/dashboard/chemical/details/DTXSID3047477,dl-Norgestrel,6533-00-2,C21H28O2,312.208930,76,395,19,Active,0.9999772622821632,1.9737281320798985,2.3023178202363415,0.3140447500273607,-0.503008462419772
https://comptox.epa.gov/dashboard/chemical/details/DTXSID0047406,Eugenyl phenylacetate,10402-33-2,C18H18O3,282.125594,12,328,4,Inactive,-0.00020470283164552303,-0.5950380879452698,0.6941010625166973,100,2
https://comptox.epa.gov/dashboard/chemical/details/DTXSID0022933,Digitoxin,71-63-6,C41H64O13,764.434692,102,335,30,Inactive,-0.000002432009672547113,-0.46078568112033885,0.537498081782497,1.0186017280584267,0.008004408621626623
https://comptox.epa.gov/dashboard/chemical/details/DTXSID1020697,"1-O-Hexyl-2,3,5-trimethylhydroquinone",148081-72-5,C15H24O2,236.177630,101,326,31,Inactive,-0.002001066890396024,-0.34492373168588547,0.4023472337327386,11.1,1.0453229787866574
https://comptox.epa.gov/dashboard/chemical/details/DTXSID3023471,Physostigmine,57-47-6,C15H21N3O2,275.163377,14,329,4,Inactive,0.000685689053258766,0.41826491899566826,0.48789838931294843,100,2
https://comptox.epa.gov/dashboard/chemical/details/DTXSID0027981,"4-Amino-6-tert-butyl-3-thioxo-3,4-dihydro-1,2,4-triazin-5(2H)-one",33509-43-2,C7H12N4OS,200.073182,4,326,1,Inactive,0,0.3144231027163517,0.36676880706716997,0.7005880930687706,-0.1545372480609645
https://comptox.epa.gov/dashboard/chemical/details/DTXSID1047029,Perfluorotetradecahydrophenanthrene,306-91-2,C14F24,623.961676,3,326,1,Inactive,0,-0.2657453331205135,0.3099870778268025,0.5460743826291212,-0.26274819655320963
https://comptox.epa.gov/dashboard/chemical/details/DTXSID7044849,"3-Amino-1,2,4-triazole-5-thiol",16691-43-3,C2H4N4S,116.015667,6,326,2,Inactive,-0.00014703554787828002,-0.46166965558298084,0.5385292218493054,48.43379136550798,1.6851484666651877
https://comptox.epa.gov/dashboard/chemical/details/DTXSID0044993,"4,4'-Propane-2,2-diyldicyclohexanol",80-04-6,C15H28O2,240.208930,11,341,3,Inactive,-9.992289828139423e-7,-0.48734909808741217,0.5684838225517762,58.19660760035931,1.7648976694714626
https://comptox.epa.gov/dashboard/chemical/details/DTXSID3042269,Phenkapton,2275-14-1,C11H15Cl2O2PS3,375.934886,1,326,0,Inactive,-1.999337730959193e-7,-0.3509762711527089,0.40940741048436996,48.9265074357325,1.6895442152382671
https://comptox.epa.gov/dashboard/chemical/details/DTXSID0022307,Chloromethyl styrene,30030-25-2,C9H9Cl, ,13,326,4,Inactive,-0.002728680913986888,-0.47148428971263023,0.5499778133186785,100,2
https://comptox.epa.gov/dashboard/chemical/details/DTXSID9040712,Triethyltin bromide,2767-54-6,C6H15BrSn,285.937915,233,388,60,Inactive,3.048585440635181e-16,0.24020706978478262,0.2801971600462916,0.4931832643145904,-0.30699166917919063
https://comptox.epa.gov/dashboard/chemical/details/DTXSID5021962,N-Phenyl diethanolamine,120-07-0,C10H15NO2,181.110279,2,326,1,Inactive,-7.123896036487092e-8,-0.4770412237056165,0.5564598753362308,41.310273302638215,1.6160580682139387
https://comptox.epa.gov/dashboard/chemical/details/DTXSID8021305,(R)-Tegafur,37076-68-9,C8H9FN2O3,200.059720,2,326,1,Inactive,5.3592104282207625e-11,0.3794884143682482,0.44266630483325464,180.12747010169153,2.2555799493761275
https://comptox.epa.gov/dashboard/chemical/details/DTXSID4023624,Sulindac,38194-50-2,C20H17FO3S,356.088244,28,329,9,Inactive,0.00003297755840565738,0.3416929726065317,0.3985786122694329,99.99999999999999,2
https://comptox.epa.gov/dashboard/chemical/details/DTXSID4047545,3-Thiatetradecanoic acid,116296-31-2,C13H26O2S,246.165351,71,329,22,Inactive,0.7842914006956356,0.9820006070235625,1.1454857739960154,100,2
https://comptox.epa.gov/dashboard/chemical/details/DTXSID3042477,Tolnaftate,2398-96-1,C19H17NOS,307.103085,56,332,17,Inactive,-0.02967818336328303,-0.6174093385758481,0.72019671781522,100,2
https://comptox.epa.gov/dashboard/chemical/details/DTXSID4022311,Formononetin,485-72-3,C16H12O4,268.073559,35,336,10,Inactive,-0.012819493078896774,-0.5801867605677878,0.6767772603579325,100,2
https://comptox.epa.gov/dashboard/chemical/details/DTXSID7044342,Spirotetramat,203313-25-1,C21H27NO5,373.188923,25,329,8,Inactive,-0.003813982190536032,-0.2956265565656076,0.34484297926020174,100,2
https://comptox.epa.gov/dashboard/chemical/details/DTXSID2040284,Chlorfenac,85-34-7,C8H5Cl3O2,237.935512,5,326,2,Inactive,0.000007527870355034028,0.4556889163916929,0.5315527988078109,186.7121933011028,2.271172680618975
https://comptox.epa.gov/dashboard/chemical/details/DTXSID5023324,Milrinone,78415-72-2,C12H9N3O,211.074562,7,332,2,Inactive,-1.0150963395934051e-8,-0.43920489702759424,0.512324491264212,48.925200209695134,1.6895326115357192
https://comptox.epa.gov/dashboard/chemical/details/DTXSID4044371,4-Morpholinepropanesulfonic acid,1132-61-2,C7H15NO4S,209.072179,1,328,0,Inactive,-0.014911407939429352,-0.581643761091759,0.6784768248602115,100,2
https://comptox.epa.gov/dashboard/chemical/details/DTXSID2030695,Aloe-emodin,481-72-1,C15H10O5,270.052823,32,329,10,Inactive,0.0000010479064070917517,0.07614160560377861,0.08881779237663029,100,2
https://comptox.epa.gov/dashboard/chemical/details/DTXSID4041654,2-Ethylhexyl benzoate,5444-75-7,C15H22O2,234.161980,14,329,4,Inactive,0,0.11104052282519764,0.12952674196289143,0.0823000012337978,-1.0846001582770186
https://comptox.epa.gov/dashboard/chemical/details/DTXSID5037072,Sodium valproate,1069-66-5,C8H15NaO2,166.096974,17,391,4,Inactive,0,0.17879406335782744,0.2085600096237205,26.03515630410842,1.4155601893406153
https://comptox.epa.gov/dashboard/chemical/details/DTXSID3040699,"p,p'-DDA",83-05-6,C14H10Cl2O2,280.005785,14,326,4,Inactive,0.0000017321137249500833,0.18313592950591012,0.21362471719075388,100,2
https://comptox.epa.gov/dashboard/chemical/details/DTXSID8044913,N-[3-(Dimethylamino)propyl]dodecanamide,3179-80-4,C17H36N2O,284.282764,167,329,51,Inactive,-0.9889158073647049,-1.1294790558068197,1.317516691129825,17.5754161279948,1.2449056164772065
https://comptox.epa.gov/dashboard/chemical/details/DTXSID1040619,Bexarotene,153559-49-0,C24H28O2,348.208930,192,378,51,Inactive,1.9923647803500582e-10,0.3070482568183195,0.3581661840125734,1.7959925411532915,0.2543045286883605
https://comptox.epa.gov/dashboard/chemical/details/DTXSID0027771,"N-(1-Methylheptyl)-N'-phenyl-1,4-benzenediamine",15233-47-3,C20H28N2,296.225249,101,329,31,Inactive,-0.0035888621749465377,-0.6006850942907528,0.7006881922884621,100,2
https://comptox.epa.gov/dashboard/chemical/details/DTXSID6040745,4-[3-(4-Acetyl-3-hydroxy-2-propylphenoxy)propoxy]phenoxy-acetic acid,79558-09-1,C22H26O7,402.167853,70,346,20,Inactive,-5.442439560321359e-10,-0.40095959864490305,0.4677120491676723,25.69321488913201,1.4098184491964871
https://comptox.epa.gov/dashboard/chemical/details/DTXSID3021938,1-Bromooctane,111-83-1,C8H17Br,192.051364,2,326,1,Inactive,0,0.29070674971756294,0.3391041144214877,26.05971169541598,1.4159696067034058
https://comptox.epa.gov/dashboard/chemical/details/DTXSID2040787,Benzalkonium chloride C12 (BAC C12),139-07-1,C21H38ClN,339.269278,167,331,50,Inactive,-0.66965067243882,-0.981639720049909,1.1450648059320612,180.9166782579821,2.257478605232005
https://comptox.epa.gov/dashboard/chemical/details/DTXSID9044459,Bromcresol green,76-60-8,C21H14Br4O5S,693.729547,78,326,24,Inactive,-3.335417230327448e-8,-0.4165509257809694,0.4858990475303459,40.526045889002916,1.607734231860129
https://comptox.epa.gov/dashboard/chemical/details/DTXSID2021236,HC Red 3,2871-01-4,C8H11N3O3,197.080041,45,328,14,Inactive,3.372672427974473e-11,0.052927163954344145,0.0617385701536549,100,2
https://comptox.epa.gov/dashboard/chemical/details/DTXSID3040693,Acetyl-L-carnitine hydrochloride,5080-50-2,C9H18ClNO4,239.092436,1,326,0,Inactive,1.1334237549406321e-7,0.023987798829086183,0.027981329249358793,100,2
https://comptox.epa.gov/dashboard/chemical/details/DTXSID2044268,Cetirizine hydrochloride (1:2),83881-52-1,C21H27Cl3N2O3,460.108726,7,329,2,Inactive,0.000001859657033347977,0.09701468413692806,0.11316585728434435,100,2
https://comptox.epa.gov/dashboard/chemical/details/DTXSID2021022,"1,1′-(Nitrosoimino)bis[2-propanone]",60599-38-4,C6H10N2O3,158.069142,1,326,0,Inactive,4.3869911211337185e-8,0.06035096533442966,0.0703982988840017,100,2
https://comptox.epa.gov/dashboard/chemical/details/DTXSID6027185,Hexamethylcyclotrisiloxane,541-05-9,C6H18O3Si3,222.056374,1,329,0,Inactive,1.923093713554293e-7,0.06780656043646202,0.07909511441035659,100,2
https://comptox.epa.gov/dashboard/chemical/details/DTXSID4023200,Lansoprazole,103577-45-3,C16H14F3N3O2S,369.075882,51,329,16,Inactive,-0.0022621775719702934,-0.45998911311148466,0.536568899747744,100,2
https://comptox.epa.gov/dashboard/chemical/details/DTXSID1040320,Bifenox,42576-02-3,C14H9Cl2NO5,340.985778,59,332,18,Inactive,-0.0000022546509780918116,-0.4680232170807557,0.5459405353025315,38.77034363245417,1.5884996502983444
https://comptox.epa.gov/dashboard/chemical/details/DTXSID0042248,"4,4'-Methylenebis(N,N-diglycidylaniline)",28768-32-3,C25H30N2O4,422.220557,121,329,37,Inactive,-2.928309191461113e-10,-0.42524963346018907,0.4960459311752528,22.55026451976362,1.353151640617523
https://comptox.epa.gov/dashboard/chemical/details/DTXSID3020629,"N-(2-Fluorenyl)-2,2,2-trifluoroacetamide",363-17-7,C15H10F3NO,277.071448,35,338,10,Inactive,0,-0.3704947153026852,0.43217531912355184,25.105553148005725,1.399769794580315
https://comptox.epa.gov/dashboard/chemical/details/DTXSID9046992,Nicardipine hydrochloride,54527-84-3,C26H30ClN3O6,515.182313,138,344,40,Inactive,-0.000014335355687780315,-0.3351271525250197,0.390919703054717,99.5,1.9978230807457253
https://comptox.epa.gov/dashboard/chemical/details/DTXSID1021904,Butylamine,109-73-9,C4H11N,73.089149,2,331,1,Inactive,-0.000008302554529521483,-0.5869170224876035,0.6846279879738585,32.19133523296439,1.5077389907360048
https://comptox.epa.gov/dashboard/chemical/details/DTXSID2020509,"5,5-Dimethylbarbituric acid",24448-94-0,C6H8N2O3,156.053492,6,326,2,Inactive,-3.992100656133834e-9,-0.051864546722442374,0.06049904655902509,100,2
https://comptox.epa.gov/dashboard/chemical/details/DTXSID3044835,4-{2-Oxo-2-[3-(trifluoromethyl)phenyl]ethyl}benzonitrile,146653-56-7,C16H10F3NO,289.071448,41,338,12,Inactive,7.52472055225284e-17,0.20368770194800406,0.23759798441120591,0.08230000000341221,-1.084600164769724
https://comptox.epa.gov/dashboard/chemical/details/DTXSID6020357,Cyclocytidine,31698-14-3,C9H11N3O4,225.074956,20,341,6,Inactive,0.00006812920356441941,0.0911822186684596,0.10636239283262298,100,2
https://comptox.epa.gov/dashboard/chemical/details/DTXSID1040661,Clofibric acid,882-09-7,C10H11ClO3,214.039672,7,360,2,Inactive,9.308587714704032e-8,0.36090858635818196,0.4209932747795035,100,2
https://comptox.epa.gov/dashboard/chemical/details/DTXSID5041809,Cyclamic acid,100-88-9,C6H13NO3S,179.061614,5,328,2,Inactive,-0.00000427486633378856,-0.19330794885758068,0.2254901919947539,100,2
https://comptox.epa.gov/dashboard/chemical/details/DTXSID8033566,Indium trichloride,10025-82-8,Cl3In,219.810437,5,329,2,Inactive,-0.0000020375068037819717,-0.4500838477323136,0.5250145885809858,49.983530443159765,1.6988269280175872
https://comptox.epa.gov/dashboard/chemical/details/DTXSID7022598,Amoxapine,14028-44-5,C17H16ClN3O,313.098190,87,332,26,Inactive,-0.9450543249807957,-1.141346502609284,1.3313598510918951,52.99339554135349,1.724221747739041
https://comptox.epa.gov/dashboard/chemical/details/DTXSID2020058,"2-Amino-5-(5-nitro-2-furyl)-1,3,4-oxadiazole",3775-55-1,C6H4N4O4,196.023255,56,326,17,Inactive,-0.00047130571798269407,-0.6129103578270196,0.7149487389357717,49.06970939505685,1.6908134859716033
https://comptox.epa.gov/dashboard/chemical/details/DTXSID7020344,Tomelukast,88107-10-2,C16H22N4O3,318.169191,50,329,15,Inactive,-9.967580114773725e-7,-0.14942253307460843,0.17429865595521585,100,2
https://comptox.epa.gov/dashboard/chemical/details/DTXSID2024824,"Chlorinated paraffins (C12, 60% chlorine)",NOCAS_24824,, ,47,329,14,Inactive,-0.00236652886967873,-0.34372958716359137,0.4009542859559249,100,2
https://comptox.epa.gov/dashboard/chemical/details/DTXSID9020116,5-Azacytidine,320-67-2,C8H12N4O5,244.080770,118,408,29,Inactive,-0.0005284931514505455,-0.573472259020849,0.6689449169291386,100,2
https://comptox.epa.gov/dashboard/chemical/details/DTXSID7020631,4'-Fluoro-4-aminodiphenyl,324-93-6,C12H10FN,187.079727,24,338,7,Inactive,-3.488695238965374e-13,-0.2622216772209939,0.30587679757189423,23.912883936543054,1.3786319559651368
https://comptox.epa.gov/dashboard/chemical/details/DTXSID0022301,Flucythrinate,70124-77-5,C26H23F2NO4,451.159515,27,331,8,Inactive,3.0866375739311483e-9,0.12690691153598807,0.1480345946290816,100,2
https://comptox.epa.gov/dashboard/chemical/details/DTXSID8040274,Dichlofenthion,97-17-6,C10H13Cl2O3PS,313.970008,22,341,6,Inactive,8.825451079994622e-18,0.1381541587797821,0.16115430313255388,0.2682028614948137,-0.5715365929095574
https://comptox.epa.gov/dashboard/chemical/details/DTXSID9020378,Deflazacort,14484-47-0,C25H31NO6,441.215138,29,329,9,Inactive,-1.0568062359769044e-8,-0.3288997889627815,0.3836555971885647,100.00000000000001,2
https://comptox.epa.gov/dashboard/chemical/details/DTXSID8044886,"4,4′-Biphenyltetracarboxylic dianhydride",2420-87-3,C16H6O6,294.016438,26,326,8,Inactive,1.6999438325317349e-12,0.259583376415684,0.302799267865304,0.06234882016523843,-1.2051717603181498
https://comptox.epa.gov/dashboard/chemical/details/DTXSID8042478,Tolylfluanid,731-27-1,C10H13Cl2FN2O2S2,345.977954,144,332,43,Inactive,-8.352899511316265e-7,-0.384035313624966,0.44797017977702885,58.53962836028812,1.767449960981469
https://comptox.epa.gov/dashboard/chemical/details/DTXSID1044851,2-Hydroxy-3-phenoxypropyl prop-2-enoate,16969-10-1,C12H14O4,222.089209,84,329,26,Inactive,-0.020904816996287726,-0.6524478659659498,0.7610685201135745,48.58090571244067,1.686465607263029
https://comptox.epa.gov/dashboard/chemical/details/DTXSID6034762,"1,3-Bis(4-nitrophenyl)urea 4,6-dimethylpyrimidin-2-ol (1:1)",330-95-0,C19H18N6O6,426.128782,16,202,8,Inactive,-1.1571657780917239e-8,-0.3177322952436854,0.37062891971512857,24.39537597754667,1.3873075157754247
https://comptox.epa.gov/dashboard/chemical/details/DTXSID4040767,"3,5-Dichlorosalicyl-3,4-dichloroanilide",1154-59-2,C13H7Cl4NO2,348.923089,148,330,45,Inactive,1.251888713953977e-15,0.5983742906504994,0.6979926820438895,8.213896436270861,0.9145492228127842
https://comptox.epa.gov/dashboard/chemical/details/DTXSID0037734,2-Bromohexadecanoic acid,18263-25-7,C16H31BrO2,334.150743,88,332,27,Inactive,0.00014395374850346865,0.25495288066838667,0.2973978791419762,99.99999999999999,2
https://comptox.epa.gov/dashboard/chemical/details/DTXSID4044535,Sodium 2-anthraquinonesulfonate,131-08-8,C14H7NaO5S,309.991189,7,328,2,Inactive,-0.0000036342864600946077,-0.4258738132902108,0.4967740255476914,48.81652446080602,1.6885668561703921
https://comptox.epa.gov/dashboard/chemical/details/DTXSID3022798,Chlormezanone,80-77-3,C11H12ClNO3S,273.022642,2,329,1,Inactive,1.4116629827644261e-9,0.24889290482627152,0.29032902799437615,182.5478448442491,2.2613767100451256
https://comptox.epa.gov/dashboard/chemical/details/DTXSID4021214,Purpurin,81-54-9,C14H8O5,256.037173,48,326,15,Inactive,-0.000013446808513254896,-0.1040493878273068,0.12137171066566795,100,2
https://comptox.epa.gov/dashboard/chemical/details/DTXSID7044760,Neodymium(III) chloride,10024-93-8,Cl3Nd,246.814290,0,329,0,Inactive,3.6848678019402656e-7,0.029316437616342967,0.03419708907874103,100,2
https://comptox.epa.gov/dashboard/chemical/details/DTXSID0022193,Benzyl methacrylate,2495-37-6,C11H12O2,176.083730,4,326,1,Inactive,3.883480601019392e-9,0.2877407303941376,0.33564430704857895,19.8425151174887,1.2975967198553056
https://comptox.epa.gov/dashboard/chemical/details/DTXSID8044676,2-(Dodecyloxy)ethanol,4536-30-5,C14H30O2,230.224580,54,329,16,Inactive,2.0566668408017895e-18,0.18627262010977208,0.2172836094953537,8.159750284120712,0.9116768680813276
https://comptox.epa.gov/dashboard/chemical/details/DTXSID5042459,Tetradecylpyridinium bromide,1155-74-4,C19H34BrN,355.187463,157,329,48,Inactive,-0.9964707994275368,-1.4015557126123395,1.6348891424073841,168.39506763318383,2.226329366670387
https://comptox.epa.gov/dashboard/chemical/details/DTXSID3020706,2-Hydrazino-4-(4-nitrophenyl)thiazole,26049-70-7,C9H8N4O2S,236.036797,99,329,30,Inactive,-0.0035189550389076387,-0.3069512755886003,0.35805305717925634,100,2
https://comptox.epa.gov/dashboard/chemical/details/DTXSID9026130,Tetrapropylammonium bromide,1941-30-6,C12H28BrN,265.140513,1,326,0,Inactive,-2.4503704672023185e-13,-0.37183681555700665,0.43374085455968703,27.609253696730686,1.4410546674225948
https://comptox.epa.gov/dashboard/chemical/details/DTXSID5041308,"2,2-Bis(4-chlorophenyl)ethanol",2642-82-2,C14H12Cl2O,266.026520,113,332,34,Inactive,-1.311033230931242e-7,-0.503479949617981,0.5873001662674019,33.35000000000001,1.523095838252568
https://comptox.epa.gov/dashboard/chemical/details/DTXSID8038801,N-Benzyl-9-(tetrahydro-2H-pyran-2-yl)adenine,2312-73-4,C17H19N5O,309.158960,24,329,7,Inactive,-0.0000315532764345079,-0.07417440884312694,0.08652309328188375,100,2
https://comptox.epa.gov/dashboard/chemical/details/DTXSID7044215,Pantoprazole sodium,138786-67-1,C16H14F2N3NaO4S,405.057078,16,326,5,Inactive,-1.8691389819577494e-7,-0.3936014114335138,0.45912885816681015,48.39104065142044,1.6847649617306502
https://comptox.epa.gov/dashboard/chemical/details/DTXSID3024100,Ethyl phthalyl ethyl glycolate,84-72-0,C14H16O6,280.094688,4,331,1,Inactive,-1.1078293369963853e-11,-0.28919079434713957,0.3373357801675037,23.61515425487884,1.373190786746252
https://comptox.epa.gov/dashboard/chemical/details/DTXSID4047672,Flubendiamide,272451-65-7,C23H22F7IN2O4S,682.023320,53,402,13,Inactive,-5.856530822419114e-11,-0.030422432376752365,0.035487211768179136,75.5,1.8779469516291882
https://comptox.epa.gov/dashboard/chemical/details/DTXSID5025730,9-Nitroanthracene,602-60-8,C14H9NO2,223.063329,26,329,8,Inactive,-0.001643262297382286,-0.6014667445902427,0.7015999730876811,0.8336723969628226,-0.07900457783028672
https://comptox.epa.gov/dashboard/chemical/details/DTXSID8047426,dl-Carvone,99-49-0,C10H14O,150.104465,2,328,1,Inactive,0.000036517673050150446,0.29501002682281374,0.3441238085748023,100,2
https://comptox.epa.gov/dashboard/chemical/details/DTXSID7044473,4-Chlorobenzenesulphonic acid,98-66-8,C6H5ClO3S,191.964793,0,331,0,Inactive,0.00015784780707309617,0.3265054099207067,0.3808625977640897,100,2
https://comptox.epa.gov/dashboard/chemical/details/DTXSID8040800,Etidronic acid monohydrate,25211-86-3,C2H10O8P2,223.985091,8,326,2,Inactive,5.358097305904413e-17,0.13932541902813234,0.16252055682174335,1.1836070240249692,0.07320753378348675
https://comptox.epa.gov/dashboard/chemical/details/DTXSID7023063,Flufenamic acid,530-78-9,C14H10F3NO2,281.066363,52,332,16,Inactive,-7.699472839503693e-7,-0.08428487067622396,0.0983167623646814,100,2
https://comptox.epa.gov/dashboard/chemical/details/DTXSID3034113,4-Hydroxyandrostenedione,566-48-3,C19H26O3,302.188195,40,348,11,Active,0.9999998596957255,2.89024052201494,3.371412784997894,1.4456696979602675,0.16006907806274276
https://comptox.epa.gov/dashboard/chemical/details/DTXSID9041233,"Tetrasodium 1,3,6,8-pyrenetetrasulfonate",59572-10-0,C16H6Na4O12S4,609.833287,0,202,0,Inactive,0,-0.35614881933968223,0.41544109347917557,6.305076920492971,0.7996903892345355
https://comptox.epa.gov/dashboard/chemical/details/DTXSID1047102,Dehydroabietylamine acetate,2026-24-6,C22H35NO2,345.266779,173,329,53,Inactive,0.0003718689265197075,0.49368519779521597,0.5758747671459025,3.705,0.5687882123153469
https://comptox.epa.gov/dashboard/chemical/details/DTXSID0044527,"Ethane-1,2-diyl bis(sulfanylacetate)",123-81-9,C6H10O4S2,210.002051,44,328,13,Inactive,0.000019321518737156556,0.273180104645404,0.31865960303071855,100,2
https://comptox.epa.gov/dashboard/chemical/details/DTXSID8044543,"Disodium 3-hydroxynaphthalene-2,7-disulfonate",135-51-3,C10H6Na2O7S2,347.935033,14,328,4,Inactive,4.193645110185337e-7,0.061129925156191714,0.07130694129008679,100,2
https://comptox.epa.gov/dashboard/chemical/details/DTXSID7042437,Swep,1918-18-9,C8H7Cl2NO2,218.985384,31,329,9,Inactive,-0.0008798502247978285,-0.10093655611664132,0.11774064932425125,100,2
https://comptox.epa.gov/dashboard/chemical/details/DTXSID8040725,4-Chloromercuribenzoic acid,59-85-8,C7H5ClHgO2,357.968450,110,329,33,Inactive,-7.861870610868838e-18,-0.3328441430031365,0.3882566141416244,8.070340719964054,0.9068918704936446
https://comptox.epa.gov/dashboard/chemical/details/DTXSID7029534,"2,3-Dichloro-5-(trichloromethyl)pyridine",69045-83-6,C6H2Cl5N,262.862988,46,326,14,Inactive,-0.000015717393410294967,-0.6100021031224407,0.7115563129358027,167.3985530512661,2.2237516997470466
https://comptox.epa.gov/dashboard/chemical/details/DTXSID7047146,Diethylstilbestrol dipropionate,130-80-3,C24H28O4,380.198759,98,344,28,Inactive,0.00017512003868468262,0.1312730831716481,0.1531276541034873,99.99999999999999,2
https://comptox.epa.gov/dashboard/chemical/details/DTXSID0040674,Fluocinolone acetonide,67-73-2,C24H30F2O6,452.201045,25,329,8,Inactive,9.388068523664297e-20,0.14990652578022567,0.17486322460724837,0.45230149031686107,-0.3445719812672966
https://comptox.epa.gov/dashboard/chemical/details/DTXSID8023474,Pimozide,2062-78-4,C28H29F2N3O,461.227869,144,332,43,Inactive,0.00002842305126307517,0.3803212120707129,0.443637748143948,3.705,0.5687882123153469
https://comptox.epa.gov/dashboard/chemical/details/DTXSID7028300,"1-(4-Chlorophenyl)-4,4-dimethyl-pentan-3-one",66346-01-8,C13H17ClO,224.096793,6,329,2,Inactive,0.0000033532885585762695,0.23547414629985697,0.2746762912376393,100,2
https://comptox.epa.gov/dashboard/chemical/details/DTXSID0032314,"4,4-Dimethyl oxazolidine",51200-87-4,C5H11NO,101.084064,3,207,1,Inactive,6.045890212478692e-8,0.16061558460295502,0.1873551461463851,99.5,1.9978230807457253
https://comptox.epa.gov/dashboard/chemical/details/DTXSID5044520,Tetrabromophenolphthalein ethyl ester,1176-74-5,C22H14Br4O4,657.762561,183,464,39,Inactive,-0.00001548338929023483,-0.3085789426032308,0.3599517010260387,78.5,1.8948696567452525
https://comptox.epa.gov/dashboard/chemical/details/DTXSID0021040,N-Nitrosohexamethyleneimine,932-83-2,C6H12N2O,128.094963,3,329,1,Inactive,5.097109384284752e-8,0.07198761933915236,0.08397224326243301,100,2
https://comptox.epa.gov/dashboard/chemical/details/DTXSID5041439,2-Methylanthraquinone,84-54-8,C15H10O2,222.068080,32,326,10,Inactive,-7.024073497124838e-15,-0.3112687833737794,0.363089351160815,23.90248639656824,1.3784430796989426
https://comptox.epa.gov/dashboard/chemical/details/DTXSID8038770,Zinc acetate,557-34-6,C4H6O4Zn,181.955751,4,331,1,Inactive,-9.54534887500149e-7,-0.030060382430849925,0.0350648871183357,100,2
https://comptox.epa.gov/dashboard/chemical/details/DTXSID3044544,3-Hydroxy-N-(3-nitrophenyl)naphthalene-2-carboxamide,135-65-9,C17H12N2O4,308.079707,103,329,31,Inactive,-2.880487740159493e-15,-0.28317210868455023,0.3303150932602456,23.490615652160038,1.3708943991033664
https://comptox.epa.gov/dashboard/chemical/details/DTXSID4046999,"2,6-Dimethoxybenzoic acid",1466-76-8,C9H10O4,182.057909,5,328,2,Inactive,-1.598544361165086e-11,-0.25597885276045906,0.29859465685023845,23.314745196888943,1.3676306734817056
https://comptox.epa.gov/dashboard/chemical/details/DTXSID3044465,"2,4-Diaminobenzenesulfonic acid",88-63-1,C6H8N2O3S,188.025563,3,328,1,Inactive,-1.634851962061661e-8,-0.001920854657098519,0.002240641877289138,100,2
https://comptox.epa.gov/dashboard/chemical/details/DTXSID1041506,4-Chloro-2-cyclopentylphenol,13347-42-7,C11H13ClO,196.065493,90,333,27,Inactive,-0.000005487095309661087,-0.2379788389344646,0.2775979694531669,33.35,1.523095838252568
https://comptox.epa.gov/dashboard/chemical/details/DTXSID0032029,Scopolamine hydrobromide,114-49-8,C17H22BrNO4,383.073221,1,332,0,Inactive,-1.8526123389814472e-7,-0.03279859774720391,0.03825896527733853,99.99999999999999,2
https://comptox.epa.gov/dashboard/chemical/details/DTXSID6028492,C12-16-Alkylbenzyldimethylammonium chlorides,68424-85-1,C21H38ClN, ,78,207,38,Inactive,1.796445836429416e-12,0.2146553619055474,0.2503915594513181,0.4386409149503274,-0.3578908612394214
https://comptox.epa.gov/dashboard/chemical/details/DTXSID5044368,Dodecanoyl chloride,112-16-3,C12H23ClO,218.143743,22,204,11,Inactive,-6.351695303760709e-7,-0.18705386567908425,0.21819491818421177,100,2
https://comptox.epa.gov/dashboard/chemical/details/DTXSID6047446,Fipexide hydrochloride,34161-23-4,C20H22Cl2N2O4,424.095663,63,329,19,Inactive,2.2253853861034502e-7,0.21945934814283627,0.255995321662796,100,2
https://comptox.epa.gov/dashboard/chemical/details/DTXSID1029251,Monomethyl maleate,3052-50-4,C5H6O4,130.026609,5,328,2,Inactive,8.613547564080189e-8,0.02736258050093552,0.031917950436552364,100,2
https://comptox.epa.gov/dashboard/chemical/details/DTXSID3020671,FD&C Green No. 1,4680-78-8,C37H35N2NaO6S2,690.183423,16,335,5,Inactive,0.000004149904179898158,0.31933869277270865,0.37250275309539077,74.5,1.8721562727482928
https://comptox.epa.gov/dashboard/chemical/details/DTXSID7038814,4-Aminobenzamide,2835-68-9,C7H8N2O,136.063663,0,326,0,Inactive,0,-0.139307558960374,0.16249972337887839,2.269779173200517,0.3559836067413326
https://comptox.epa.gov/dashboard/chemical/details/DTXSID1044481,"1,1'-Disulfanediyldiazepan-2-one",23847-08-7,C12H20N2O2S2,288.096620,57,329,17,Inactive,-1.0204838547529802e-17,-0.22402264131913008,0.26131831981435644,1.8522212688658022,0.2676928668531165
https://comptox.epa.gov/dashboard/chemical/details/DTXSID7044423,N-(Chloromethylidene)-N-methylmethanaminium chloride,3724-43-4,C3H7Cl2N,126.995555,0,326,0,Inactive,-0.00011790271263980151,-0.014765254987306674,0.017223400287549605,100,2
https://comptox.epa.gov/dashboard/chemical/details/DTXSID2044395,1-Bromododecane,143-15-7,C12H25Br,248.113964,18,329,5,Inactive,-2.4189010661918805e-9,-0.31798428249517574,0.3709228582419951,48.80865522208234,1.6884968421233404
https://comptox.epa.gov/dashboard/chemical/details/DTXSID4038926,Dibenzyl oxalate,7579-36-4,C16H14O4,270.089209,0,326,0,Inactive,-5.311814547455176e-8,-0.008594382442254871,0.010025190161260123,100,2
https://comptox.epa.gov/dashboard/chemical/details/DTXSID0034851,Dichlorprop-P,15165-67-0,C9H8Cl2O3,233.985050,3,211,1,Inactive,0.00003083378353975699,0.04848473006102234,0.05655655214845039,100,2
https://comptox.epa.gov/dashboard/chemical/details/DTXSID7044500,Dodecane-1-sulfonyl chloride,10147-40-7,C12H25ClO2S,268.126379,3,202,1,Inactive,-2.3598952349114553e-9,-0.07614946587536173,0.0888269612398813,25,1.3979400086720377
https://comptox.epa.gov/dashboard/chemical/details/DTXSID8044200,"3,3'-Thiodipropionic acid",111-17-1,C6H10O4S,178.029980,1,331,0,Inactive,-8.824213762369979e-8,-0.04781851999223299,0.0557794302700799,100,2
https://comptox.epa.gov/dashboard/chemical/details/DTXSID4022284,2-Butanamine,13952-84-6,C4H11N,73.089149,2,328,1,Inactive,2.705300647328836e-19,0.20301364719576417,0.23681171185285638,0.09223118769542489,-1.0351221987540924
https://comptox.epa.gov/dashboard/chemical/details/DTXSID4044668,"1,1,2-Trimethyl-1H-benzo[e]indole",41532-84-7,C15H15N,209.120449,60,329,18,Inactive,0.0000018683987177003127,0.14636586449152764,0.1707331078764298,100,2
https://comptox.epa.gov/dashboard/chemical/details/DTXSID7022172,Aminocarb,2032-59-9,C11H16N2O2,208.121178,13,328,4,Inactive,0,-0.6154010976485691,0.7178541414496847,25.990828792104356,1.414820128446709
https://comptox.epa.gov/dashboard/chemical/details/DTXSID3042633,Clomipramine hydrochloride,17321-77-6,C19H24Cl2N2,350.131654,133,332,40,Inactive,1.851699533553195e-10,0.025598389772580336,0.02986005417101773,11.1,1.0453229787866574
https://comptox.epa.gov/dashboard/chemical/details/DTXSID4027781,C.I. Fluorescent Brightener 220,16470-24-9,C40H40N12Na4O16S4,1164.115885,33,331,10,Inactive,9.938390490685036e-7,0.11245587863820375,0.13117772867037944,65.5,1.816241299991783
https://comptox.epa.gov/dashboard/chemical/details/DTXSID3044461,5-Methyl-2-(1-methylethenyl)cyclohexanol,7786-67-6,C10H18O,154.135765,3,204,1,Inactive,1.7427951127837605e-7,0.3514935086312924,0.4100107585569244,100,2
https://comptox.epa.gov/dashboard/chemical/details/DTXSID6044690,"1,1'-[Ethane-1,2-diylbis(oxy)]bis(3-methylbenzene)",54914-85-1,C16H18O2,242.130680,13,326,4,Inactive,-7.808240534185848e-8,-0.02914846955328588,0.03400115740075486,100,2
https://comptox.epa.gov/dashboard/chemical/details/DTXSID5044528,Oxyphenisatin,125-13-3,C20H15NO3,317.105193,103,329,31,Inactive,1.0436046924626278e-7,0.09210856079043035,0.10744295400028558,100,2
https://comptox.epa.gov/dashboard/chemical/details/DTXSID3044752,Diprop-2-en-1-yl (2Z)-but-2-enedioate,999-21-3,C10H12O4,196.073559,34,328,10,Inactive,0,-0.3662637188421317,0.4272399390222285,25.38616704418142,1.4045971334368141
https://comptox.epa.gov/dashboard/chemical/details/DTXSID5051444,"4,4'-(1-Phenylethylidene)bisphenol",1571-75-1,C20H18O2,290.130680,77,202,38,Inactive,-8.766129432732117e-8,-0.06767996758080712,0.07894744615617726,11.100000000000001,1.0453229787866576
https://comptox.epa.gov/dashboard/chemical/details/DTXSID1027978,"3-[3,5-DI(tert-butyl)-4-hydroxyphenyl]propanohydrazide",32687-77-7,C17H28N2O2,292.215078,13,326,4,Inactive,0.8023553277804656,1.655175053418954,1.930731471654797,25.723869888386414,1.410336304250074
https://comptox.epa.gov/dashboard/chemical/details/DTXSID0043765,Ouabain,630-60-4,C29H44O12,584.283277,97,329,29,Inactive,-1.680902715596232e-7,-0.4110518074605512,0.4794844264389673,2.5226700381914946,0.4018604491049605
https://comptox.epa.gov/dashboard/chemical/details/DTXSID7020184,C.I. Direct Black 38,1937-37-7,C34H25N9Na2O7S2,781.111375,44,331,13,Inactive,-7.397170971611373e-7,-0.016394573782350617,0.019123970906018056,62.99999999999999,1.7993405494535817
https://comptox.epa.gov/dashboard/chemical/details/DTXSID2047436,Glycocholic acid,475-31-0,C26H43NO6,465.309038,8,344,2,Inactive,0.00005382080170060115,0.12610997159983067,0.1471049787479219,100,2
https://comptox.epa.gov/dashboard/chemical/details/DTXSID5042083,Kadethrin,58769-20-3,C23H24O4S,396.139530,66,326,20,Inactive,-4.900121829001302e-12,-0.2039951509872781,0.23795661810063368,100,2
https://comptox.epa.gov/dashboard/chemical/details/DTXSID4022999,Estradiol cypionate,313-06-4,C26H36O3,396.266445,116,344,34,Active,0.9999940944509944,1.7525702368299019,2.044341174393297,27.399775420934613,1.4377470031908786
https://comptox.epa.gov/dashboard/chemical/details/DTXSID7034460,Clofencet-potassium,82697-71-0,C13H10ClKN2O3,316.001701,3,204,1,Inactive,1.2182468388308239e-8,0.004930174383762169,0.005750958379788078,100,2
https://comptox.epa.gov/dashboard/chemical/details/DTXSID5021839,Benzylamine,100-46-9,C7H9N,107.073499,5,335,1,Inactive,2.851132791939908e-7,0.04768523256566536,0.05562395292119259,99.5,1.9978230807457253
https://comptox.epa.gov/dashboard/chemical/details/DTXSID5040758,"4-[[(5,6,7,8-Tetrahydro-5,5,8,8-tetramethyl-2-naphthalenyl)carbonyl]amino]benzoic acid",102121-60-8,C22H25NO3,351.183444,95,331,29,Inactive,0.000001056710112125258,0.113467088701979,0.13235728674222935,100,2
https://comptox.epa.gov/dashboard/chemical/details/DTXSID8047137,Betamethasone 21-phosphate disodium,151-73-5,C22H28FNa2O8P,516.130122,15,338,4,Inactive,2.8465921322710903e-7,0.21481300749265578,0.25057545014962757,100,2
https://comptox.epa.gov/dashboard/chemical/details/DTXSID8047505,"3,5,3′-Triiodo-L-thyronine monosodium salt",55-06-1,C15H11I3NNaO4,672.771990,55,347,16,Inactive,-8.404329891204109e-10,-0.4231848740006722,0.4936374269740496,21.9140837271002,1.3407233166243213
https://comptox.epa.gov/dashboard/chemical/details/DTXSID6041268,Fenchlorazole-ethyl,103112-35-2,C12H8Cl5N3O2,400.905915,100,329,30,Inactive,-3.8239548912261153e-16,-0.3429519050438954,0.4000471339659655,24.53412923623459,1.3897706486381394
https://comptox.epa.gov/dashboard/chemical/details/DTXSID7044398,"N-[5-(Phenylimino)-1,3-pentadien-1-yl]aniline hydrochloride (1:1)",1497-49-0,C17H17ClN2,284.108026,10,326,3,Inactive,0,-0.46113784617383324,0.5379088758858724,25.20400508936511,1.4014695586388106
https://comptox.epa.gov/dashboard/chemical/details/DTXSID6044981,Phenyl dihydrogen phosphate,701-64-4,C6H7O4P,174.008196,4,328,1,Inactive,0.00009229960961958781,0.13247405443041257,0.15452856514371824,100,2
https://comptox.epa.gov/dashboard/chemical/details/DTXSID9040134,Vincamine,1617-90-9,C21H26N2O3,354.194343,18,326,6,Inactive,-0.000015928718460221655,-0.16025873780600566,0.18693889087477128,100.00000000000001,2
https://comptox.epa.gov/dashboard/chemical/details/DTXSID4042256,Parinol,17781-31-6,C18H13Cl2NO,329.037419,76,341,22,Inactive,1.305822858051073e-8,0.16953518217509317,0.1977596938173098,11.1,1.0453229787866574
https://comptox.epa.gov/dashboard/chemical/details/DTXSID2021367,Toremifene citrate,89778-27-8,C32H36ClNO8,597.212945,157,332,47,Inactive,1.4599101943644386e-9,0.11916376793247882,0.13900235902719948,3.185,0.5031094366713692
https://comptox.epa.gov/dashboard/chemical/details/DTXSID0035790,Sodium 2-methoxy-5-nitrophenolate,67233-85-6,C7H6NNaO4,191.019452,2,202,1,Inactive,0.000003233999319952901,0.04068928531545315,0.0474633082195215,50,1.6989700043360187
https://comptox.epa.gov/dashboard/chemical/details/DTXSID2047721,Petitgrain oil,8014-17-3,, ,10,328,3,Inactive,-1.9204005161672687e-11,-0.31254319536511,0.3645759294743497,0.5368878481808992,-0.27011642566556593
https://comptox.epa.gov/dashboard/chemical/details/DTXSID6044646,"5,5-Dimethyl-2-phenoxy-1,3,2-dioxaphosphinane",3057-08-7,C11H15O3P,226.075881,3,344,1,Inactive,1.698606549088074e-8,0.12364990300319496,0.1442353536577279,100,2
https://comptox.epa.gov/dashboard/chemical/details/DTXSID9044409,"1,6-Dichlorohexane",2163-00-0,C6H12Cl2,154.031606,2,326,1,Inactive,1.70144857806994e-14,0.261992990359006,0.3056100385238516,100,2
https://comptox.epa.gov/dashboard/chemical/details/DTXSID8042264,Pentaerythritol tetraacrylate,4986-89-4,C17H20O8,352.115818,156,329,47,Inactive,-2.850831286142411e-9,-0.09542149759811196,0.11130743428288892,33.35,1.523095838252568
https://comptox.epa.gov/dashboard/chemical/details/DTXSID2020636,Fluvastatin,93957-54-1,C24H26FNO4,411.184586,48,329,15,Inactive,1.0956343763537505e-17,0.36282994623563314,0.4232345059871072,24.543217428551827,1.38993149481615
https://comptox.epa.gov/dashboard/chemical/details/DTXSID2027830,"3-(Chloromethyl)-1,2,3-benzotriazin-4(3H)-one",24310-41-6,C8H6ClN3O,195.019939,7,326,2,Inactive,-0.00002024452459699415,-0.10123878362729945,0.11809319219590836,100,2
https://comptox.epa.gov/dashboard/chemical/details/DTXSID5023376,Nizatidine,76963-41-2,C12H21N5O2S2,331.113667,4,329,1,Inactive,-1.8374817071244396e-17,-0.2527259755416123,0.29480023498115376,24.28984382731837,1.3854247224975185
https://comptox.epa.gov/dashboard/chemical/details/DTXSID8041117,Roxithromycin,80214-83-1,C41H76N2O15,836.524570,15,331,5,Inactive,2.9761101484210563e-8,0.0146580249842517,0.017098318447307855,60,1.7781512503836436
https://comptox.epa.gov/dashboard/chemical/details/DTXSID8022161,Ioxynil,1689-83-4,C7H3I2NO,370.830400,75,344,22,Inactive,0,0.1116847408548482,0.1302782105292431,0.7391602816548095,-0.1312613777208272
https://comptox.epa.gov/dashboard/chemical/details/DTXSID5023035,Etoposide,33419-42-0,C29H32O13,588.184291,74,334,22,Inactive,8.487712191694001e-19,0.09474496610754177,0.11051827265450931,0.07410000110863244,-1.1301817855230611
https://comptox.epa.gov/dashboard/chemical/details/DTXSID2044503,C.I. Disperse Yellow 64,10319-14-9,C18H10BrNO3,366.984406,31,326,10,Inactive,6.4810642831521e-8,0.0030291488077027855,0.0035334467633962225,100,2
https://comptox.epa.gov/dashboard/chemical/details/DTXSID4047177,4-Phenyltoluene,644-08-6,C13H12,168.093900,10,329,3,Inactive,-7.413790463596377e-14,-0.2586667151863119,0.30172999928205735,16.14491640895078,1.2080358007792942
https://comptox.epa.gov/dashboard/chemical/details/DTXSID9025164,"1,3-Dinitronaphthalene",606-37-1,C10H6N2O4,218.032757,23,329,7,Inactive,-2.0267926673046006e-15,-0.371689635606563,0.43356917183541493,24.888753040926208,1.3960031384321852
https://comptox.epa.gov/dashboard/chemical/details/DTXSID0041985,Fluorosalan,4776-06-1,C14H8Br2F3NO2,436.887389,155,333,47,Inactive,-0.000011582446159061763,-0.16896571163480661,0.19709541683220155,100,2
https://comptox.epa.gov/dashboard/chemical/details/DTXSID7044970,"2-(3a,4,5,6,7,7a-Hexahydro-1H-4,7-methanoinden-8-yloxy)ethyl prop-2-enoate",65983-31-5,C15H20O3,248.141245,2,202,1,Inactive,0.000002668369349599617,0.22162643524676445,0.25852318919241396,25,1.3979400086720377
https://comptox.epa.gov/dashboard/chemical/details/DTXSID9032406,Fosamine ammonium,25954-13-6,C3H11N2O4P,170.045644,1,328,0,Inactive,-0.00015694410323796162,-0.18811174102361752,0.21942891045382648,100,2
https://comptox.epa.gov/dashboard/chemical/details/DTXSID4047173,Sodium pantothenate,867-81-2,C9H16NNaO5,241.092617,2,328,1,Inactive,-0.000862504498967078,-0.35088474680734366,0.40930064900699376,100,2
https://comptox.epa.gov/dashboard/chemical/details/DTXSID2020210,Butyl-N-(4-hydroxybutyl)nitrosamine,3817-11-6,C8H18N2O2,174.136828,5,326,2,Inactive,-3.2553960467075473e-7,-0.44355680849494056,0.5174009165127106,0.11491653043828565,-0.9396174947080554
https://comptox.epa.gov/dashboard/chemical/details/DTXSID4047709,Cananga oil,68606-83-7,, ,57,331,17,Inactive,3.071739853722591e-15,0.46052381802636344,0.5371926232657324,3.9453866606510464,0.5960895718948114
https://comptox.epa.gov/dashboard/chemical/details/DTXSID4044793,Sodium 3-chloro-2-hydroxypropylsulfonate,126-83-0,C3H6ClNaO4S,195.957302,2,328,1,Inactive,0.0000010744173947570198,0.07774865698083903,0.09069238845868674,100,2
https://comptox.epa.gov/dashboard/chemical/details/DTXSID5044869,4-(3-Phenylpropyl)pyridine,2057-49-0,C14H15N,197.120449,42,326,13,Inactive,1.208415609350582e-8,0.05587669056229547,0.06517913907516668,100,2
https://comptox.epa.gov/dashboard/chemical/details/DTXSID4044161,Antimony trichloride,10025-91-9,Cl3Sb,225.810370,53,334,16,Inactive,-2.6503257148803466e-9,-0.30797527282293236,0.359247531252031,100,2
https://comptox.epa.gov/dashboard/chemical/details/DTXSID9027281,"2,3-Quinolinedicarboxylic acid",643-38-9,C11H7NO4,217.037508,4,326,1,Inactive,0.00027625704318483014,0.22139588692946915,0.2582542587907506,100,2
https://comptox.epa.gov/dashboard/chemical/details/DTXSID2044971,Triphenylolmethane triglycidyl ether,66072-38-6,C28H28O6, ,101,329,31,Inactive,-0.027100268112503063,-0.6912004993584775,0.8062727592337223,35.462590367382674,1.5497704554942333
https://comptox.epa.gov/dashboard/chemical/details/DTXSID8027795,"3,4,5,6-Tetrachloropyridine-2-carbonitrile",17824-83-8,C6Cl4N2,239.881559,156,329,47,Inactive,-6.203775781384341e-8,-0.4351705427050101,0.5076184906255906,5.496219753699669,0.7400640886641555
https://comptox.epa.gov/dashboard/chemical/details/DTXSID5025815,Orphenadrine hydrochloride,341-69-5,C18H24ClNO,305.154642,20,329,6,Inactive,0.01240118601101616,0.7850806755272108,0.9157822702181116,162.79692177461646,2.2116461888275256
https://comptox.epa.gov/dashboard/chemical/details/DTXSID1024629,Bixin,6983-79-5,C25H30O4,394.214409,17,326,5,Inactive,-2.1150583992500018e-9,-0.2803352829919209,0.3270059878982208,170.64899463298443,2.232103734005614
https://comptox.epa.gov/dashboard/chemical/details/DTXSID8022084,4-Ethoxy-2-nitroaniline,616-86-4,C8H10N2O3,182.069142,13,326,4,Inactive,-1.838249699656541e-7,-0.2767268372747879,0.32279680186956744,100,2
https://comptox.epa.gov/dashboard/chemical/details/DTXSID4020612,Ethylphenylacetylurea,90-49-3,C11H14N2O2,206.105528,2,326,1,Inactive,-0.00001324884074803366,-0.2559583447890247,0.2985707346760936,100,2
https://comptox.epa.gov/dashboard/chemical/details/DTXSID5044316,4-Methylbenzenesulfonic acid hydrate,6192-52-5,C7H10O4S,190.029980,2,328,1,Inactive,1.0596423840382595e-7,0.08552233284019094,0.09976023937940434,100,2
https://comptox.epa.gov/dashboard/chemical/details/DTXSID3044201,Quetiapine fumarate,111974-72-2,C46H54N6O8S2,882.344455,40,326,12,Inactive,8.895651701735282e-8,0.31487051567863206,0.36729070611664916,179.9526119097779,2.2551581545719896
https://comptox.epa.gov/dashboard/chemical/details/DTXSID2038813,Isophthalyl dihydrazide,2760-98-7,C8H10N4O2,194.080376,6,326,2,Inactive,0.000006412153522408549,0.15969163238840836,0.18627737276208625,100,2
https://comptox.epa.gov/dashboard/chemical/details/DTXSID0022563,Albendazole,54965-21-8,C12H15N3O2S,265.088498,51,329,16,Inactive,-1.1905160343460773e-9,-0.039450387828717084,0.046018156927001445,100,2
https://comptox.epa.gov/dashboard/chemical/details/DTXSID0040703,4-tert-Butylbenzoic acid,98-73-7,C11H14O2,178.099380,2,331,1,Inactive,-0.000009360887586775467,-0.3124169096172589,0.3644286194558148,100,2
https://comptox.epa.gov/dashboard/chemical/details/DTXSID5021128,"1-Phenyl-3,3-dimethyltriazene",7227-91-0,C8H11N3,149.095297,5,326,2,Inactive,1.449507460685003e-7,0.15853411946334545,0.1849271550744466,100,2
https://comptox.epa.gov/dashboard/chemical/details/DTXSID7021784,Salicylanilide,87-17-2,C13H11NO2,213.078979,64,333,19,Inactive,-2.044640337908883e-20,-0.11918826246801661,0.1390309314555651,24.09566286187692,1.3819388780659752
https://comptox.epa.gov/dashboard/chemical/details/DTXSID6044309,"1,10-Phenanthroline hydrochloride hydrate",18851-33-7,C12H11ClN2O,234.055991,88,329,27,Inactive,-0.00006780717600167592,-0.01738933889692644,0.020284346244957924,100,2
https://comptox.epa.gov/dashboard/chemical/details/DTXSID2023270,Metformin,657-24-9,C4H11N5,129.101445,5,461,1,Inactive,-7.193002982023034e-7,-0.243210076620243,0.2837001126764931,100,2
https://comptox.epa.gov/dashboard/chemical/details/DTXSID3044889,"2,5-Di-tert-butylcyclohexa-2,5-diene-1,4-dione",2460-77-7,C14H20O2,220.146330,50,205,24,Inactive,-8.642237725765975e-12,-0.6737635453730735,0.785932870857641,13.162138094148771,1.1193264430064616
https://comptox.epa.gov/dashboard/chemical/details/DTXSID0023371,Nisoldipine,63675-72-9,C20H24N2O6,388.163437,119,332,36,Inactive,-0.000008633766499969246,-0.2208738187653673,0.2576452758117609,11.1,1.0453229787866574
https://comptox.epa.gov/dashboard/chemical/details/DTXSID6021799,"N,N-Diethylcyclohexylamine",91-65-6,C10H21N,155.167400,1,328,0,Inactive,-0.0000010995286709380261,-0.006037544088884665,0.007042684917123656,100,2
https://comptox.epa.gov/dashboard/chemical/details/DTXSID2044507,Maprotiline hydrochloride,10347-81-6,C20H24ClN,313.159727,147,332,44,Inactive,0.0000747604238818699,0.3266785273440534,0.3810645360768119,11.1,1.0453229787866574
https://comptox.epa.gov/dashboard/chemical/details/DTXSID5047112,Didodecyldimethylammonium bromide,3282-73-3,C26H56BrN,461.359614,174,329,53,Inactive,0.00016259177321722586,0.11261716534617548,0.13136586666967892,100,2
https://comptox.epa.gov/dashboard/chemical/details/DTXSID1047156,"2-(2-Butyl)-4,5-dimethyl-3-thiazoline",65894-82-8,C9H17NS,171.108171,10,326,3,Inactive,-8.670225719738242e-9,-0.034924541092590924,0.040738839364019105,99.99999999999999,2
https://comptox.epa.gov/dashboard/chemical/details/DTXSID1022009,Dihexylamine,143-16-8,C12H27N,185.214350,9,328,3,Inactive,-8.721495715459243e-17,-0.23423034354887448,0.2732254180439597,27.25041567085755,1.4353731312799232
https://comptox.epa.gov/dashboard/chemical/details/DTXSID4031356,Galactosamine hydrochloride,1772-03-8,C6H14ClNO5,215.056050,10,364,3,Inactive,1.2397388367343689e-12,0.23258300421862033,0.2713038268002743,0.07313646872214749,-1.1358660127087876
https://comptox.epa.gov/dashboard/chemical/details/DTXSID6020064,4-Amino-2-nitrophenol,119-34-6,C6H6N2O3,154.037842,28,331,8,Inactive,1.3343890368643614e-7,0.04424973852235177,0.05161651186146487,100.00000000000001,2
https://comptox.epa.gov/dashboard/chemical/details/DTXSID7044895,tert-Butyl 4-hydroxybenzoate,25804-49-3,C11H14O3,194.094294,40,329,12,Inactive,-5.421517935330645e-16,-0.39182852233100335,0.4570608154066802,24.619174414929685,1.3912734851082094
https://comptox.epa.gov/dashboard/chemical/details/DTXSID9020118,Azaserine,115-02-6,C5H7N3O4,173.043656,19,329,6,Inactive,0.000006479205369395853,0.005723906702906595,0.006676832634282291,100.00000000000001,2
https://comptox.epa.gov/dashboard/chemical/details/DTXSID9044534,4-Acetylphenyl acetate,13031-43-1,C10H10O3,178.062994,2,326,1,Inactive,-0.0025118980999113394,-0.40468318921118696,0.4720555495599909,100,2
https://comptox.epa.gov/dashboard/chemical/details/DTXSID4021472,N-Nitroso-N-methylurethane,615-53-2,C4H8N2O3,132.053492,2,329,1,Inactive,-0.0020892338063005704,-0.3340093651637236,0.3896158245117107,100,2
https://comptox.epa.gov/dashboard/chemical/details/DTXSID3029869,Bezafibrate,41859-67-0,C19H20ClNO4,361.108086,22,358,6,Inactive,-0.00003499803753680061,-0.0401773993808498,0.046866202625285625,100,2
https://comptox.epa.gov/dashboard/chemical/details/DTXSID8020703,Hydrazine sulfate,10034-93-2,H6N2O4S,130.004828,9,331,3,Inactive,-0.000008834268557698344,-0.0014331846074767361,0.0016717836706339972,100,2
https://comptox.epa.gov/dashboard/chemical/details/DTXSID5051446,6-aminopyridine-3-carboxamide,329-89-5,C6H7N3O,137.058912,54,252,21,Inactive,1.595239132329093e-7,0.02066379644460651,0.024103941173509124,100.00000000000001,2
https://comptox.epa.gov/dashboard/chemical/details/DTXSID8042210,N-Methylpyrrolidine,120-94-5,C5H11N,85.089149,2,328,1,Inactive,-2.235867065762192e-8,-0.07597892280669735,0.08862802586488108,99.99999999999999,2
https://comptox.epa.gov/dashboard/chemical/details/DTXSID5023039,Famotidine,76824-35-6,C8H15N7O2S3,337.044936,6,400,2,Inactive,-2.677142623394462e-15,-0.3469851430468961,0.4047518324381799,24.680360456439825,1.3923514982744785
https://comptox.epa.gov/dashboard/chemical/details/DTXSID5020441,"alpha-(2,5-Dichlorophenoxy)propionic acid",6965-71-5,C9H8Cl2O3,233.985050,5,326,2,Inactive,0,-0.19983470781067697,0.23310353711653908,25.398627123939775,1.4048102422651692
https://comptox.epa.gov/dashboard/chemical/details/DTXSID5044782,"1-Amino-4-bromo-9,10-dioxo-9,10-dihydroanthracene-2-sulfonic acid",116-81-4,C14H8BrNO5S,380.930657,47,326,14,Inactive,0.0000029972781314181353,0.005012149052595965,0.005846580333894361,99.99999999999999,2
https://comptox.epa.gov/dashboard/chemical/details/DTXSID6021822,"N,N-Diisopropylaminoethanol",96-80-0,C8H19NO,145.146664,1,326,0,Inactive,-1.1178716173456857e-9,-0.17587882217471346,0.20515943402413309,2.9009129117807135,0.4625346910567852
https://comptox.epa.gov/dashboard/chemical/details/DTXSID2047434,Flurandrenolide,1524-88-5,C24H33FO6,436.226117,25,329,8,Inactive,-2.2786545639524826e-9,-0.10342519962487091,0.12064360652696114,100,2
https://comptox.epa.gov/dashboard/chemical/details/DTXSID1021081,C.I. Acid Orange 3,6373-74-6,C18H13N4NaO7S,452.040264,35,328,11,Inactive,0.000008975887413775869,0.21515031359814205,0.25096891156151774,100,2
https://comptox.epa.gov/dashboard/chemical/details/DTXSID1038876,Phenyl 1-hydroxy-2-naphthoate,132-54-7,C17H12O3,264.078644,44,326,13,Inactive,-0.00037129787770896316,-0.40069394804254854,0.467402172591554,100,2
https://comptox.epa.gov/dashboard/chemical/details/DTXSID6038798,"1,2-Diethoxybenzene",2050-46-6,C10H14O2,166.099380,2,326,1,Inactive,0,-0.34341196035040367,0.40058378007910167,25.358848589975146,1.4041295306618893
https://comptox.epa.gov/dashboard/chemical/details/DTXSID3044629,"4,4'-Diazene-1,2-diylbis(4-cyanopentanoic acid)",2638-94-0,C12H16N4O4,280.117155,1,328,0,Inactive,2.206227939942427e-10,0.03560913564803676,0.04153740641032187,100,2
https://comptox.epa.gov/dashboard/chemical/details/DTXSID4044379,Gold trichloride,13453-07-1,AuCl3,301.873127,133,329,40,Inactive,2.2999289542719044e-9,0.01636149739011722,0.019085387898545882,100,2
https://comptox.epa.gov/dashboard/chemical/details/DTXSID2025977,Pyrazineethanethiol,35250-53-4,C6H8N2S,140.040819,32,326,10,Inactive,0.00006685847555153876,0.4306760578110242,0.5023757560787093,100,2
https://comptox.epa.gov/dashboard/chemical/details/DTXSID1020728,2-Hydroxyethylhydrazine,109-84-2,C2H8N2O,76.063663,3,326,1,Inactive,-2.272699932413455e-9,-0.039982287433378894,0.04663860810185452,100,2
https://comptox.epa.gov/dashboard/chemical/details/DTXSID8044177,Nutmeg oil,8008-45-5,, ,29,328,9,Inactive,0,-0.36765255640684863,0.4288599926773851,12.640011402805623,1.1017474657322306
https://comptox.epa.gov/dashboard/chemical/details/DTXSID5020948,"5-(5-Nitro-2-furyl)-1,3,4-oxadiazole-2-ol",2122-86-3,C6H3N3O5,197.007270,31,329,9,Inactive,3.008085565831308e-18,0.22852300068716133,0.2665679068279272,0.20694215319587364,-0.6841510364695055
https://comptox.epa.gov/dashboard/chemical/details/DTXSID6046979,"1-(2,6-Dichlorophenyl)-2-indolinone",15362-40-0,C14H9Cl2NO,277.006119,55,329,17,Inactive,4.946843126615437e-8,0.061093187702030184,0.07126408772073675,100,2
https://comptox.epa.gov/dashboard/chemical/details/DTXSID2027759,"2-Amino-2,3-dimethylbutanenitrile",13893-53-3,C6H12N2,112.100048,3,326,1,Inactive,-3.7329205092355085e-8,-0.16640943303250894,0.19411356452746856,99.5,1.9978230807457253
https://comptox.epa.gov/dashboard/chemical/details/DTXSID7047435,Fluorometholone,426-13-1,C22H29FO4,376.204988,29,329,9,Inactive,-0.0000025081407511638186,-0.22075864644089116,0.2575109293986305,100,2
https://comptox.epa.gov/dashboard/chemical/details/DTXSID1044227,Pramipexole dihydrochloride monohydrate,191217-81-9,C10H21Cl2N3OS,301.078239,7,326,2,Inactive,0.00001700652704339332,0.1490396226506093,0.17385199793864373,100,2
https://comptox.epa.gov/dashboard/chemical/details/DTXSID4021715,Menadione,58-27-5,C11H8O2,172.052429,155,334,46,Inactive,0,0.4150329967102876,0.4841284109910558,5.661193404285661,0.75290799201218
https://comptox.epa.gov/dashboard/chemical/details/DTXSID9044958,Trimethylsilyl silicate,56275-01-5,, ,1,326,0,Inactive,4.3005050080507207e-10,0.07421842080967762,0.08657443243708264,100,2
https://comptox.epa.gov/dashboard/chemical/details/DTXSID0027806,Potassium anilinoacetate,19525-59-8,C8H8KNO2,189.019210,5,326,2,Inactive,6.694284639311866e-8,0.14163776589898636,0.1652178672166278,99.99999999999999,2
https://comptox.epa.gov/dashboard/chemical/details/DTXSID6047157,3-(2-Methyl-3-furylthio)-4-heptanone,61295-41-8,C12H18O2S,226.102751,20,326,6,Inactive,-4.570676639791282e-9,-0.32066949136435574,0.3740551053484165,24.11932677326906,1.3823651814641849
https://comptox.epa.gov/dashboard/chemical/details/DTXSID8040723,2-Chloro-5-nitro-N-phenylbenzamide,22978-25-2,C13H9ClN2O3,276.030170,57,329,17,Inactive,0,-0.1896721002731007,0.2212490410217938,0.8569855787469466,-0.0670264862720411
https://comptox.epa.gov/dashboard/chemical/details/DTXSID3022164,2-Allylphenol,1745-81-9,C9H10O,134.073165,4,329,1,Inactive,2.2572645846554134e-11,0.09349256331712708,0.10905736767189303,100,2
https://comptox.epa.gov/dashboard/chemical/details/DTXSID1044221,Indinavir sulfate,157810-81-6,C36H49N5O8S,711.330185,48,326,15,Inactive,1.9566962731422787e-13,0.21081780709956116,0.24591512185469466,0.04724838452642551,-1.3256130359008136
https://comptox.epa.gov/dashboard/chemical/details/DTXSID0023244,"(2R,3R,4R,5S)-6-(Methylamino)hexane-1,2,3,4,5-pentol",6284-40-8,C7H17NO5,195.110673,6,326,2,Inactive,0.0000016355720391540621,0.11308220045082105,0.13190832162639715,100,2
https://comptox.epa.gov/dashboard/chemical/details/DTXSID1042499,Triphenylbismuthine dichloride,594-30-9,C18H15BiCl2,510.035480,178,329,54,Inactive,0.004965378131490028,0.7629583916755487,0.8899770301203601,6.670836960093581,0.8241803263223523
https://comptox.epa.gov/dashboard/chemical/details/DTXSID3040720,"4-Amino-2,6-dichlorophenol",5930-28-9,C6H5Cl2NO,176.974819,61,326,19,Inactive,-7.87499373866923e-8,-0.39709045754682964,0.46319876673818383,16.296379339409583,1.2120911254112847
https://comptox.epa.gov/dashboard/chemical/details/DTXSID2023016,Ethisterone,434-03-7,C21H28O2,312.208930,30,332,9,Inactive,0.8320555841586394,0.9411491396813236,1.097833283404149,1.123412011448203,0.050539063013318064
https://comptox.epa.gov/dashboard/chemical/details/DTXSID9023201,Leflunomide,75706-12-6,C12H9F3N2O2,270.061612,65,344,19,Inactive,-0.000014802245006320612,-0.14637140710855673,0.17073957323797045,100,2
https://comptox.epa.gov/dashboard/chemical/details/DTXSID7023300,Methylprednisolone,83-43-2,C22H30O5,374.209324,45,461,10,Inactive,0,0.12521495284602158,0.14606095571716693,0.0823000002887027,-1.0846001632642552
https://comptox.epa.gov/dashboard/chemical/details/DTXSID2044892,Diphenyl phosphorochloridate,2524-64-3,C12H10ClO3P,268.005609,3,326,1,Inactive,-0.00008489736232685237,-0.009132388245863217,0.010652764105667945,100.00000000000001,2
https://comptox.epa.gov/dashboard/chemical/details/DTXSID5047037,Tembotrione,335104-84-2,C17H16ClF3O6S,440.030822,7,400,2,Inactive,-1.4555589374885695e-7,-0.020189849113061105,0.023551090266874596,100,2
https://comptox.epa.gov/dashboard/chemical/details/DTXSID9023706,Trilostane,13647-35-3,C20H27NO3,329.199094,54,344,16,Active,0.9999862494420503,1.6326107657583626,1.904410642186164,13.175794070490827,1.1197767984606968
https://comptox.epa.gov/dashboard/chemical/details/DTXSID8021802,"1,1'-Bicyclohexyl",92-51-3,C12H22,166.172151,17,329,5,Inactive,-8.587239854430752e-12,-0.12561111091183835,0.1465230668659801,100,2
https://comptox.epa.gov/dashboard/chemical/details/DTXSID1022138,trans-Hex-3-en-1-ol,928-97-2,C6H12O,100.088815,5,326,2,Inactive,0,-0.14354057779654011,0.16743746254441957,24.536710106454123,1.3898163318875354
https://comptox.epa.gov/dashboard/chemical/details/DTXSID0027561,"Dimethyl 3,3'-thiodipropionate",4131-74-2,C8H14O4S,206.061280,2,326,1,Inactive,-0.000007770144635449197,-0.27130978306422066,0.3164779070636082,100.00000000000001,2
https://comptox.epa.gov/dashboard/chemical/details/DTXSID8022741,Carbutamide,339-43-5,C11H17N3O3S,271.099063,0,326,0,Inactive,-0.000048041683476328176,-0.20333421308473001,0.237185646107899,100,2
https://comptox.epa.gov/dashboard/chemical/details/DTXSID2045076,Chlortetracycline hydrochloride,64-72-2,C22H24Cl2N2O8,514.090971,43,329,13,Inactive,3.751780949959922e-15,0.25650082483417314,0.2992035277415457,2.5387820963973633,0.40462542698899323
https://comptox.epa.gov/dashboard/chemical/details/DTXSID9044661,2-(2H-Benzotriazol-2-yl)-6-(butan-2-yl)-4-tert-butylphenol,36437-37-3,C20H25N3O,323.199762,4,202,2,Inactive,9.952028320875609e-12,0.30471737970690504,0.3554472584304896,87.73323015733295,1.9431641194837224
https://comptox.epa.gov/dashboard/chemical/details/DTXSID5041772,Chlorfluazuron,71422-67-8,C20H9Cl3F5N3O3,538.962965,46,329,14,Inactive,0,-0.2331536676034584,0.2719694952167672,24.315138966658708,1.385876756004981
https://comptox.epa.gov/dashboard/chemical/details/DTXSID7040289,6-Chloro-2-picolinic acid,4684-94-0,C6H4ClNO2,156.993056,10,328,3,Inactive,0,-0.10840821085390398,0.1264561981218081,5.474137505301513,0.7383157022892392
https://comptox.epa.gov/dashboard/chemical/details/DTXSID2047642,Linalyl formate,115-99-1,C11H18O2,182.130680,8,328,2,Inactive,-1.1988022641043566e-10,-0.11899305038003952,0.13880322012006238,100,2
https://comptox.epa.gov/dashboard/chemical/details/DTXSID5021835,4-Dimethylaminobenzaldehyde,100-10-7,C9H11NO,149.084064,7,331,2,Inactive,0,0.28799954112489223,0.3359462050393913,25.84854010560391,1.4124360196936168
https://comptox.epa.gov/dashboard/chemical/details/DTXSID8020252,Carbromal,77-65-6,C7H13BrN2O2,236.016041,3,328,1,Inactive,5.908327105449845e-8,0.17967453012729542,0.20958705803050182,100,2
https://comptox.epa.gov/dashboard/chemical/details/DTXSID8021721,Strychnine hemisulphate salt,60-41-3,C42H46N4O8S,766.303636,18,326,6,Inactive,3.842731412765289e-17,0.19789504721127987,0.23084095845100813,22.563529394650544,1.3534070331098271
https://comptox.epa.gov/dashboard/chemical/details/DTXSID0047614,Geranyl formate,105-86-2,C11H18O2,182.130680,1,328,0,Inactive,0,0.11668199545504494,0.13610741675642843,0.0823000012220879,-1.0846001583388112
https://comptox.epa.gov/dashboard/chemical/details/DTXSID4021189,Procarbazine,671-16-9,C12H19N3O,221.152812,9,329,3,Inactive,-0.00037180632832995,-0.23500168547744732,0.2741251743167638,100,2
https://comptox.epa.gov/dashboard/chemical/details/DTXSID0041197,(Z)-Hexadec-9-enoic acid,373-49-9,C16H30O2,254.224580,22,329,7,Inactive,-2.1383668745467333e-9,-0.2953983500244092,0.34457678049758794,49.383451556955656,1.6935814407954695
https://comptox.epa.gov/dashboard/chemical/details/DTXSID8029232,Pentasodium nitrilotris(methylenephosphonate),2235-43-0,C3H7NNa5O9P3,408.882213,7,204,3,Inactive,-0.00015626166112585874,-0.3122619424219164,0.3642478530525853,100,2
https://comptox.epa.gov/dashboard/chemical/details/DTXSID9046998,Tributylphosphine,998-40-3,C12H27P,202.185038,8,328,2,Inactive,0.004236228117098012,0.16446877921111114,0.19184982728661282,99.5,1.9978230807457253
https://comptox.epa.gov/dashboard/chemical/details/DTXSID7044639,"2,4-Dichloro-1,3-dinitro-5-(trifluoromethyl)benzene",29091-09-6,C7HCl2F3N2O4,303.926546,172,329,52,Active,0.9998612651804153,2.0098293941121277,2.34442928308621,44.64167750518923,1.6497405057673096
https://comptox.epa.gov/dashboard/chemical/details/DTXSID1021372,"3,4,4'-Triaminodiphenyl ether",6264-66-0,C12H13N3O,215.105862,62,329,19,Inactive,1.3729649013195048e-11,0.4089712736710242,0.4770575217698911,27.347006860321244,1.4369097995842235
https://comptox.epa.gov/dashboard/chemical/details/DTXSID6044800,Sodium dibutylcarbamodithioate,136-30-1,C9H18NNaS2,227.077836,43,328,13,Inactive,-0.0006338535517366118,-0.5736592929438287,0.6691630885845281,100,2
https://comptox.epa.gov/dashboard/chemical/details/DTXSID6042498,Triphenylbismuth,603-33-8,C18H15Bi,440.097780,69,338,20,Inactive,0,-0.27321549485835106,0.31870088506779637,25.84953706144979,1.4124527697333222
https://comptox.epa.gov/dashboard/chemical/details/DTXSID8044545,"2-Naphthacenecarboxamide, 4,7-bis(dimethylamino)-1,4,4a,5,5a,6,11,12a-octahydro-3,10,12,12a-tetrahydroxy-1,11-dioxo-, monohydrochloride",13614-98-7,C23H28ClN3O7,493.161578,18,332,5,Inactive,-1.762403422840461e-13,-0.14538337279480812,0.16958704925527213,0.08230000024743489,-1.0846001634820241
https://comptox.epa.gov/dashboard/chemical/details/DTXSID7041887,Dipentaerythritol pentaacrylate,60506-81-2,C25H32O12,524.189376,165,329,50,Inactive,0,0.3096467600231741,0.36119729054504884,2.7009954046830846,0.4315238453046384
https://comptox.epa.gov/dashboard/chemical/details/DTXSID0020020,Actarit,18699-02-0,C10H11NO3,193.073893,0,326,0,Inactive,-5.497173989507838e-7,-0.03986023309034892,0.04649623393976614,100.00000000000001,2
https://comptox.epa.gov/dashboard/chemical/details/DTXSID3044704,"Sodium 2,6-dibromo-4-(3-(3,5-dibromo-4-hydroxy-2-methylphenyl)-2,2-dioxido-3H-1,2-benzoxathiol-3-yl)-3-methylphenolate",62625-32-5,C21H13Br4NaO5S,715.711491,56,326,17,Inactive,-3.5239017540230794e-15,-0.20410426764626466,0.23808390069056395,18.459441060218442,1.2662185467365952
https://comptox.epa.gov/dashboard/chemical/details/DTXSID8025670,4-Methylumbelliferone,90-33-5,C10H8O3,176.047344,43,326,13,Inactive,-0.0000022852838419780686,-0.48536342793126347,0.5661675745785586,100,2
https://comptox.epa.gov/dashboard/chemical/details/DTXSID8029868,Atorvastatin,134523-00-5,C33H35FN2O5,558.253000,59,332,18,Inactive,9.245926259819131e-15,0.1216796708791404,0.14193711386700616,4.934273636702788,0.693223230199283
https://comptox.epa.gov/dashboard/chemical/details/DTXSID2041206,alpha-Terthiophene,1081-34-1,C12H8S3,247.978814,80,344,23,Inactive,-8.934836205029417e-12,-0.1532326969587904,0.17874314254178997,100.00000000000001,2
https://comptox.epa.gov/dashboard/chemical/details/DTXSID7044340,Florasulam,145701-23-1,C12H8F3N5O3S,359.029995,7,329,2,Inactive,-4.450830256236763e-16,-0.22936239984782866,0.26754705061905276,4.566851258045241,0.6596168669032256
https://comptox.epa.gov/dashboard/chemical/details/DTXSID1022217,"2,4,5-Trimethoxybenzaldehyde",4460-86-0,C10H12O4,196.073559,8,329,2,Inactive,-9.033319926898056e-23,-0.29915061954278555,0.34895373436376403,38.07056785459837,1.5805893547308196
https://comptox.epa.gov/dashboard/chemical/details/DTXSID7037555,tau-Fluvalinate,102851-06-9,C26H22ClF3N2O3,502.127105,59,403,15,Inactive,0,0.13974914445214132,0.1630148247904301,1.4756277766159611,0.16897682161406405
https://comptox.epa.gov/dashboard/chemical/details/DTXSID1021247,C.I. Basic Red 9 monohydrochloride,569-61-9,C19H18ClN3,323.118925,126,334,38,Inactive,1.2010369900853587e-15,0.21929691244917493,0.2558058433926733,0.49343095615540444,-0.3067736078544983
https://comptox.epa.gov/dashboard/chemical/details/DTXSID8041327,Quinolinic acid,89-00-9,C7H5NO4,167.021858,0,331,0,Inactive,-3.208143468490834e-9,-0.02345834228063593,0.027363727854959406,100,2
https://comptox.epa.gov/dashboard/chemical/details/DTXSID4044664,Todralazine hydrochloride,3778-76-5,C11H13ClN4O2,268.072703,3,326,1,Inactive,2.4476364347508904e-7,0.16492213603482947,0.19237865974190774,100,2
https://comptox.epa.gov/dashboard/chemical/details/DTXSID6041420,2-Furancarboxylic acid,88-14-2,C5H4O3,112.016044,2,328,1,Inactive,-5.108916049970582e-10,-0.18632275298507323,0.21734208857882495,5.539751589091949,0.7434902907382844
https://comptox.epa.gov/dashboard/chemical/details/DTXSID4041367,"2,4-Dinitrophenyl thiocyanate",1594-56-5,C7H3N3O4S,224.984427,164,329,50,Inactive,-4.888219088975508e-9,-0.2932384023328135,0.34205724096207013,11.1,1.0453229787866574
https://comptox.epa.gov/dashboard/chemical/details/DTXSID8041242,"2,2,4-Trimethylpentane-1,3-diyl dibenzoate",68052-23-3,C22H26O4,354.183109,32,329,10,Inactive,0,-0.2865446281124605,0.3342490755811992,24.545339681723124,1.3899690466569996
https://comptox.epa.gov/dashboard/chemical/details/DTXSID5023243,Mefenamic acid,61-68-7,C15H15NO2,241.110279,30,332,9,Inactive,0.000008598619544270956,0.4622261824570797,0.5391784002841935,144.78754524003193,2.1607312050505896
https://comptox.epa.gov/dashboard/chemical/details/DTXSID2022127,4-Phenoxyphenol,831-82-3,C12H10O2,186.068080,52,329,16,Inactive,0.00011381939179036433,0.29918971287462165,0.3489993360213965,79,1.8976270912904414
https://comptox.epa.gov/dashboard/chemical/details/DTXSID2044719,"Dipropyl 3,4,5,6-tetrachlorobenzene-1,2-dicarboxylate",6928-67-2,C14H14Cl4O4,385.964620,39,338,12,Inactive,0,0.07893076868361837,0.09207130017128963,0.08230000440838878,-1.0846001415248034
https://comptox.epa.gov/dashboard/chemical/details/DTXSID9044798,Sodium diisobutyldithiophosphinate,13360-78-6,C8H18NaPS2,232.048524,34,326,10,Inactive,0.00011286528086773894,0.12881182361225246,0.15025663977698417,99.99999999999999,2
https://comptox.epa.gov/dashboard/chemical/details/DTXSID3044702,N-Benzyl-N-hydroxy-1-phenylmethanamine,621-07-8,C14H15NO,213.115364,8,326,2,Inactive,0.0000015569158059736628,0.17967330995346809,0.20958563472001604,100,2
https://comptox.epa.gov/dashboard/chemical/details/DTXSID7023194,Lamivudine,134678-17-4,C8H11N3O3S,229.052112,1,332,0,Inactive,0,-0.251176006422807,0.29299222431086913,24.91760241286145,1.3965062519133826
https://comptox.epa.gov/dashboard/chemical/details/DTXSID0045254,21-Hydroxyprogesterone,64-85-7,C21H30O3,330.219495,63,341,18,Inactive,2.0269292021591648e-10,0.6070114449653844,0.7080677648134379,61.38427030365475,1.7880570975986327
https://comptox.epa.gov/dashboard/chemical/details/DTXSID9023752,Zileuton,111406-87-2,C11H12N2O2S,236.061949,20,358,6,Inactive,1.4528122325027774e-8,0.1998763932808611,0.23315216245621476,100,2
https://comptox.epa.gov/dashboard/chemical/details/DTXSID9040760,"{4-[({2-[3-Fluoro-4-(trifluoromethyl)phenyl]-4-methyl-1,3-thiazol-5-yl}methyl)sulfanyl]-2-methylphenoxy}acetic acid",317318-84-6,C21H17F4NO3S2,471.058598,105,332,32,Inactive,1.2287058042610242e-9,0.156663701922738,0.1827453471724205,33.35,1.523095838252568
https://comptox.epa.gov/dashboard/chemical/details/DTXSID3022877,Cytarabine,147-94-4,C9H13N3O5,243.085521,51,385,13,Inactive,9.79696550131308e-9,0.01576370648653663,0.01838807572686475,100,2
https://comptox.epa.gov/dashboard/chemical/details/DTXSID7022912,Diatrizoate sodium,737-31-5,C11H8I3N2NaO4,635.751590,4,326,1,Inactive,5.0370092512402844e-8,0.08439633493905249,0.09844678339161948,100.00000000000001,2
https://comptox.epa.gov/dashboard/chemical/details/DTXSID3020704,2-Hydrazino-4-(4-aminophenyl) thiazole,26049-71-8,C9H10N4S,206.062618,50,329,15,Inactive,8.626797227844023e-14,0.13752603955691434,0.1604216135303048,0.08230000474685757,-1.0846001397387144
https://comptox.epa.gov/dashboard/chemical/details/DTXSID1038824,"1,4-Dioxane-2,3-diol",4845-50-5,C4H8O4,120.042259,2,326,1,Inactive,1.2810166841824469e-8,0.02215239345900458,0.025840362404830234,100.5,2.002166061756508
https://comptox.epa.gov/dashboard/chemical/details/DTXSID3044621,"3,3′-(1,1,3,3-Tetramethyl-1,3-disiloxanediyl)bis[1-propanamine]",2469-55-8,C10H28N2OSi2,248.174017,9,328,3,Inactive,-0.00004499645736762908,-0.14916109050246343,0.17399368796948647,100,2
https://comptox.epa.gov/dashboard/chemical/details/DTXSID3044914,"3,5-Dichlorosalicylic acid",320-72-9,C7H4Cl2O3,205.953749,5,331,2,Inactive,-0.000003098260272196722,-0.25017008476242697,0.29181883506499856,100,2
https://comptox.epa.gov/dashboard/chemical/details/DTXSID5044366,Dodecyltrimethylammonium bromide,1119-94-4,C15H34BrN,307.187463,107,329,33,Inactive,-0.0000017935744715852872,-0.5019977515290998,0.5855712092658337,100,2
https://comptox.epa.gov/dashboard/chemical/details/DTXSID2044846,4-Chloro-3-nitrobenzaldehyde,16588-34-4,C7H4ClNO3,184.987971,63,326,19,Inactive,-0.0000687747951024307,-0.3896073797194137,0.454469893114581,100.00000000000001,2
https://comptox.epa.gov/dashboard/chemical/details/DTXSID3047891,Bisphenol E,2081-08-5,C14H14O2,214.099380,53,326,16,Inactive,5.006926475333651e-9,0.12606147862865408,0.14704841258266263,100,2
https://comptox.epa.gov/dashboard/chemical/details/DTXSID2034259,2-Methyl-3(2H)-isothiazolone,2682-20-4,C4H5NOS,115.009185,55,209,26,Inactive,-0.000013051346646202939,-0.023998122595976768,0.0279933717348956,100,2
https://comptox.epa.gov/dashboard/chemical/details/DTXSID5042451,Tetrachlorothiophene,6012-97-1,C4Cl4S,219.847482,0,326,0,Inactive,0.0000011044158917947682,0.03320604264829939,0.03873424231337492,100,2
https://comptox.epa.gov/dashboard/chemical/details/DTXSID2023224,Loratadine,79794-75-5,C22H23ClN2O2,382.144806,146,332,44,Inactive,4.322364207858448e-7,0.18162992414635817,0.2118679894427362,11.1,1.0453229787866574
https://comptox.epa.gov/dashboard/chemical/details/DTXSID0038756,4-Fluorobenzaldehyde,459-57-4,C7H5FO,124.032443,3,326,1,Inactive,-1.3934365072816521e-10,-0.009697781973591951,0.011312285563381567,100,2
https://comptox.epa.gov/dashboard/chemical/details/DTXSID1036541,Pregnenolone,145-13-1,C21H32O2,316.240230,57,462,12,Inactive,0,0.08755195402773552,0.10212775542807562,0.08230000159978573,-1.084600156345712
https://comptox.epa.gov/dashboard/chemical/details/DTXSID0020365,Cyclosporin A,59865-13-3,C62H111N11O12,1201.841368,170,482,35,Inactive,0.0000021315258140372026,0.07476899343692191,0.08721666535175619,43.5,1.6384892569546374
https://comptox.epa.gov/dashboard/chemical/details/DTXSID0020072,4-Biphenylamine hydrochloride,2113-61-3,C12H12ClN,205.065827,27,338,8,Inactive,-2.0967482854289631e-13,-0.31721662597816025,0.3700274009344667,23.79400142630186,1.376467483282838
https://comptox.epa.gov/dashboard/chemical/details/DTXSID8038855,1-Chloro-2-(chloromethyl)-3-fluorobenzene,55117-15-2,C7H5Cl2F,177.975234,11,326,3,Inactive,-1.0086537515371472e-15,-0.13699088187765976,0.15979736187094087,49.42462068786536,1.6939433449801637
https://comptox.epa.gov/dashboard/chemical/details/DTXSID3021801,2-(N-Ethyl-m-toluidino)ethanol,91-88-3,C11H17NO,179.131014,9,326,3,Inactive,5.29899986173628e-15,0.2802812859735153,0.3269430013623883,174.53606888186465,2.2418851900210988
https://comptox.epa.gov/dashboard/chemical/details/DTXSID3044205,Rabeprazole sodium,117976-90-6,C18H20N3NaO3S,381.112307,54,329,16,Inactive,0.000006325444443862541,0.5274214332408345,0.6152274696745363,100.00000000000001,2
https://comptox.epa.gov/dashboard/chemical/details/DTXSID7040154,N-(3-Dimethylaminopropyl)methacrylamide,5205-93-6,C9H18N2O,170.141913,3,326,1,Inactive,9.351955297647195e-17,0.1378577228544514,0.16080851603941054,0.08230000157691053,-1.0846001564664236
https://comptox.epa.gov/dashboard/chemical/details/DTXSID9020829,2-Methoxy-2-phenylacetic acid,7021-09-2,C9H10O3,166.062994,1,326,0,Inactive,0.0000010580154775970557,0.1344384255749082,0.15681996820882246,99.99999999999999,2
https://comptox.epa.gov/dashboard/chemical/details/DTXSID1040326,8-Hydroxyquinoline citrate,134-30-5,C15H15NO8,337.079766,93,326,29,Inactive,0.00007873427322863156,0.21455347367604688,0.2502727086923717,100,2
https://comptox.epa.gov/dashboard/chemical/details/DTXSID1044859,"5,5'-Oxybis(2-benzofuran-1,3-dione)",1823-59-2,C16H6O7,310.011353,1,326,0,Inactive,0,-0.15711504971503334,0.18327183612925108,25.231381826279954,1.4019410358166198
https://comptox.epa.gov/dashboard/chemical/details/DTXSID8034792,Oxycarboxin,5259-88-1,C12H13NO4S,267.056529,91,328,28,Inactive,-1.1866630028453607e-10,-0.09417723302009065,0.10985602237640282,100,2
https://comptox.epa.gov/dashboard/chemical/details/DTXSID5028114,2-(Ethyl(3-methylphenyl)amino)acetonitrile,63133-74-4,C11H14N2,174.115698,6,326,2,Inactive,-9.031967968226693e-18,-0.12374547553332167,0.14434683726869713,2.048960798761072,0.3115336494482368
https://comptox.epa.gov/dashboard/chemical/details/DTXSID9044790,3-Methyl-N-phenylaniline,1205-64-7,C13H13N,183.104799,44,326,13,Inactive,-4.234237947038815e-7,-0.22926292767564954,0.26743101814684783,100,2
https://comptox.epa.gov/dashboard/chemical/details/DTXSID2041256,"1,5-Pentanediol",111-29-5,C5H12O2,104.083730,3,326,1,Inactive,0,0.3260897397244547,0.3803777260714703,25.67477363141947,1.4095066232115245
https://comptox.epa.gov/dashboard/chemical/details/DTXSID6044727,N-Cyclohexyl-N-methylcyclohexanamine,7560-83-0,C13H25N,195.198700,7,331,2,Inactive,1.8850764872587833e-10,0.29493961956225984,0.34404167979120104,0.06379780416162702,-1.1951942688791495
https://comptox.epa.gov/dashboard/chemical/details/DTXSID4026557,"2,2'-(3-Chlorophenylimino)diethanol",92-00-2,C10H14ClNO2,215.071306,5,326,2,Inactive,4.091585838312412e-17,0.18588032323665357,0.21682600235730679,3.0529101566473003,0.484714023739723
https://comptox.epa.gov/dashboard/chemical/details/DTXSID4047412,1-(4-Methoxyphenyl)-1-pentene-3-one,104-27-8,C12H14O2,190.099380,25,326,8,Inactive,-7.83955352181114e-15,-0.1698542943652237,0.19813193235920967,1.6046771576790562,0.20538767054666282
https://comptox.epa.gov/dashboard/chemical/details/DTXSID6038877,3-Hydroxy-2-naphthoic o-anisidide,135-62-6,C18H15NO3,293.105193,124,344,36,Inactive,-7.29178923079959e-17,-0.3746592820469985,0.4370332101740747,48.63253311549281,1.686926891189177
https://comptox.epa.gov/dashboard/chemical/details/DTXSID8042349,Prothiofos,34643-46-4,C11H15Cl2O2PS2,343.962814,32,341,9,Inactive,4.2039653061040243e-7,0.21565859075597782,0.25156180758356067,100,2
https://comptox.epa.gov/dashboard/chemical/details/DTXSID3041372,"2,5-Dichloro-3-nitrobenzoic acid",88-86-8,C7H3Cl2NO4,234.943913,5,326,2,Inactive,1.7792120971927664e-8,0.0734535494833484,0.08568222400362434,100,2
https://comptox.epa.gov/dashboard/chemical/details/DTXSID0041519,4-Methyl-3-heptanol,14979-39-6,C8H18O,130.135765,0,326,0,Inactive,2.107913834141853e-9,0.17318677089331702,0.20201920536882292,100,2
https://comptox.epa.gov/dashboard/chemical/details/DTXSID5044948,Methyl 5-chloro-2-nitrobenzoate,51282-49-6,C8H6ClNO4,214.998535,6,326,2,Inactive,-8.164986624678367e-7,-0.14615950772061925,0.17049239647182104,100.00000000000001,2
https://comptox.epa.gov/dashboard/chemical/details/DTXSID2044973,Propan-2-yl 2-ethylhexanoate,67024-46-8,C11H22O2,186.161980,0,326,0,Inactive,-8.678960979196436e-7,-0.03174957203596981,0.037035295943348104,99.99999999999999,2
https://comptox.epa.gov/dashboard/chemical/details/DTXSID1046976,4-Methylumbelliferone hydrate,103764-33-6,C10H10O4,194.057909,45,326,14,Inactive,0,-0.2093497474602717,0.24420265709636743,3.973913522333541,0.5992184120485848
https://comptox.epa.gov/dashboard/chemical/details/DTXSID0047084,2-Acetylpyrrole,1072-83-9,C6H7NO,109.052764,1,326,0,Inactive,3.124391908653411e-8,0.034569085986289855,0.04032420747413031,100,2
https://comptox.epa.gov/dashboard/chemical/details/DTXSID1044356,N-Benzylethanolamine,104-63-2,C9H13NO,151.099714,2,326,1,Inactive,4.298826834296628e-14,0.04311114899326094,0.05028836796963215,100,2
https://comptox.epa.gov/dashboard/chemical/details/DTXSID9044320,Diethylamine hydrochloride,660-68-4,C4H12ClN,109.065827,2,326,1,Inactive,5.405819814744871e-8,0.1835039676663419,0.2140540269834841,99.50000000000001,1.9978230807457256
https://comptox.epa.gov/dashboard/chemical/details/DTXSID0044498,"N,N-Diethyl-N-methylethanaminium chloride",10052-47-8,C7H18ClN,151.112777,0,326,0,Inactive,7.021496949523183e-7,0.30013449152437527,0.35010140306201487,100,2
https://comptox.epa.gov/dashboard/chemical/details/DTXSID6035156,2-Phenylethyl propionate,122-70-3,C11H14O2,178.099380,14,328,4,Inactive,-9.12373442833606e-9,-0.12640094756697176,0.14744439689955127,96.50000000000001,1.9845273133437926
https://comptox.epa.gov/dashboard/chemical/details/DTXSID5042249,Phenylarsine oxide,637-03-6,C6H5AsO,167.955635,182,332,55,Inactive,-0.000005970873133540183,-0.47821151926479,0.5578250037331135,0.4115,-0.3856301604517114
https://comptox.epa.gov/dashboard/chemical/details/DTXSID4041575,Diglycolic acid,110-99-6,C4H6O5,134.021523,2,326,1,Inactive,-5.039612588373845e-11,-0.15753050796573648,0.18375646059125844,100.5,2.002166061756508
https://comptox.epa.gov/dashboard/chemical/details/DTXSID2044763,Parbenate,10287-53-3,C11H15NO2,193.110279,16,326,5,Inactive,5.413270875484771e-7,0.2716035149376538,0.3168205399295966,100.00000000000001,2
https://comptox.epa.gov/dashboard/chemical/details/DTXSID7044847,Tetraisopropyl methylenediphosphonate,1660-95-3,C13H30O6P2,344.151763,6,326,2,Inactive,-5.368606611196529e-12,-0.051494351529805964,0.06006722062762162,100,2
https://comptox.epa.gov/dashboard/chemical/details/DTXSID8044880,2-[2-(2-Propoxyethoxy)ethoxy]ethanol,23305-64-8,C9H20O4,192.136159,1,326,0,Inactive,5.11735405103599e-11,0.15347620960912187,0.17902719560117475,100,2
https://comptox.epa.gov/dashboard/chemical/details/DTXSID8041321,"2,3-Butanediol",513-85-9,C4H10O2,90.068080,2,326,1,Inactive,7.275707991231063e-18,0.2460681324980578,0.2870339826618138,185.4285076744914,2.268176503130872
https://comptox.epa.gov/dashboard/chemical/details/DTXSID0041692,Dimethyl acetylsuccinate,10420-33-4,C8H12O5,188.068473,2,326,1,Inactive,-3.5998776915832907e-9,-0.1309820275402197,0.1527881430249217,100,2
https://comptox.epa.gov/dashboard/chemical/details/DTXSID2044509,"3,4,5,6-Tetrachloropyridine-2-carboxylic acid",10469-09-7,C6HCl4NO2,258.876139,15,326,5,Inactive,2.8253737695538393e-11,0.07392823159372179,0.08623593201634258,100,2
https://comptox.epa.gov/dashboard/chemical/details/DTXSID7041467,"3,4-Dichloro-5-isothiazolecarboxylic acid",18480-53-0,C4HCl2NO2S,196.910505,27,326,8,Inactive,-0.000004508814452313956,-0.16819196172650047,0.1961928516950151,100,2
https://comptox.epa.gov/dashboard/chemical/details/DTXSID5025603,N-Methyl-N-hydroxyethylamine,109-83-1,C3H9NO,75.068414,0,326,0,Inactive,-2.673901994559095e-8,-0.015321280541793526,0.017871993942265803,100,2
https://comptox.epa.gov/dashboard/chemical/details/DTXSID4044955,Sodium nicotinate,54-86-4,C6H4NNaO2,145.013973,1,331,0,Inactive,2.5172911582421993e-16,0.15861414956091466,0.1850205087216861,19.842514273951732,1.297596701392754
https://comptox.epa.gov/dashboard/chemical/details/DTXSID3040728,"Phosphoric acid, dibutyl ester",107-66-4,C8H19O4P,210.102096,5,331,2,Inactive,3.401228132739983e-10,0.15337065570563924,0.17890406890047383,100,2
https://comptox.epa.gov/dashboard/chemical/details/DTXSID4041317,"2,3,5-Triiodobenzoic acid",88-82-4,C7H3I3O2,499.726710,12,326,4,Inactive,1.9862186188217576e-9,0.0816591176520983,0.09525386941568467,100,2
https://comptox.epa.gov/dashboard/chemical/details/DTXSID5041190,(4S)-4-(1-Methylethenyl)-1-cyclohexene-1-carboxaldehyde,18031-40-8,C10H14O,150.104465,14,326,4,Inactive,1.916275036913459e-8,0.038966887769817646,0.045454162938368146,100.00000000000001,2
https://comptox.epa.gov/dashboard/chemical/details/DTXSID5044863,Ethyl 3-acetyl-4-oxopentanoate,18835-02-4,C9H14O4,186.089209,1,326,0,Inactive,-2.522010012676938e-9,-0.12054007072970639,0.1406077911049999,100,2
https://comptox.epa.gov/dashboard/chemical/details/DTXSID9041528,4-Pyridinecarbonitrile,100-48-1,C6H4N2,104.037448,1,326,0,Inactive,1.6513824586728214e-7,0.26203015097149085,0.3056533856996577,100,2
https://comptox.epa.gov/dashboard/chemical/details/DTXSID6047236,(S)-Citronellene,10281-55-7,C10H18,138.140851,1,326,0,Inactive,-6.331408879314282e-13,-0.018356221104730973,0.021412196682369492,100,2
https://comptox.epa.gov/dashboard/chemical/details/DTXSID2044929,1-(Methylsulfanyl)dodecane,3698-89-3,C13H28S,216.191172,6,326,2,Inactive,5.552247146759399e-12,0.33286957498879566,0.38828628008843613,56.730296214159935,1.7538150512156676
https://comptox.epa.gov/dashboard/chemical/details/DTXSID5041356,"2,4-DB-sodium",10433-59-7,C10H9Cl2NaO3,269.982644,6,326,2,Inactive,1.5471128486070101e-16,0.2361013749151507,0.2754079419624183,44.060865643532516,1.6440530252822123
https://comptox.epa.gov/dashboard/chemical/details/DTXSID7044502,"2,2'-[Benzene-1,3-diylbis(oxy)]diethanol",102-40-9,C10H14O4,198.089209,4,326,1,Inactive,0.0000013639180284778798,0.1491924660788278,0.1740302870063091,100,2
https://comptox.epa.gov/dashboard/chemical/details/DTXSID3041405,2-Chloro-4-nitrobenzamide,3011-89-0,C7H5ClN2O3,199.998870,2,329,1,Inactive,0,-0.04332885324883892,0.05054231600787098,0.0496852572565784,-1.3037724571808371
https://comptox.epa.gov/dashboard/chemical/details/DTXSID3032622,Hymexazol,10004-44-1,C4H5NO2,99.032028,2,331,1,Inactive,0,0.10940132801787894,0.12761465115646828,5.477197684986906,0.7385584159241516
https://comptox.epa.gov/dashboard/chemical/details/DTXSID0041359,"2,4-Dichloro-3,5-dimethylphenol",133-53-9,C8H8Cl2O,189.995220,50,329,15,Inactive,-0.9979058795842052,-1.1696741584421058,1.3644035442780993,162.64714672502546,2.211246448973877
https://comptox.epa.gov/dashboard/chemical/details/DTXSID0044361,Hexanedihydrazide,1071-93-8,C6H14N4O2,174.111676,3,326,1,Inactive,0,-0.10656525711473734,0.12430642624259633,25.81920837457242,1.4119429225227575
https://comptox.epa.gov/dashboard/chemical/details/DTXSID0042327,Dipropylene glycol dimethyl ether,111109-77-4,, ,6,330,2,Inactive,1.5739810808463404e-7,0.005001244529791579,0.005833860407190344,100,2
https://comptox.epa.gov/dashboard/chemical/details/DTXSID0044999,"4-(3-Methyl-5-oxo-4,5-dihydro-1H-pyrazol-1-yl)benzenesulfonic acid",89-36-1,C10H10N2O4S,254.036128,1,326,0,Inactive,6.452823571419252e-7,0.2727957700061969,0.3182112836931165,100,2
https://comptox.epa.gov/dashboard/chemical/details/DTXSID8044678,Orphenadrine dihydrogen citrate,4682-36-4,C24H31NO8,461.204967,25,326,8,Inactive,6.92475220652138e-18,0.09650947884254193,0.11257654453491457,5.182444103421643,0.7145346265967808
https://comptox.epa.gov/dashboard/chemical/details/DTXSID5041518,4-Methoxybenzeneethanol,702-23-8,C9H12O2,152.083730,4,326,1,Inactive,8.67150517437251e-14,0.16443346634121742,0.19180863546879426,100,2
https://comptox.epa.gov/dashboard/chemical/details/DTXSID8044911,Isooctyl 3-mercaptopropionate,30374-01-7,, ,5,326,2,Inactive,1.1340622869234149e-7,0.24225775583696868,0.2825892478748634,100,2
https://comptox.epa.gov/dashboard/chemical/details/DTXSID1044934,"4,5-Dihydroxy-1,3-dimethylimidazolidin-2-one",3923-79-3,C5H10N2O3,146.069142,3,444,1,Inactive,0,0.09313579560256599,0.10864120464844085,2.3162335132982643,0.3647823410764107
https://comptox.epa.gov/dashboard/chemical/details/DTXSID6044773,Ethylene glycol phenyl ether methacrylate,10595-06-9,C12H14O3,206.094294,21,326,6,Inactive,0,0.28529173765566257,0.332787601744653,19.842513545467515,1.2975966854483694
https://comptox.epa.gov/dashboard/chemical/details/DTXSID6041507,4-Chloro-2-methylanisole,3260-85-3,C8H9ClO,156.034193,3,326,1,Inactive,0,0.17110466857767115,0.19959047104267472,24.143155429689305,1.3827940303075517
https://comptox.epa.gov/dashboard/chemical/details/DTXSID3025540,Thimerosal,54-64-8,C9H9HgNaO2S,405.992738,196,332,59,Inactive,0,-0.12645894337902697,0.14751204795514677,0.8808645524418767,-0.05509086644543428
https://comptox.epa.gov/dashboard/chemical/details/DTXSID5025231,Emodin,518-82-1,C15H10O5,270.052823,112,334,34,Inactive,-4.077885073795252e-9,-0.135077607489419,0.15756556223883725,100,2
https://comptox.epa.gov/dashboard/chemical/details/DTXSID9044796,(Acryloyloxy)(tributyl)stannane,13331-52-7,C15H30O2Sn,362.126782,202,344,59,Inactive,0,0.21614315768642062,0.2521270460583652,0.0003390000043175141,-3.4698002962657304
https://comptox.epa.gov/dashboard/chemical/details/DTXSID0044317,8-Hydroxyquinoline-5-sulfonic acid hydrate (1:x),207386-92-3,, ,8,326,2,Inactive,2.0921968787939804e-7,0.13994334025387042,0.16324135064658482,100,2
https://comptox.epa.gov/dashboard/chemical/details/DTXSID6040664,Crotamiton,483-63-6,C13H17NO,203.131014,9,326,3,Inactive,-2.994244286308723e-8,-0.11338241112397815,0.13225851189394244,100,2
https://comptox.epa.gov/dashboard/chemical/details/DTXSID0041513,4-Chloropyridine 1-oxide,1121-76-2,C5H4ClNO,128.998142,0,326,0,Inactive,6.2937223367877705e-12,0.260927817317387,0.30436753362386293,0.08577863089030338,-1.0666208898005072
https://comptox.epa.gov/dashboard/chemical/details/DTXSID7041388,2-(Methacryloyloxy)ethyl acetoacetate,21282-97-3,C10H14O5,214.084124,2,326,1,Inactive,-1.1625321912471434e-17,-0.10518765876308722,0.12269948292422249,0.36725143781096176,-0.4350364952459581
https://comptox.epa.gov/dashboard/chemical/details/DTXSID8031077,Curcumin,458-37-7,C21H20O6,368.125988,255,473,54,Inactive,0,0.2855553801698699,0.333095135922621,8.571028011164618,0.9330329144320457
https://comptox.epa.gov/dashboard/chemical/details/DTXSID1041423,N-Vinylcaprolactam,2235-00-9,C8H13NO,139.099714,1,326,0,Inactive,2.2108934358631033e-7,0.019478664260026906,0.02272150612404873,100,2
https://comptox.epa.gov/dashboard/chemical/details/DTXSID1044938,Ethenylsilanetriyl triacetate,4130-08-9,C8H12O6Si,232.040315,19,444,4,Inactive,-1.7408296401585068e-15,-0.267689185815873,0.3122545464957141,23.806978028519445,1.3767042711364121
https://comptox.epa.gov/dashboard/chemical/details/DTXSID6041185,"(2,4-Dichlorophenyl)acetonitrile",6306-60-1,C8H5Cl2N,184.979905,4,326,1,Inactive,0,0.18497917183601367,0.21577482570602308,27.699079115103405,1.4424653307295345
https://comptox.epa.gov/dashboard/chemical/details/DTXSID7044762,"2-(3,4-Epoxycyclohexyl)ethyltriethoxy silane",10217-34-2,C14H28O4Si,288.175686,0,326,0,Inactive,9.36459179541836e-13,0.24194151601001834,0.28222035989215577,171.00482474269873,2.233008363781458
https://comptox.epa.gov/dashboard/chemical/details/DTXSID8044759,"1,1,3,3,5,5,7,7-Octamethyltetrasiloxane",1000-05-1,C8H26O3Si4,282.095901,6,341,2,Inactive,3.452177509863201e-11,0.2806125147733045,0.3273293737081716,19.842559047561835,1.2975976813547487
https://comptox.epa.gov/dashboard/chemical/details/DTXSID8040278,Iodenphos,18181-70-9,C8H8Cl2IO3PS,411.835350,76,329,23,Inactive,2.3659436215240727e-8,0.028997777777838154,0.03382537819675134,33.35,1.523095838252568
https://comptox.epa.gov/dashboard/chemical/details/DTXSID0044862,Undecanedioic acid,1852-04-6,C11H20O4,216.136159,5,329,2,Inactive,0.000035409121190130094,0.26016356922159106,0.3034760521774398,100,2
https://comptox.epa.gov/dashboard/chemical/details/DTXSID4041529,4'-Sulfamylacetanilide,121-61-9,C8H10N2O3S,214.041213,0,329,0,Inactive,4.933775873610491e-9,0.10742666168574821,0.12531123894300683,100,2
https://comptox.epa.gov/dashboard/chemical/details/DTXSID1041396,2-Butanethiol,513-53-1,C4H10S,90.050321,1,326,0,Inactive,3.647953560966422e-7,0.16615750956213726,0.19381970040011215,4.45,0.6483600109809317
https://comptox.epa.gov/dashboard/chemical/details/DTXSID4044951,2-Hydroxyethyl methacrylate phosphate,52628-03-2,, ,0,326,0,Inactive,1.5442821872904858e-8,0.18024334972742256,0.21025057570580208,100,2
https://comptox.epa.gov/dashboard/chemical/details/DTXSID1041263,1-Chloro-2-methyl-3-nitrobenzene,83-42-1,C7H6ClNO2,171.008706,0,326,0,Inactive,4.539436443646427e-22,0.33913162618385884,0.3955908484447849,0.08521527281011439,-1.069482561304593
https://comptox.epa.gov/dashboard/chemical/details/DTXSID0037570,Methabenzthiazuron,18691-97-9,C10H11N3OS,221.062283,27,326,8,Inactive,8.261226899461201e-15,0.08656452254902675,0.10097593464144182,100,2
https://comptox.epa.gov/dashboard/chemical/details/DTXSID6044355,Dibenzylamine,103-49-1,C14H15N,197.120449,8,326,2,Inactive,3.4139019527417674e-11,0.42229746176892213,0.49260227681236,175.60439592042357,2.244535383438461
https://comptox.epa.gov/dashboard/chemical/details/DTXSID7044897,"2-Ethylpropane-1,3-diol",2612-29-5,C5H12O2,104.083730,0,326,0,Inactive,2.823886193689026e-7,0.2825232616282365,0.3295582250188304,100,2
https://comptox.epa.gov/dashboard/chemical/details/DTXSID4041361,"2,4-Dichloro-6-nitroaniline",2683-43-4,C6H4Cl2N2O2,205.964983,12,326,4,Inactive,0.000033511345830713294,0.3436704666287563,0.4008853229317473,100.00000000000001,2
https://comptox.epa.gov/dashboard/chemical/details/DTXSID4041238,"1,3-Cyclohexanedimethanamine",2579-20-6,C8H18N2,142.146999,3,328,1,Inactive,0,0.19369345997548615,0.22593988367327178,25.19109796009103,1.401247096740558
https://comptox.epa.gov/dashboard/chemical/details/DTXSID5035163,"1,2,4-Trimethoxybenzene",135-77-3,C9H12O3,168.078644,3,326,1,Inactive,2.8906267131538995e-9,0.09790384947017297,0.11420305240691116,100,2
https://comptox.epa.gov/dashboard/chemical/details/DTXSID3042500,Triphenyltin fluoride,379-52-2,C18H15FSn,370.017981,201,329,61,Inactive,0.0000532692941124159,0.20703021195302365,0.2414969612884141,1.235,0.09166695759568456
https://comptox.epa.gov/dashboard/chemical/details/DTXSID3030636,Doxorubicin hydrochloride,25316-40-9,C27H30ClNO11,579.150738,173,424,41,Inactive,0,-0.5480199239141952,0.6392552328585546,25.71761324893055,1.410230660950596
https://comptox.epa.gov/dashboard/chemical/details/DTXSID0041983,Fluoroglycofen-ethyl,77501-90-7,C18H13ClF3NO7,447.033264,37,326,11,Inactive,-1.765194517148634e-8,-0.13649946267842386,0.1592241303497309,100,2
https://comptox.epa.gov/dashboard/chemical/details/DTXSID7041540,5-Nitroisophthalic acid,618-88-2,C8H5NO6,211.011687,1,326,0,Inactive,4.858129512516367e-9,0.06424372931323968,0.07493913697244906,100,2
https://comptox.epa.gov/dashboard/chemical/details/DTXSID0047454,Diprogulic acid,18467-77-1,C12H18O7,274.105253,3,326,1,Inactive,0,-0.145634789761442,0.16988032255526864,24.340412451691513,1.3863279331371035
https://comptox.epa.gov/dashboard/chemical/details/DTXSID6042365,"6-Ethoxy-2,2,4-trimethyl-1,2,3,4-tetrahydroquinoline",16489-90-0,C14H21NO,219.162314,23,326,7,Inactive,-0.000005062656049808114,-0.0424138159786196,0.04947494174331798,99.99999999999999,2
https://comptox.epa.gov/dashboard/chemical/details/DTXSID2042143,Methyl 1-naphthaleneacetate,2876-78-0,C13H12O2,200.083730,10,326,3,Inactive,2.3944076360065054e-8,0.11018833164899314,0.12853267651926004,100,2
https://comptox.epa.gov/dashboard/chemical/details/DTXSID0044315,"1,5-Naphthalenedisulfonic acid, disodium salt hydrate",207569-02-6,C10H8Na2O7S2,349.950684,2,326,1,Inactive,2.9958583107322945e-9,0.14995937436110093,0.17492487151167543,100,2
https://comptox.epa.gov/dashboard/chemical/details/DTXSID8037596,Simetryn,1014-70-6,C8H15N5S,213.104817,5,326,2,Inactive,0,0.11361635402825399,0.13253140201932387,9.448606999943344,0.9753677855641862
https://comptox.epa.gov/dashboard/chemical/details/DTXSID2041460,3-(Trifluoromethyl)benzoic acid,454-92-2,C8H5F3O2,190.024164,1,326,0,Inactive,9.336973898898228e-10,0.020186311073652125,0.02354696320851858,100,2
https://comptox.epa.gov/dashboard/chemical/details/DTXSID9047469,"N,N,N',N'-Tetramethyltrimethylenediamine",110-95-2,C7H18N2,130.146999,1,326,0,Inactive,5.3306908694072044e-8,0.33839977180209363,0.39473715367417817,5.4,0.7323937598229685
https://comptox.epa.gov/dashboard/chemical/details/DTXSID4035209,Oxypurinol,2465-59-0,C5H4N4O2,152.033425,1,329,0,Inactive,0,0.05266790180836804,0.0614361455952308,0.08230000125099013,-1.0846001581862952
https://comptox.epa.gov/dashboard/chemical/details/DTXSID9032375,Diflufenzopyr-sodium,109293-98-3,C15H11F2N4NaO3,356.069691,5,331,2,Inactive,6.171811940806269e-9,0.11452341385898208,0.13358947074640087,100,2
https://comptox.epa.gov/dashboard/chemical/details/DTXSID5037731,"4,4'-(9H-Fluorene-9,9-diyl)diphenol",3236-71-3,C25H18O2,350.130680,280,447,63,Inactive,0.00007653585136840619,0.4159192397485555,0.48516219730990123,11.1,1.0453229787866574
https://comptox.epa.gov/dashboard/chemical/details/DTXSID3042263,Pentachlorothioanisole,1825-19-0,C7H3Cl5S,293.839810,52,326,16,Inactive,-8.436514837047097e-9,-0.03742152344604528,0.04365152367739288,100,2
https://comptox.epa.gov/dashboard/chemical/details/DTXSID00858881,EPAMED_Water_Set2-15,NOCAS_858881,, ,3,82,4,Inactive,0,0.3811854763923338,0.444645896691218,1.31024666209031,0.11735306199218032
https://comptox.epa.gov/dashboard/chemical/details/DTXSID8047056,"N,N-Didodecyl-1-dodecanamine",102-87-4,C36H75N,521.589951,2,326,1,Inactive,-1.3221092192959203e-11,-0.15208749892098014,0.177407289945226,92,1.9637878273455553
https://comptox.epa.gov/dashboard/chemical/details/DTXSID5025609,Methyl formate,107-31-3,C2H4O2,60.021129,3,326,1,Inactive,3.37589538025243e-10,0.07758820032339364,0.09050521869816719,8.35,0.921686475483602
https://comptox.epa.gov/dashboard/chemical/details/DTXSID3041615,Aziprotryne,4658-28-0,C7H11N7S,225.079665,18,326,6,Inactive,8.682482664446788e-9,0.23224631602174994,0.2709110861674998,176.7814620334173,2.2474367213178716
https://comptox.epa.gov/dashboard/chemical/details/DTXSID6041844,Glucurolactone,32449-92-6,C6H8O6,176.032088,1,326,0,Inactive,0,0.1579903563011271,0.1842928652763658,24.967966941765106,1.3973831806405148
https://comptox.epa.gov/dashboard/chemical/details/DTXSID9041441,(2-Methylphenoxy)acetic acid,1878-49-5,C9H10O3,166.062994,3,326,1,Inactive,8.151513485373797e-13,0.2544475672878723,0.2968084403120518,177.33603199870552,2.248796986634945
https://comptox.epa.gov/dashboard/chemical/details/DTXSID9041362,"2,4-Dichlorobenzyl alcohol",1777-82-8,C7H6Cl2O,175.979570,1,326,0,Inactive,1.0559054616359814e-8,0.30229342160868705,0.3526197555772204,100,2
https://comptox.epa.gov/dashboard/chemical/details/DTXSID5041699,Buturon,3766-60-7,C12H13ClN2O,236.071641,18,326,6,Inactive,0.00003150264209500903,0.2685071073134249,0.31320863698505813,100,2
https://comptox.epa.gov/dashboard/chemical/details/DTXSID1044354,N-Butyldiethanolamine,102-79-4,C8H19NO2,161.141579,5,448,1,Inactive,6.5140571639341504e-12,0.14680750374371918,0.17124827199853457,100,2
https://comptox.epa.gov/dashboard/chemical/details/DTXSID1044772,Citronellyl formate,105-85-1,C11H20O2,184.146330,14,328,4,Inactive,0,0.20615939564014527,0.24048116996300006,1.678038914840874,0.2248020281879659
https://comptox.epa.gov/dashboard/chemical/details/DTXSID1044936,"(2,4,6-Trioxo-1,3,5-triazinane-1,3,5-triyl)triethane-2,1-diyl trisprop-2-enoate",40220-08-4,C18H21N3O9,423.127779,146,329,44,Inactive,-1.112035969700913e-8,-0.0495264087445685,0.05777165130882025,33.35,1.523095838252568
https://comptox.epa.gov/dashboard/chemical/details/DTXSID7044504,Cadmium dinitrate,10325-94-7,CdN2O6,237.879001,122,329,37,Inactive,-0.0011367342646505818,-0.724827258826133,0.845497760033402,2.352232425757929,0.3714802324708183
https://comptox.epa.gov/dashboard/chemical/details/DTXSID3041035,(6)-Gingerol,23513-14-6,C17H26O4,294.183109,13,143,9,Inactive,0.0000025617801277950266,0.1889814753252519,0.22044343963288493,100,2
https://comptox.epa.gov/dashboard/chemical/details/DTXSID00872663,Bisdemethoxycurcumin,33171-05-0,C19H16O4,308.104859,101,229,44,Inactive,-0.000001238859938036846,-0.18278001591569476,0.21320955048775228,100,2
https://comptox.epa.gov/dashboard/chemical/details/DTXSID30865801,Tetrahydrocurcumin,36062-04-1,C21H24O6,372.157288,33,162,20,Inactive,-3.946765105490691e-7,-0.20815113162383322,0.24280449361326312,100,2
https://comptox.epa.gov/dashboard/chemical/details/DTXSID1026081,"3,3',5,5'-Tetrabromobisphenol A",79-94-7,C15H12Br4O2,539.757082,309,747,41,Inactive,-1.1203049215248705e-12,-0.12565315166901603,0.1465721066414452,31.649999999999995,1.500373714353374
https://comptox.epa.gov/dashboard/chemical/details/DTXSID8030423,"5,6-Benzoflavone",6051-87-2,C19H12O2,272.083730,69,344,20,Inactive,-1.651403657528647e-18,-0.23394795039447364,0.27289601158664556,0.0028921059225223535,-2.538785805179526
https://comptox.epa.gov/dashboard/chemical/details/DTXSID60858882,EPAMED_Water_Set2-16,NOCAS_858882,, ,1,82,1,Inactive,3.6599257110384515e-8,0.05062038838513639,0.05904775858039318,5,0.6989700043360189
https://comptox.epa.gov/dashboard/chemical/details/DTXSID9032589,Bromadiolone,28772-56-7,C30H23BrO4,526.077972,210,489,43,Inactive,0.0009062819021033887,0.5229433843217997,0.6100039073922683,95,1.9777236052888478
https://comptox.epa.gov/dashboard/chemical/details/DTXSID60858867,EPAMED_Water_Set2-1,NOCAS_858867,, ,1,82,1,Inactive,1.3930293683932976e-9,0.03954527361078709,0.046128839458904475,5,0.6989700043360189
https://comptox.epa.gov/dashboard/chemical/details/DTXSID50858876,EPAMED_Water_Set2-10,NOCAS_858876,, ,1,82,1,Inactive,0,-0.25251288111864884,0.29455166422847123,1.217992077484281,0.08564446340683217
https://comptox.epa.gov/dashboard/chemical/details/DTXSID10858877,EPAMED_Water_Set2-11,NOCAS_858877,, ,2,82,2,Inactive,0,0.16714911261624854,0.19497638725326824,1.2400200426180263,0.09342870478164325
https://comptox.epa.gov/dashboard/chemical/details/DTXSID70858878,EPAMED_Water_Set2-12,NOCAS_858878,, ,3,82,4,Inactive,3.169405286976151e-10,0.03899549849153179,0.04548753682273533,5.000000000000001,0.6989700043360189
https://comptox.epa.gov/dashboard/chemical/details/DTXSID30858879,EPAMED_Water_Set2-13,NOCAS_858879,, ,3,82,4,Inactive,0,0.25889600977005034,0.3019974672264233,1.292765810127798,0.11151985776437393
https://comptox.epa.gov/dashboard/chemical/details/DTXSID40858880,EPAMED_Water_Set2-14,NOCAS_858880,, ,2,82,2,Inactive,2.4098456054711976e-7,0.1335378941124626,0.15576951470412062,5,0.6989700043360189
https://comptox.epa.gov/dashboard/chemical/details/DTXSID20858883,EPAMED_Water_Set2-17,NOCAS_858883,, ,1,82,1,Inactive,-1.0926750824607335e-9,-0.008854800342803936,0.010328962886286253,5,0.6989700043360189
https://comptox.epa.gov/dashboard/chemical/details/DTXSID80858884,EPAMED_Water_Set2-18,NOCAS_858884,, ,3,82,4,Inactive,-3.3554036771086346e-17,-0.1754367511228519,0.2046437662155991,2.4984733789256803,0.3976747264232836
https://comptox.epa.gov/dashboard/chemical/details/DTXSID40858885,EPAMED_Water_Set2-19,NOCAS_858885,, ,2,82,2,Inactive,0.0000014141697328985258,0.2475802106844588,0.2887977942514439,5,0.6989700043360189
https://comptox.epa.gov/dashboard/chemical/details/DTXSID20858868,EPAMED_Water_Set2-2,NOCAS_858868,, ,2,82,2,Inactive,2.7580487686933646e-7,0.29005253837838296,0.338340988842076,5.000000000000001,0.6989700043360189
https://comptox.epa.gov/dashboard/chemical/details/DTXSID00858886,EPAMED_Water_Set2-20,NOCAS_858886,, ,2,82,2,Inactive,5.621056445281345e-10,0.0784412463382332,0.09150028129545464,5,0.6989700043360189
https://comptox.epa.gov/dashboard/chemical/details/DTXSID60858887,EPAMED_Water_Set2-21,NOCAS_858887,, ,3,82,4,Inactive,-1.5609260822696396e-7,-0.13025899966593923,0.15194474421409898,5,0.6989700043360189
https://comptox.epa.gov/dashboard/chemical/details/DTXSID20858888,EPAMED_Water_Set2-22,NOCAS_858888,, ,3,82,4,Inactive,6.643611361023697e-11,0.002650201885378154,0.0030914120991426767,5,0.6989700043360189
https://comptox.epa.gov/dashboard/chemical/details/DTXSID80858889,EPAMED_Water_Set2-23,NOCAS_858889,, ,3,82,4,Inactive,-3.952097571646389e-9,-0.018103273037585004,0.021117137381587874,5,0.6989700043360189
https://comptox.epa.gov/dashboard/chemical/details/DTXSID90858890,EPAMED_Water_Set2-24,NOCAS_858890,, ,1,82,1,Inactive,0,-0.16297855634397534,0.19011150952776582,1.215030182620543,0.08458706639749133
https://comptox.epa.gov/dashboard/chemical/details/DTXSID50858891,EPAMED_Water_Set2-25,NOCAS_858891,, ,3,82,4,Inactive,0,0.09283186696411694,0.10828667744228301,0.0041200000533204734,-2.385102778346286
https://comptox.epa.gov/dashboard/chemical/details/DTXSID10858892,EPAMED_Water_Set2-26,NOCAS_858892,, ,0,82,0,Inactive,0,0.10411424074176642,0.12144736040598822,0.004120000045572167,-2.385102779163045
https://comptox.epa.gov/dashboard/chemical/details/DTXSID70858893,EPAMED_Water_Set2-27,NOCAS_858893,, ,2,82,2,Inactive,0,0.1178781347594301,0.13750269141012098,1.198117804445225,0.07849952198083002
https://comptox.epa.gov/dashboard/chemical/details/DTXSID30858894,EPAMED_Water_Set2-28,NOCAS_858894,, ,1,82,1,Inactive,0.000010366980532095296,0.19450288625182283,0.2268840646422149,5,0.6989700043360189
https://comptox.epa.gov/dashboard/chemical/details/DTXSID90858895,EPAMED_Water_Set2-29,NOCAS_858895,, ,3,82,4,Inactive,5.615173525599736e-13,0.05003118420695416,0.05836046266707144,5,0.6989700043360189
https://comptox.epa.gov/dashboard/chemical/details/DTXSID80858869,EPAMED_Water_Set2-3,NOCAS_858869,, ,2,82,2,Inactive,-8.668892941662009e-8,-0.08132912496552253,0.09486893897338995,5,0.6989700043360189
https://comptox.epa.gov/dashboard/chemical/details/DTXSID50858896,EPAMED_Water_Set2-30,NOCAS_858896,, ,3,82,4,Inactive,-2.5550589630766677e-9,-0.0954555143444815,0.11134711419628739,5,0.6989700043360189
https://comptox.epa.gov/dashboard/chemical/details/DTXSID10858897,EPAMED_Water_Set2-31,NOCAS_858897,, ,2,82,2,Inactive,-1.984102753854584e-7,-0.08574992731704001,0.1000257241801326,5,0.6989700043360189
https://comptox.epa.gov/dashboard/chemical/details/DTXSID70858898,EPAMED_Water_Set2-32,NOCAS_858898,, ,3,82,4,Inactive,1.1923055558398343e-9,0.02738350246786317,0.031942355528879425,5,0.6989700043360189
https://comptox.epa.gov/dashboard/chemical/details/DTXSID30858899,EPAMED_Water_Set2-33,NOCAS_858899,, ,1,82,1,Inactive,0,-0.12759830912051448,0.1488410972845644,1.181469679001123,0.0724225804656623
https://comptox.epa.gov/dashboard/chemical/details/DTXSID80858900,EPAMED_Water_Set2-34,NOCAS_858900,, ,0,82,0,Inactive,0.0000016790112113867436,0.1804341991556197,0.21047319807834594,5,0.6989700043360189
https://comptox.epa.gov/dashboard/chemical/details/DTXSID40858901,EPAMED_Water_Set2-35,NOCAS_858901,, ,2,82,2,Inactive,4.603622604579643e-9,0.02039353367342906,0.023788684586690048,5,0.6989700043360189
https://comptox.epa.gov/dashboard/chemical/details/DTXSID00858902,EPAMED_Water_Set2-36,NOCAS_858902,, ,3,82,4,Inactive,3.224888661941719e-8,0.0006302885392689907,0.0007352200702132908,5,0.6989700043360189
https://comptox.epa.gov/dashboard/chemical/details/DTXSID60858903,EPAMED_Water_Set2-37,NOCAS_858903,, ,5,82,6,Inactive,-2.089736778308884e-11,-0.040538181799664695,0.04728704872793006,5,0.6989700043360189
https://comptox.epa.gov/dashboard/chemical/details/DTXSID20858904,EPAMED_Water_Set2-38,NOCAS_858904,, ,2,82,2,Inactive,1.7970537948124206e-11,0.020674999749048777,0.024117009623537133,5,0.6989700043360189
https://comptox.epa.gov/dashboard/chemical/details/DTXSID90858870,EPAMED_Water_Set2-4,NOCAS_858870,, ,2,82,2,Inactive,-0.0000010121312400857026,-0.057475942768196786,0.06704463756650085,5,0.6989700043360189
https://comptox.epa.gov/dashboard/chemical/details/DTXSID80858905,EPAMED_Water_Set2-39,NOCAS_858905,, ,4,82,5,Inactive,-0.000003392866690228145,-0.14407632438098406,0.16806240115093182,5,0.6989700043360189
https://comptox.epa.gov/dashboard/chemical/details/DTXSID4044581,2-tert-Butyl-4-ethylphenol,96-70-8,C12H18O,178.135765,155,628,25,Inactive,0.00027732978971870914,0.1095981427338178,0.1278442319282199,33.35,1.523095838252568
https://comptox.epa.gov/dashboard/chemical/details/DTXSID7022170,"2,6-Dichlorobenzamide",2008-58-4,C7H5Cl2NO,188.974819,11,441,2,Inactive,-9.021871509144121e-9,-0.07128137969814288,0.08314842761912049,100,2
https://comptox.epa.gov/dashboard/chemical/details/DTXSID7025922,Pinane,473-55-2,C10H18,138.140851,6,335,2,Inactive,9.64536086194006e-11,0.008729179890061969,0.010182428922346037,100.00000000000001,2
https://comptox.epa.gov/dashboard/chemical/details/DTXSID0027438,Dibutyl phosphite,1809-19-4,C8H19O3P,194.107181,1,333,0,Inactive,-1.5306033809012459e-16,-0.17164881714441926,0.20022521040810093,23.764025049060887,1.375920001483777
https://comptox.epa.gov/dashboard/chemical/details/DTXSID9029192,Dimethyl carbonate,616-38-6,C3H6O3,90.031694,0,334,0,Inactive,9.78741391982811e-7,0.10658182739260261,0.12432575516910621,100,2
https://comptox.epa.gov/dashboard/chemical/details/DTXSID8027797,Tetraethylene glycol di(2-ethylhexanoate),18268-70-7,C24H46O7,446.324354,33,440,8,Inactive,1.6097208559726574e-13,0.2649668748524486,0.3090790204739453,0.13364735459817353,-0.8740396332021392
https://comptox.epa.gov/dashboard/chemical/details/DTXSID6020981,2-Nitropropane,79-46-9,C3H7NO2,89.047678,1,330,0,Inactive,5.775176984062447e-19,0.08793375336873656,0.10257311738662199,30.354159106136866,1.4822182062215508
https://comptox.epa.gov/dashboard/chemical/details/DTXSID4041234,"1,3,6-Hexanetricarbonitrile",1772-25-4,C9H11N3,161.095297,3,335,1,Inactive,-8.039404906797918e-19,-0.12388407805261069,0.14450851457617536,23.673816536978276,1.3742682776729258
https://comptox.epa.gov/dashboard/chemical/details/DTXSID1023817,Dicyclohexylcarbodiimide,538-75-0,C13H22N2,206.178299,191,454,42,Inactive,0,0.2334256026398275,0.27228670247039205,0.22963374472500234,-0.6389642919229289
https://comptox.epa.gov/dashboard/chemical/details/DTXSID2022880,Danazol,17230-88-5,C22H27NO2,337.204179,198,478,41,Active,0.9998908881100609,2.920311481029128,3.4064900095075354,6.352867214872483,0.802969777977977
https://comptox.epa.gov/dashboard/chemical/details/DTXSID6044511,Dipropyl hexanedioate,106-19-4,C12H22O4,230.151809,7,337,2,Inactive,1.0038198618596721e-12,0.09569754750799937,0.11162944146132371,100,2
https://comptox.epa.gov/dashboard/chemical/details/DTXSID8027870,"3-(Dodecenyl)dihydro-2,5-furandione",25377-73-5,, ,30,442,7,Inactive,0,-0.12829181308156745,0.14965005698979705,23.85475356394881,1.3775749343566932
https://comptox.epa.gov/dashboard/chemical/details/DTXSID3024318,Terbutryn,886-50-0,C10H19N5S,241.136117,55,451,12,Inactive,1.500130632150926e-18,0.14343952136255184,0.16731958205974737,0.2978421545625374,-0.5260138351322761
https://comptox.epa.gov/dashboard/chemical/details/DTXSID8025094,Di(2-methoxyethyl) phthalate,117-82-8,C14H18O6,282.110338,8,332,2,Inactive,6.466164244171177e-13,0.13293892747813324,0.1550708310639932,156.6807947407124,2.1950157657774785
https://comptox.epa.gov/dashboard/chemical/details/DTXSID7044479,3-(Triethoxysilyl)propane-1-thiol,14814-09-6,C9H22O3SSi,238.105892,8,332,2,Inactive,3.1909507077047844e-10,0.17723260570299962,0.2067385977859786,182.192647381299,2.2605308464780256
https://comptox.epa.gov/dashboard/chemical/details/DTXSID7044427,4-Morpholinecarboxaldehyde,4394-85-8,C5H9NO2,115.063329,2,451,0,Inactive,0,0.15779846639726852,0.1840690292079649,0.31807207899773116,-0.49747445245635397
https://comptox.epa.gov/dashboard/chemical/details/DTXSID3044384,"(2S,5R)-2-Isopropyl-5-methylcyclohexan-1-one",14073-97-3,C10H18O,154.135765,6,331,2,Inactive,-5.661263698379014e-7,-0.14739479023992627,0.1719333309708546,100,2
https://comptox.epa.gov/dashboard/chemical/details/DTXSID1020980,1-Nitropropane,108-03-2,C3H7NO2,89.047678,12,335,4,Inactive,-4.157693241416206e-12,-0.1261635647236881,0.14716749414814018,100,2
https://comptox.epa.gov/dashboard/chemical/details/DTXSID3024738,Carvyl acetate,97-42-7,C12H18O2,194.130680,6,333,2,Inactive,0,0.11786741708165052,0.1374901894347261,0.08230000251801517,-1.0846001515002444
https://comptox.epa.gov/dashboard/chemical/details/DTXSID5021380,"1,1,2-Trichloroethane",79-00-5,C2H3Cl3,131.930033,5,329,2,Inactive,0,-0.0744065300702112,0.08679385845409013,0.08230000057094697,-1.084600161774861
https://comptox.epa.gov/dashboard/chemical/details/DTXSID9044457,Tetraethylammonium bromide,71-91-0,C8H20BrN,209.077913,2,330,1,Inactive,-2.943269324467054e-15,-0.20759417432675473,0.24215481309783002,23.3797708288262,1.3688402498427596
https://comptox.epa.gov/dashboard/chemical/details/DTXSID8044383,Diphenyl sulfide,139-66-2,C12H10S,186.050321,96,439,22,Inactive,2.507832517456717e-8,0.03624222484437836,0.04227589339586248,100,2
https://comptox.epa.gov/dashboard/chemical/details/DTXSID4020294,4'-(Chloroacetyl)acetanilide,140-49-8,C10H10ClNO2,211.040006,235,461,51,Inactive,-0.00002689150212911328,-0.2316085703948631,0.2701671675407677,100,2
https://comptox.epa.gov/dashboard/chemical/details/DTXSID9021716,"2,3,4,6-Tetrachlorophenol",58-90-2,C6H2Cl4O,229.885976,142,443,32,Inactive,1.5957649660693667e-8,0.13617515196468963,0.158845827824987,100,2
https://comptox.epa.gov/dashboard/chemical/details/DTXSID6041137,Tetraethylammonium chloride,56-34-8,C8H20ClN,165.128427,1,331,0,Inactive,1.3922533182224818e-9,0.15607319252697296,0.18205652874662537,105,2.0211892990699383
https://comptox.epa.gov/dashboard/chemical/details/DTXSID7041253,"3,6-Dimethyl-2,5-dioxo-1,4-dioxane",95-96-5,C6H8O4,144.042259,3,331,1,Inactive,0.0000021705844947470423,0.1327831698872412,0.15488914267878995,100.50000000000001,2.002166061756508
https://comptox.epa.gov/dashboard/chemical/details/DTXSID0051782,3-Hydroxy-2-pyridone,16867-04-2,C5H5NO2,111.032028,14,219,6,Inactive,4.6540753458780787e-7,0.35768597837460914,0.4172341614205643,178.10896852031624,2.250685788530163
https://comptox.epa.gov/dashboard/chemical/details/DTXSID8051704,Aluminum trisacetoacetate,13963-57-0,C15H21AlO6,324.115352,3,210,1,Inactive,3.9267740262234856e-7,0.20642128616025013,0.24078666047184386,100,2
https://comptox.epa.gov/dashboard/chemical/details/DTXSID5038919,"1,3-Bis(isocyanatomethyl)benzene",3634-83-1,C10H8N2O2,188.058578,3,313,1,Inactive,0,0.3310664697375675,0.38618299074265894,24.84239181700463,1.3951934072420562
https://comptox.epa.gov/dashboard/chemical/details/DTXSID5044233,Antioxidant 1098,23128-74-7,C40H64N2O4,636.486609,22,325,7,Inactive,3.2569702119988336e-8,0.07990551401291993,0.09320832279632472,100,2
https://comptox.epa.gov/dashboard/chemical/details/DTXSID7034624,Fluopicolide,239110-15-7,C14H8Cl3F3N2O,381.965431,44,332,13,Inactive,2.9626111852880914e-7,0.3016268194159631,0.3518421762934415,100,2
https://comptox.epa.gov/dashboard/chemical/details/DTXSID6044480,Acetone thiosemicarbazide,1752-30-3,C4H9N3S,131.051718,31,206,15,Inactive,0,0.11785928303908604,0.13748070122262515,1.0151613921526692,0.0065350926427081325
https://comptox.epa.gov/dashboard/chemical/details/DTXSID4040264,Sodium pentachlorophenate,131-52-2,C6Cl5NaO,285.828947,140,322,43,Inactive,4.883455656149256e-8,0.3318873711653484,0.3871405572661932,0.0823000000785003,-1.0846001643734866
https://comptox.epa.gov/dashboard/chemical/details/DTXSID6040373,Metaflumizone,139968-49-3,C24H16F6N4O2,506.117745,41,367,11,Inactive,-8.458806093345792e-13,-0.33811149776254235,0.3944008872717375,23.501960783170126,1.371104097241397
https://comptox.epa.gov/dashboard/chemical/details/DTXSID8044416,"1,2,4-Butanetriol",3068-00-6,C4H10O3,106.062994,2,218,1,Inactive,3.081935531329994e-13,0.31502948890760846,0.36747614548495117,27.006690203808844,1.4314713626287654
https://comptox.epa.gov/dashboard/chemical/details/DTXSID1047607,3-Phenyl-2-propen-1-yl propionate,103-56-0,C12H14O2,190.099380,9,313,3,Inactive,1.5402917517959457e-21,0.11461927182445693,0.13370128731249084,0.08230251673632968,-1.0845868842532385
https://comptox.epa.gov/dashboard/chemical/details/DTXSID5040704,"1,4-Naphthoquinone",130-15-4,C10H6O2,158.036779,194,326,60,Inactive,1.1806035828323387e-7,0.039095163637242754,0.04560379439504089,11.1,1.0453229787866574
https://comptox.epa.gov/dashboard/chemical/details/DTXSID5046801,Mizolastine,108612-45-9,C24H25FN6O,432.207388,27,453,6,Inactive,0.000019125458391295415,0.4565578717869514,0.5325664194068069,46,1.662757831681574
https://comptox.epa.gov/dashboard/chemical/details/DTXSID9021550,Cyanogen bromide,506-68-3,CBrN,104.921412,2,209,1,Inactive,4.141813580730238e-7,0.06492330151214579,0.0757318455315706,100,2
https://comptox.epa.gov/dashboard/chemical/details/DTXSID3032626,Methiocarb,2032-65-7,C11H15NO2S,225.082350,82,333,25,Inactive,0.0000017777558672736772,0.11943503236533379,0.13931878403407222,100,2
https://comptox.epa.gov/dashboard/chemical/details/DTXSID2034542,Dimethenamid-P,163515-14-8,C12H18ClNO2S,275.074678,5,321,2,Inactive,-4.363882060358746e-7,-0.002415403564202604,0.0028175241455700713,100,2
https://comptox.epa.gov/dashboard/chemical/details/DTXSID7040784,n-Tridecylbenzene,123-02-4,C19H32,260.250401,0,209,0,Inactive,-2.039812419833561e-9,-0.059139280475009666,0.06898489062426663,50,1.6989700043360187
https://comptox.epa.gov/dashboard/chemical/details/DTXSID8041745,C.I. Solvent Yellow 56,2481-94-9,C16H19N3,253.157898,119,331,36,Inactive,0,0.33939304178436286,0.39589578496858774,24.443493429961283,1.3881632747674684
https://comptox.epa.gov/dashboard/chemical/details/DTXSID3025465,Isodecyl diphenyl phosphate,29761-21-5,C22H31O4P, ,135,479,28,Inactive,0.0009742636093252017,0.38883682379295176,0.4535710536988847,100,2
https://comptox.epa.gov/dashboard/chemical/details/DTXSID3047760,Tetrahydrothiophene,110-01-0,C4H8S,88.034671,5,208,2,Inactive,-1.0691475925950496e-7,-0.13423026304485328,0.15657715041914752,99.99999999999999,2
https://comptox.epa.gov/dashboard/chemical/details/DTXSID40858906,EPAMED_Water_Set2-40,NOCAS_858906,, ,2,82,2,Inactive,-6.401457049949613e-7,-0.10148550564686748,0.11838098892589548,5,0.6989700043360189
https://comptox.epa.gov/dashboard/chemical/details/DTXSID00858907,EPAMED_Water_Set2-41,NOCAS_858907,, ,4,82,5,Inactive,9.350563850841735e-16,0.17422551085887195,0.20323087656832528,8.90940946673092,0.9498489190941735
https://comptox.epa.gov/dashboard/chemical/details/DTXSID60858908,EPAMED_Water_Set2-42,NOCAS_858908,, ,3,82,4,Inactive,1.556605538401308e-8,0.14537730518021155,0.16957997149365697,5,0.6989700043360189
https://comptox.epa.gov/dashboard/chemical/details/DTXSID20858909,EPAMED_Water_Set2-43,NOCAS_858909,, ,1,82,1,Inactive,1.4884889504205692e-8,0.14517893511363078,0.16934857643378665,5,0.6989700043360189
https://comptox.epa.gov/dashboard/chemical/details/DTXSID30858910,EPAMED_Water_Set2-44,NOCAS_858910,, ,4,82,5,Inactive,3.242502417298204e-8,0.20843764995948963,0.2431387120191745,5,0.6989700043360189
https://comptox.epa.gov/dashboard/chemical/details/DTXSID90858911,EPAMED_Water_Set2-45,NOCAS_858911,, ,3,82,4,Inactive,-0.00002094491070403341,-0.213922257650346,0.2495364067261742,5,0.6989700043360189
https://comptox.epa.gov/dashboard/chemical/details/DTXSID50858912,EPAMED_Water_Set2-46,NOCAS_858912,, ,4,82,5,Inactive,3.942907510036343e-7,0.38634534218181005,0.45066478590095954,9.222411652831227,0.9648445035440926
https://comptox.epa.gov/dashboard/chemical/details/DTXSID10858913,EPAMED_Water_Set2-47,NOCAS_858913,, ,3,82,4,Inactive,5.668054269540282e-9,0.19481496401107667,0.22724809764896564,5,0.6989700043360189
https://comptox.epa.gov/dashboard/chemical/details/DTXSID70858914,EPAMED_Water_Set2-48,NOCAS_858914,, ,7,82,9,Inactive,3.053795912789229e-8,0.04126983772181993,0.048140511999026234,5,0.6989700043360189
https://comptox.epa.gov/dashboard/chemical/details/DTXSID50858871,EPAMED_Water_Set2-5,NOCAS_858871,, ,2,82,2,Inactive,7.70883533880426e-8,0.096048524508546,0.11203884972263276,5,0.6989700043360189
https://comptox.epa.gov/dashboard/chemical/details/DTXSID30858915,EPAMED_Water_Set2-49,NOCAS_858915,, ,5,82,6,Inactive,3.745843646900713e-14,0.16349053094570593,0.1907087185505863,0.004120000027811282,-2.3851027810352425
https://comptox.epa.gov/dashboard/chemical/details/DTXSID90858916,EPAMED_Water_Set2-50,NOCAS_858916,, ,6,82,7,Inactive,-1.2153054506577646e-8,-0.19638023272948807,0.22907395502277703,5,0.6989700043360189
https://comptox.epa.gov/dashboard/chemical/details/DTXSID50858917,EPAMED_Water_Set2-51,NOCAS_858917,, ,3,82,4,Inactive,0.00000270024020781622,0.15541550494022424,0.18128934818791073,5,0.6989700043360189
https://comptox.epa.gov/dashboard/chemical/details/DTXSID10858918,EPAMED_Water_Set2-52,NOCAS_858918,, ,2,82,2,Inactive,7.40748743626713e-17,0.31448522682984026,0.36684127371099307,1.3463428517648102,0.12915566885462446
https://comptox.epa.gov/dashboard/chemical/details/DTXSID70858919,EPAMED_Water_Set2-53,NOCAS_858919,, ,9,82,11,Inactive,7.276217195155475e-21,0.12304154191051149,0.1435257115534997,1.2028159460530479,0.08019917702487289
https://comptox.epa.gov/dashboard/chemical/details/DTXSID80858920,EPAMED_Water_Set2-54,NOCAS_858920,, ,2,82,2,Inactive,0,0.5694803892964364,0.6642884737983958,1.2566795662461523,0.09922455346021784
https://comptox.epa.gov/dashboard/chemical/details/DTXSID40858921,EPAMED_Water_Set2-55,NOCAS_858921,, ,2,82,2,Inactive,-0.00010829599714584036,-0.12432411046143951,0.14502180434484302,5,0.6989700043360189
https://comptox.epa.gov/dashboard/chemical/details/DTXSID00858922,EPAMED_Water_Set2-56,NOCAS_858922,, ,10,82,12,Inactive,5.123869632991891e-7,0.3177795985416271,0.37068409814828607,5,0.6989700043360189
https://comptox.epa.gov/dashboard/chemical/details/DTXSID10858872,EPAMED_Water_Set2-6,NOCAS_858872,, ,2,82,2,Inactive,1.2364202084041349e-11,0.2525554405774649,0.29460130905992454,0.002919456558861613,-2.534697982610691
https://comptox.epa.gov/dashboard/chemical/details/DTXSID70858873,EPAMED_Water_Set2-7,NOCAS_858873,, ,2,82,2,Inactive,1.941117190539775e-8,0.270968299995079,0.3160795732998971,5.000000000000001,0.6989700043360189
https://comptox.epa.gov/dashboard/chemical/details/DTXSID30858874,EPAMED_Water_Set2-8,NOCAS_858874,, ,3,82,4,Inactive,5.48649236484737e-11,0.09667580075506056,0.11277055600836097,5,0.6989700043360189
https://comptox.epa.gov/dashboard/chemical/details/DTXSID90858875,EPAMED_Water_Set2-9,NOCAS_858875,, ,2,82,2,Inactive,3.1548095848486497e-10,0.08663288673136182,0.10105568021161317,5,0.6989700043360189
https://comptox.epa.gov/dashboard/chemical/details/DTXSID9052890,AKIA112012,NOCAS_52890,, ,8,132,6,Inactive,-4.7494858957895903e-14,-0.01698381644766604,0.019811311713877774,5,0.6989700043360189
https://comptox.epa.gov/dashboard/chemical/details/DTXSID0052912,DSH spr 2012_SMTP,NOCAS_52912,, ,4,132,3,Inactive,8.100380604668593e-16,0.07954767157954043,0.09279090613299827,5,0.6989700043360189
https://comptox.epa.gov/dashboard/chemical/details/DTXSID1052901,DS-WWTP,NOCAS_52901,, ,4,132,3,Inactive,-4.0488035131576864e-11,-0.10616208814387497,0.12383613700108634,5,0.6989700043360189
https://comptox.epa.gov/dashboard/chemical/details/DTXSID6052902,EF-WWTP,NOCAS_52902,, ,9,132,7,Inactive,9.992748949667652e-13,0.014711927350168609,0.017161194572740908,5,0.6989700043360189
https://comptox.epa.gov/dashboard/chemical/details/DTXSID1052903,Extraction blank,NOCAS_52903,, ,1,132,1,Inactive,-1.7295578087563177e-13,-0.01660183883599908,0.01936574180585533,5,0.6989700043360189
https://comptox.epa.gov/dashboard/chemical/details/DTXSID9052898,FAR-UP,NOCAS_52898,, ,3,132,2,Inactive,-1.0041579959072134e-10,-0.0764347930602946,0.08915979019022746,5,0.6989700043360189
https://comptox.epa.gov/dashboard/chemical/details/DTXSID4052897,IRIA-052113,NOCAS_52897,, ,2,132,2,Inactive,-2.1727590397622105e-11,-0.09042378024331338,0.10547768826091175,5,0.6989700043360189
https://comptox.epa.gov/dashboard/chemical/details/DTXSID6052900,MX-WWTP,NOCAS_52900,, ,7,132,5,Inactive,0,-0.24787503936274402,0.28914170652026155,1.3236289059142483,0.12176624288036256
https://comptox.epa.gov/dashboard/chemical/details/DTXSID9052896,PSNJ-121112,NOCAS_52896,, ,4,132,3,Inactive,-1.0130727426607077e-7,-0.22833035240573857,0.26634318612594776,5,0.6989700043360189
https://comptox.epa.gov/dashboard/chemical/details/DTXSID9052894,RFPR-032713,NOCAS_52894,, ,4,132,3,Inactive,1.4782899691577067e-12,0.020183262655733596,0.023543407284689316,5,0.6989700043360189
https://comptox.epa.gov/dashboard/chemical/details/DTXSID1052905,Sappi 2013_Proximal,NOCAS_52905,, ,9,132,7,Inactive,-1.1644679658833858e-10,-0.16106782595482144,0.18788267742413642,5,0.6989700043360189
https://comptox.epa.gov/dashboard/chemical/details/DTXSID4052895,C111HS-041013,NOCAS_52895,, ,3,132,2,Inactive,3.044204561546747e-11,0.06429818579420347,0.0750026594629646,5,0.6989700043360189
https://comptox.epa.gov/dashboard/chemical/details/DTXSID6052904,Sappi 2013_WLSSD-EF,NOCAS_52904,, ,17,132,13,Inactive,0,-0.19796801568419709,0.2309260748420562,1.2273015946550336,0.08895129850503344
https://comptox.epa.gov/dashboard/chemical/details/DTXSID4052893,SCGA-041713,NOCAS_52893,, ,4,132,3,Inactive,1.2109711339325884e-12,0.02472666921932197,0.028843208065714422,5,0.6989700043360189
https://comptox.epa.gov/dashboard/chemical/details/DTXSID9052892,SPCO-121212,NOCAS_52892,, ,14,132,11,Inactive,1.2882041744161356e-12,0.08697598843591185,0.10145590208396726,5,0.6989700043360189
https://comptox.epa.gov/dashboard/chemical/details/DTXSID4052899,US-WWTP,NOCAS_52899,, ,3,132,2,Inactive,1.2608301741645984e-14,0.0076133810815841646,0.00888086998988566,5,0.6989700043360189
https://comptox.epa.gov/dashboard/chemical/details/DTXSID4052891,ZRMN-120612,NOCAS_52891,, ,6,132,5,Inactive,-2.1169519050600456e-13,-0.06924997204459563,0.08077882769048299,5,0.6989700043360189
https://comptox.epa.gov/dashboard/chemical/details/DTXSID1052907,DSH fall 2012_Dist,NOCAS_52907,, ,10,132,8,Inactive,-5.662676254401438e-9,-0.05458969717731434,0.06367788479571032,5,0.6989700043360189
https://comptox.epa.gov/dashboard/chemical/details/DTXSID1052909,DSH fall 2012_Erie,NOCAS_52909,, ,4,132,3,Inactive,1.2790877101891336e-13,0.00371288086401638,0.004331007720212894,5,0.6989700043360189
https://comptox.epa.gov/dashboard/chemical/details/DTXSID6052906,DSH fall 2012_Prox,NOCAS_52906,, ,10,132,8,Inactive,0,-0.13062806624809936,0.15237525364199345,0.8099107984558023,-0.09156281059257596
https://comptox.epa.gov/dashboard/chemical/details/DTXSID6052908,DSH fall 2012_Rice,NOCAS_52908,, ,3,132,2,Inactive,-4.524344839409947e-14,-0.07056374800482298,0.0823113233548388,5,0.6989700043360189
https://comptox.epa.gov/dashboard/chemical/details/DTXSID5052913,DSH spr 2012_Knife,NOCAS_52913,, ,0,132,0,Inactive,1.4342881038651944e-17,0.041240971051900485,0.0481068395557519,5,0.6989700043360189
https://comptox.epa.gov/dashboard/chemical/details/DTXSID5052911,DSH spr 2012_LSW,NOCAS_52911,, ,1,132,1,Inactive,0,-0.202535157277017,0.23625356210121143,1.2451042280528177,0.09520570787636878
https://comptox.epa.gov/dashboard/chemical/details/DTXSID0052910,DSH spr 2012_Prox,NOCAS_52910,, ,10,132,8,Inactive,-1.2124218831465554e-13,-0.04737824087823441,0.05526585272433727,5,0.6989700043360189